"year","rank","country","continent","life_sat","ci_lower","ci_upper","ex_gdp","ex_social","ex_health_le","ex_freedom","ex_generosity","ex_corruption","ex_dystopia","iso3","country_wb","gdp_pc","life_exp","health_exp","educ_exp","urban_pct","longitude","latitude","log_gdp","log_health","balanced_panel","endpoint_panel","life_exp_change"
2016,141,"Afghanistan","Asia",3.794,NA,NA,NA,NA,NA,NA,NA,NA,NA,"AFG","Afghanistan",522.082215583898,62.646,261.566866928026,4.5439600944519,24.6588345720126,66.5921613109528,34.1340260137693,6.25782507659922,5.56668995608766,TRUE,TRUE,NA
2017,145,"Afghanistan","Asia",3.632,NA,NA,NA,NA,NA,NA,NA,NA,NA,"AFG","Afghanistan",525.469770891619,62.406,294.796437277569,4.34319019317627,24.8352821238871,66.5921613109528,34.1340260137693,6.26429266419356,5.6862850750236,TRUE,TRUE,-0.240000000000002
2018,154,"Afghanistan","Asia",3.203,NA,NA,NA,NA,NA,NA,NA,NA,NA,"AFG","Afghanistan",491.337221382603,62.443,345.587947038119,NA,24.9991645191406,66.5921613109528,34.1340260137693,6.19713069731161,5.84524716085333,TRUE,TRUE,0.036999999999999
2019,153,"Afghanistan","Asia",2.56690001487732,2.5055296421051,2.62827038764954,0.300705850124359,0.356433838605881,0.266051530838013,0,0.135234713554382,0.00122578535228968,1.50723564624786,"AFG","Afghanistan",496.6025042585,62.941,383.16489590585,NA,25.1437258839803,66.5921613109528,34.1340260137693,6.20778991586945,5.94846543413911,TRUE,TRUE,0.498000000000005
2020,149,"Afghanistan","Asia",2.523,2.449,2.596,0.37,0,0.126,0,0.122,0.01,1.895,"AFG","Afghanistan",510.787063366811,61.454,401.16333264641,NA,25.2622103446137,66.5921613109528,34.1340260137693,6.23595279761764,5.99436865770971,TRUE,TRUE,-1.487
2021,146,"Afghanistan","Asia",2.404,2.339,2.469,0.758,0,0.289,0,0.089,0.005,1.263,"AFG","Afghanistan",356.496214115892,60.417,461.176859296471,NA,25.3478620272481,66.5921613109528,34.1340260137693,5.8763236202072,6.13378161215013,TRUE,TRUE,-1.037
2022,137,"Afghanistan","Asia",1.859,1.795,1.923,0.645,0,0.087,0,0.093,0.059,0.976,"AFG","Afghanistan",357.261152798144,65.617,490.161282127766,NA,25.3939250580909,66.5921613109528,34.1340260137693,5.87846703479195,6.19473448414714,TRUE,TRUE,5.2
2023,143,"Afghanistan","Asia",1.721,1.667,1.775,0.628,0,0.242,0,0.091,0.088,0.672,"AFG","Afghanistan",413.757894705303,66.035,329.823207832857,NA,25.4730529631167,66.5921613109528,34.1340260137693,6.02528100736797,5.79855677706405,TRUE,TRUE,0.417999999999992
2016,140,"Angola","Africa",3.795,NA,NA,NA,NA,NA,NA,NA,NA,NA,"AGO","Angola",2082.37343594705,61.619,185.680811061882,2.75493664582725,64.2992302517989,17.651768783079,-12.1674240626679,7.64126359713868,5.22402913001934,FALSE,FALSE,NA
2017,142,"Angola","Africa",3.795,NA,NA,NA,NA,NA,NA,NA,NA,NA,"AGO","Angola",2832.14997950512,62.122,195.202071011548,2.46687881104886,65.0850525086068,17.651768783079,-12.1674240626679,7.94879141227614,5.27403528361302,FALSE,FALSE,0.503
2016,109,"Albania","Europe",4.644,NA,NA,NA,NA,NA,NA,NA,NA,NA,"ALB","Albania",4457.63412207495,78.643,806.720912809582,3.91997003555298,55.5738734464276,20.0610827672695,41.1416589489166,8.40237343836482,6.69297777550623,TRUE,TRUE,NA
2017,112,"Albania","Europe",4.586,NA,NA,NA,NA,NA,NA,NA,NA,NA,"ALB","Albania",5006.36012951959,78.9,832.955874831663,3.54673004150391,55.980276426546,20.0610827672695,41.1416589489166,8.51846440898062,6.72498066937325,TRUE,TRUE,0.257000000000005
2018,107,"Albania","Europe",4.719,NA,NA,NA,NA,NA,NA,NA,NA,NA,"ALB","Albania",5897.65452588774,79.238,891.451398571055,3.08201370407389,56.377000259892,20.0610827672695,41.1416589489166,8.68231001286951,6.79285091935167,TRUE,TRUE,0.337999999999994
2019,105,"Albania","Europe",4.88269996643066,4.77271318435669,4.99268674850464,0.906653046607971,0.830483913421631,0.846329629421234,0.46194589138031,0.171027764678001,0.0253612846136093,1.64089703559875,"ALB","Albania",6069.43903131027,79.467,992.412571745731,3.8701798915863,56.7639071287255,20.0610827672695,41.1416589489166,8.71102146319477,6.90013891976011,TRUE,TRUE,0.228999999999999
2020,93,"Albania","Europe",5.117,5.001,5.234,1.008,0.529,0.646,0.491,0.168,0.024,2.25,"ALB","Albania",6027.91350716348,77.824,1070.47456964305,3.32505011558533,57.1408592155544,20.0610827672695,41.1416589489166,8.70415621113042,6.97585735215957,TRUE,TRUE,-1.643
2021,90,"Albania","Europe",5.199,5.076,5.321,1.439,0.646,0.719,0.511,0.138,0.028,1.718,"ALB","Albania",7242.45513146613,76.844,1170.78955897245,3.00555992126465,57.5077187031778,20.0610827672695,41.1416589489166,8.88771553445222,7.06543363692048,TRUE,TRUE,-0.980000000000004
2022,83,"Albania","Europe",5.277,5.148,5.406,1.449,0.951,0.48,0.549,0.133,0.037,1.678,"ALB","Albania",7756.96188744253,78.769,1439.68526510585,2.72977995872498,57.8643477747383,20.0610827672695,41.1416589489166,8.95634602716728,7.27217980278232,TRUE,TRUE,1.92500000000001
2023,87,"Albania","Europe",5.304,5.168,5.44,1.438,0.924,0.638,0.69,0.138,0.049,1.428,"ALB","Albania",9740.7023414631,79.602,1464.53502823031,3.09153008460998,58.2106086137857,20.0610827672695,41.1416589489166,9.18406850301664,7.28929308419979,TRUE,TRUE,0.832999999999998
2016,21,"United Arab Emirates","Asia",6.648,NA,NA,NA,NA,NA,NA,NA,NA,NA,"ARE","United Arab Emirates",42721.1136110991,82.195,2609.56776026083,NA,84.5093991669984,54.2792052578958,24.1825029230913,10.6624485409699,7.86693987750657,TRUE,TRUE,NA
2017,20,"United Arab Emirates","Asia",6.774,NA,NA,NA,NA,NA,NA,NA,NA,NA,"ARE","United Arab Emirates",43733.6242018215,82.388,2724.26767839967,NA,84.686675718659,54.2792052578958,24.1825029230913,10.6858725177582,7.9099549291081,TRUE,TRUE,0.193000000000012
2018,21,"United Arab Emirates","Asia",6.825,NA,NA,NA,NA,NA,NA,NA,NA,NA,"ARE","United Arab Emirates",47135.3478795605,82.449,3076.76825892095,NA,84.8601805824625,54.2792052578958,24.1825029230913,10.7607784842965,8.03163505851796,TRUE,TRUE,0.0609999999999928
2019,21,"United Arab Emirates","Asia",6.79080009460449,6.71103143692017,6.87056875228882,1.43108642101288,1.25117099285126,0.787814438343048,0.652936100959778,0.280655980110168,0.220213517546654,2.1669659614563,"ARE","United Arab Emirates",45938.6084572227,82.596,3409.700148469,3.86019992828369,85.0298263388195,54.2792052578958,24.1825029230913,10.7350611853451,8.13437963341094,TRUE,TRUE,0.147000000000006
2020,25,"United Arab Emirates","Asia",6.561,6.484,6.637,1.555,0.86,0.594,0.67,0.236,0.223,2.422,"ARE","United Arab Emirates",37991.738387966,81.936,3787.52209458405,3.98417997360229,85.1955255681984,54.2792052578958,24.1825029230913,10.5451240042284,8.23946728335415,TRUE,TRUE,-0.659999999999997
2021,24,"United Arab Emirates","Asia",6.576,6.492,6.66,1.998,0.98,0.633,0.702,0.204,0.25,1.809,"ARE","United Arab Emirates",44118.4936214315,79.083,3497.46239096119,3.89404010772705,85.3571908511355,54.2792052578958,24.1825029230913,10.6946343300246,8.15979295336136,TRUE,TRUE,-2.85300000000001
2022,26,"United Arab Emirates","Asia",6.571,6.486,6.656,2.015,1.223,0.401,0.745,0.188,0.247,1.752,"ARE","United Arab Emirates",50759.7590190204,80.487,3313.26672094376,NA,85.5147347682487,54.2792052578958,24.1825029230913,10.8348591743588,8.10568990643748,TRUE,TRUE,1.404
2023,22,"United Arab Emirates","Asia",6.733,6.643,6.823,1.983,1.164,0.563,0.815,0.209,0.258,1.741,"ARE","United Arab Emirates",49850.6945082084,82.909,3727.12127967465,NA,85.6680699002526,54.2792052578958,24.1825029230913,10.816787707253,8.22339143978015,TRUE,TRUE,2.42200000000001
2016,24,"Argentina","South America",6.599,NA,NA,NA,NA,NA,NA,NA,NA,NA,"ARG","Argentina",12699.9623137756,76.105,2021.34394435431,5.54548978805542,91.5856817228217,-64.5323850384308,-35.6972705181201,9.44935430502304,7.61151788815597,TRUE,TRUE,NA
2017,29,"Argentina","South America",6.388,NA,NA,NA,NA,NA,NA,NA,NA,NA,"ARG","Argentina",14532.5009308511,76.543,2399.4439117441,5.45432996749878,91.6776028433824,-64.5323850384308,-35.6972705181201,9.58414286362856,7.78299228604869,TRUE,TRUE,0.438000000000002
2018,47,"Argentina","South America",6.086,NA,NA,NA,NA,NA,NA,NA,NA,NA,"ARG","Argentina",11752.7998922979,76.77,2483.24297206173,4.87773990631104,91.7679941327998,-64.5323850384308,-35.6972705181201,9.37184677989226,7.81732063495423,TRUE,TRUE,0.22699999999999
2019,55,"Argentina","South America",5.97469997406006,5.86995410919189,6.07944583892822,1.02846562862396,1.37254369258881,0.849773705005646,0.520840346813202,0.0701004713773727,0.0604150593280792,2.07254099845886,"ARG","Argentina",9955.97478680428,76.847,2379.69410922038,4.77165985107422,91.8567844513802,-64.5323850384308,-35.6972705181201,9.20592813102187,7.77472723286775,TRUE,TRUE,0.0769999999999982
2020,57,"Argentina","South America",5.929,5.819,6.04,1.162,0.98,0.646,0.544,0.069,0.067,2.461,"ARG","Argentina",8535.59938004389,75.878,2389.92172226818,5.27689981460571,91.9439026594897,-64.5323850384308,-35.6972705181201,9.05200085889565,7.77901589220015,TRUE,TRUE,-0.968999999999994
2021,57,"Argentina","South America",5.967,5.844,6.09,1.592,1.102,0.662,0.555,0.081,0.085,1.891,"ARG","Argentina",10738.0179223384,73.948,2895.42396128468,4.65393018722534,92.0292776175651,-64.5323850384308,-35.6972705181201,9.28154580003853,7.97088682532453,TRUE,TRUE,-1.93000000000001
2022,52,"Argentina","South America",6.024,5.9,6.147,1.59,1.388,0.427,0.587,0.088,0.082,1.861,"ARG","Argentina",13962.1894087223,75.806,3006.97925522648,4.79263019561768,92.112838186126,-64.5323850384308,-35.6972705181201,9.54410819845482,8.00869128413749,TRUE,TRUE,1.858
2023,48,"Argentina","South America",6.188,6.07,6.306,1.562,1.381,0.585,0.681,0.087,0.08,1.812,"ARG","Argentina",14261.8465667948,77.395,3089.30758524707,5.00324010848999,92.1945132257907,-64.5323850384308,-35.6972705181201,9.56534317834743,8.03570226233725,TRUE,TRUE,1.589
2016,121,"Armenia","Asia",4.376,NA,NA,NA,NA,NA,NA,NA,NA,NA,"ARM","Armenia",3524.42476874707,74.8682926829268,1078.44064546615,2.75812005996704,64.5928753345316,45.0549083196526,40.1784127423068,8.16747251575901,6.98327142997647,TRUE,TRUE,NA
2017,129,"Armenia","Asia",4.321,NA,NA,NA,NA,NA,NA,NA,NA,NA,"ARM","Armenia",3869.05373867752,75.2170731707317,1278.00393260604,2.70759010314941,64.7124948593667,45.0549083196526,40.1784127423068,8.26076524415627,7.15305471208927,TRUE,TRUE,0.348780487804888
2018,116,"Armenia","Asia",4.559,NA,NA,NA,NA,NA,NA,NA,NA,NA,"ARM","Armenia",4196.00562301769,75.619512195122,1314.58826586654,2.11331180512289,64.8502833795679,45.0549083196526,40.1784127423068,8.3418883096053,7.1812787897791,TRUE,TRUE,0.402439024390304
2019,116,"Armenia","Asia",4.67679977416992,4.56195306777954,4.7916464805603,0.808262407779694,1.03457689285278,0.775857269763947,0.378075808286667,0.107225738465786,0.104618184268475,1.46816158294678,"ARM","Armenia",4597.22887399548,76.2219512195122,1738.55875811611,2.15984239839771,65.0047033570428,45.0549083196526,40.1784127423068,8.4332089822535,7.46081174904537,TRUE,TRUE,0.602439024390208
2020,86,"Armenia","Asia",5.283,5.168,5.397,0.996,0.758,0.585,0.54,0.079,0.198,2.127,"ARM","Armenia",4268.68093304583,73.3756097560976,1844.10278234491,2.70555996894836,65.174217253699,45.0549083196526,40.1784127423068,8.35906014352105,7.51974814136195,TRUE,TRUE,-2.8463414634146
2021,82,"Armenia","Asia",5.399,5.278,5.519,1.434,0.82,0.668,0.558,0.054,0.21,1.654,"ARM","Armenia",4685.17997128509,72.2780487804878,2024.83372763285,2.76784992218018,65.3572875314441,45.0549083196526,40.1784127423068,8.45215960829652,7.61324286635851,TRUE,TRUE,-1.09756097560981
2022,79,"Armenia","Asia",5.342,5.213,5.47,1.466,1.134,0.443,0.551,0.053,0.16,1.534,"ARM","Armenia",6571.97445545099,74.7658536585366,1967.40198089754,2.4918999671936,65.5624462874485,45.0549083196526,40.1784127423068,8.79056959227361,7.58446915993875,TRUE,TRUE,2.48780487804881
2023,82,"Armenia","Asia",5.455,5.35,5.56,1.444,1.154,0.603,0.65,0.051,0.173,1.379,"ARM","Armenia",8159.08720967996,77.4658536585366,2032.61543604151,2.43869996070862,65.6956882008852,45.0549083196526,40.1784127423068,9.00688758014235,7.61707863490956,TRUE,TRUE,2.7
2016,9,"Australia","Oceania",7.284,NA,NA,NA,NA,NA,NA,NA,NA,NA,"AUS","Australia",50084.4440606385,82.4487804878049,5026.32603186604,NA,87.0166295249235,134.022771709162,-25.6973376739831,10.8214657410669,8.52244458505376,TRUE,TRUE,NA
2017,10,"Australia","Oceania",7.272,NA,NA,NA,NA,NA,NA,NA,NA,NA,"AUS","Australia",54117.547718609,82.5,5095.82682017981,NA,87.12809266445,134.022771709162,-25.6973376739831,10.8989137693329,8.53617721319335,TRUE,TRUE,0.0512195121951038
2018,11,"Australia","Oceania",7.228,NA,NA,NA,NA,NA,NA,NA,NA,NA,"AUS","Australia",57410.1737346009,82.7487804878049,5319.0923121222,NA,87.2267680845925,134.022771709162,-25.6973376739831,10.9579768093651,8.57905794975664,TRUE,TRUE,0.248780487804893
2019,12,"Australia","Oceania",7.22279977798462,7.14079141616821,7.30480813980103,1.31039643287659,1.47714626789093,1.02260768413544,0.621877193450928,0.324973613023758,0.33599641919136,2.1298041343689,"AUS","Australia",55194.7585097428,82.9,5464.56914820707,NA,87.3019647888406,134.022771709162,-25.6973376739831,10.9186232732231,8.60604055911427,TRUE,TRUE,0.151219512195112
2020,11,"Australia","Oceania",7.183,7.102,7.265,1.453,1.076,0.801,0.647,0.291,0.317,2.598,"AUS","Australia",51983.4523666382,83.2,6059.41888561149,5.38625001907349,87.2713470458985,134.022771709162,-25.6973376739831,10.8586807232012,8.70936918100184,TRUE,TRUE,0.299999999999997
2021,12,"Australia","Oceania",7.162,7.081,7.244,1.9,1.203,0.772,0.676,0.258,0.341,2.011,"AUS","Australia",60758.9044397144,83.3,6764.38828026716,5.34109020233154,87.2353407632761,134.022771709162,-25.6973376739831,11.014668925601,8.81942711231344,TRUE,TRUE,0.0999999999999943
2022,12,"Australia","Oceania",7.095,7.009,7.18,1.899,1.497,0.532,0.677,0.242,0.31,1.938,"AUS","Australia",65169.5191118657,83.2,7128.30827548489,5.05915021896362,87.3343268253813,134.022771709162,-25.6973376739831,11.0847471403191,8.87182921674027,TRUE,TRUE,-0.0999999999999943
2023,10,"Australia","Oceania",7.057,6.973,7.141,1.854,1.461,0.692,0.756,0.225,0.323,1.745,"AUS","Australia",65058.3773146674,83.0512195121951,7690.82499337234,NA,87.4866955653765,134.022771709162,-25.6973376739831,11.0830402583494,8.94778333806826,TRUE,TRUE,-0.148780487804899
2016,13,"Austria","Europe",7.006,NA,NA,NA,NA,NA,NA,NA,NA,NA,"AUT","Austria",45061.4993920192,81.6414634146342,5533.68204105967,5.50954008102417,67.7218061923556,13.797778364631,47.6318582698958,10.715783488888,8.6186087031595,TRUE,TRUE,NA
2017,12,"Austria","Europe",7.139,NA,NA,NA,NA,NA,NA,NA,NA,NA,"AUT","Austria",47163.7425775142,81.6439024390244,5710.79107264942,5.40181016921997,67.9051196052802,13.797778364631,47.6318582698958,10.7613807106525,8.65011283467392,TRUE,TRUE,0.00243902439019905
2018,10,"Austria","Europe",7.246,NA,NA,NA,NA,NA,NA,NA,NA,NA,"AUT","Austria",51194.0749841299,81.6926829268293,5968.05550478901,5.25437021255493,68.1046787227623,13.797778364631,47.6318582698958,10.843379081365,8.69417644224065,TRUE,TRUE,0.0487804878049047
2019,9,"Austria","Europe",7.29419994354248,7.22880411148071,7.35959577560425,1.31728553771973,1.43744492530823,1.00093352794647,0.603368878364563,0.25550976395607,0.281256139278412,2.39844608306885,"AUT","Austria",49885.9947355204,81.8951219512195,6428.20230300818,5.23678016662598,68.3176044750522,13.797778364631,47.6318582698958,10.8174955757225,8.76845019851652,TRUE,TRUE,0.202439024390188
2020,10,"Austria","Europe",7.268,7.198,7.337,1.492,1.062,0.782,0.64,0.215,0.292,2.784,"AUT","Austria",48716.4098900349,81.1926829268293,6691.04851151445,5.57961988449097,68.5410177924001,13.797778364631,47.6318582698958,10.7937712110405,8.80852586902024,TRUE,TRUE,-0.702439024390188
2021,11,"Austria","Europe",7.163,7.089,7.237,1.931,1.165,0.774,0.623,0.193,0.329,2.148,"AUT","Austria",53648.6437976214,81.190243902439,7692.77119242585,5.48071002960205,68.773601700253,13.797778364631,47.6318582698958,10.890211469037,8.94803636070879,TRUE,TRUE,-0.00243902439031274
2022,11,"Austria","Europe",7.097,7.018,7.176,1.927,1.382,0.535,0.63,0.191,0.31,2.124,"AUT","Austria",52336.7725223758,81.2951219512195,7995.77913940313,5.27749013900757,68.998085127906,13.797778364631,47.6318582698958,10.8654545104911,8.98666907385351,TRUE,TRUE,0.104878048780506
2023,14,"Austria","Europe",6.905,6.824,6.986,1.885,1.336,0.696,0.703,0.214,0.305,1.766,"AUT","Austria",56579.504175468,81.7926829268293,7883.78122774931,NA,69.2265358276021,13.797778364631,47.6318582698958,10.9434020815699,8.97256291899736,TRUE,TRUE,0.497560975609801
2016,85,"Azerbaijan","Asia",5.234,NA,NA,NA,NA,NA,NA,NA,NA,NA,"AZE","Azerbaijan",3880.6852276838,72.568,635.626475256824,2.90340995788574,55.7574797205266,48.6345926706443,40.3920509942049,8.26376702209762,6.45461108775482,FALSE,TRUE,NA
2017,87,"Azerbaijan","Asia",5.201,NA,NA,NA,NA,NA,NA,NA,NA,NA,"AZE","Azerbaijan",4147.1981423222,72.694,576.529979498239,2.4738199710846,56.4331887124691,48.6345926706443,40.3920509942049,8.33018823878237,6.35702734095588,FALSE,TRUE,0.126000000000005
2018,90,"Azerbaijan","Asia",5.208,NA,NA,NA,NA,NA,NA,NA,NA,NA,"AZE","Azerbaijan",4739.7943123408,73.016,580.508543069207,2.45543003082275,57.1841534654123,48.6345926706443,40.3920509942049,8.46374901972665,6.36390451777248,FALSE,TRUE,0.322000000000003
2019,89,"Azerbaijan","Asia",5.16480016708374,5.09777355194092,5.23182678222656,0.990272700786591,1.18061304092407,0.731134057044983,0.467734724283218,0.0401132144033909,0.247307181358337,1.50763297080994,"AZE","Azerbaijan",4805.75371765917,73.29,691.39652893836,3.1764600276947,58.1308191977779,48.6345926706443,40.3920509942049,8.47756917021831,6.538713507137,FALSE,TRUE,0.274000000000001
2020,90,"Azerbaijan","Asia",5.171,5.091,5.25,1.025,0.841,0.541,0.526,0.043,0.276,1.919,"AZE","Azerbaijan",4229.91064904503,70.312,879.073654044431,4.33204984664917,58.2934691761937,48.6345926706443,40.3920509942049,8.34993614866002,6.77886868717182,FALSE,TRUE,-2.97800000000001
2021,92,"Azerbaijan","Asia",5.173,5.082,5.265,1.458,1.093,0.56,0.601,0.023,0.341,1.098,"AZE","Azerbaijan",5408.04535175023,70.999,933.373898853166,3.7020800113678,58.3659969744818,48.6345926706443,40.3920509942049,8.59564300373613,6.83880586960766,FALSE,TRUE,0.686999999999998
2023,101,"Azerbaijan","Asia",4.893,4.768,5.018,1.433,0.876,0.496,0.668,0.112,0.199,1.11,"AZE","Azerbaijan",7133.02838048328,74.429,992.839281257224,3.66036009788513,58.5075350483702,48.6345926706443,40.3920509942049,8.87249116102847,6.90056879924106,FALSE,TRUE,NA
2016,154,"Burundi","Africa",2.905,NA,NA,NA,NA,NA,NA,NA,NA,NA,"BDI","Burundi",232.937812100153,60.789,54.5137586969562,4.69199991226196,15.6180905635494,29.8851822784529,-3.26125199327864,5.45077151708362,3.99845312296342,FALSE,FALSE,NA
2017,156,"Burundi","Africa",2.905,NA,NA,NA,NA,NA,NA,NA,NA,NA,"BDI","Burundi",246.060725714184,61.345,52.9257518800933,4.76202011108398,16.6241273909209,29.8851822784529,-3.26125199327864,5.50557835796598,3.96889002344044,FALSE,FALSE,0.555999999999997
2018,145,"Burundi","Africa",3.775,NA,NA,NA,NA,NA,NA,NA,NA,NA,"BDI","Burundi",245.661678332009,61.806,54.9567533380086,5.07863998413086,17.6820221982475,29.8851822784529,-3.26125199327864,5.50395529801796,4.00654657298887,FALSE,FALSE,0.460999999999999
2019,140,"Burundi","Africa",3.77530002593994,3.56534004211426,3.98526000976563,0,0.403575271368027,0.295212835073471,0.275399059057236,0.187401786446571,0.212186828255653,2.40150737762451,"BDI","Burundi",234.31061590725,62.18,70.5143316631699,5.34668445378401,18.786178154187,29.8851822784529,-3.26125199327864,5.45664765352382,4.25581597516083,FALSE,FALSE,0.374000000000002
2020,140,"Burundi","Africa",3.775,3.565,3.985,0,0.062,0.155,0.298,0.172,0.212,2.876,"BDI","Burundi",252.702452750006,62.569,84.301690937684,5.32158506838731,19.9309984273971,29.8851822784529,-3.26125199327864,5.5322127205204,4.4344019233794,FALSE,FALSE,0.389000000000003
2016,17,"Belgium","Europe",6.891,NA,NA,NA,NA,NA,NA,NA,NA,NA,"BEL","Belgium",41854.5498296444,81.4390243902439,5285.85296978273,6.48613023757935,86.4507790979645,4.67501015469649,50.6182138854095,10.6419557875625,8.57278927975331,TRUE,TRUE,NA
2017,16,"Belgium","Europe",6.927,NA,NA,NA,NA,NA,NA,NA,NA,NA,"BEL","Belgium",44035.3239358548,81.4926829268293,5509.57633043985,6.44915008544922,86.6731739531869,4.67501015469649,50.6182138854095,10.6927474075394,8.61424300816344,TRUE,TRUE,0.0536585365854023
2018,18,"Belgium","Europe",6.923,NA,NA,NA,NA,NA,NA,NA,NA,NA,"BEL","Belgium",47487.2100392561,81.5951219512195,5782.49056208068,6.38883018493652,86.8883449485575,4.67501015469649,50.6182138854095,10.7682156914337,8.6625897619522,TRUE,TRUE,0.102439024390193
2019,20,"Belgium","Europe",6.86350011825562,6.79613399505615,6.93086624145508,1.29584276676178,1.39867758750916,0.964901149272919,0.499805420637131,0.146966159343719,0.208724051713943,2.34862661361694,"BEL","Belgium",46716.6227467964,81.9951219512195,6176.00593172252,6.32381010055542,87.0961631189222,4.67501015469649,50.6182138854095,10.7518553277916,8.72842705215145,TRUE,TRUE,0.400000000000006
2020,20,"Belgium","Europe",6.834,6.767,6.901,1.463,0.998,0.747,0.489,0.088,0.187,2.862,"BEL","Belgium",45906.2875805246,80.6951219512195,6441.8068068689,6.75470018386841,87.2964994991269,4.67501015469649,50.6182138854095,10.7343573709923,8.77056433982159,TRUE,TRUE,-1.3
2021,19,"Belgium","Europe",6.805,6.72,6.89,1.907,1.106,0.764,0.492,0.049,0.204,2.283,"BEL","Belgium",51658.238294958,81.790243902439,6867.1206498067,6.38081979751587,87.4305564090635,4.67501015469649,50.6182138854095,10.8524049641512,8.83450017797364,TRUE,TRUE,1.0951219512195
2022,17,"Belgium","Europe",6.859,6.793,6.926,1.907,1.449,0.528,0.59,0.137,0.273,1.976,"BEL","Belgium",50639.0264882739,81.7487804878049,7359.42484510018,6.27611017227173,87.489200269855,4.67501015469649,50.6182138854095,10.8324778324681,8.90373706262319,TRUE,TRUE,-0.0414634146341086
2023,16,"Belgium","Europe",6.894,6.827,6.961,1.868,1.44,0.69,0.729,0.17,0.311,1.686,"BEL","Belgium",55244.68145811,82.4,7489.31179853622,NA,87.551492636772,4.67501015469649,50.6182138854095,10.9195273515448,8.92123218958435,TRUE,TRUE,0.651219512195112
2016,143,"Benin","Africa",3.657,NA,NA,NA,NA,NA,NA,NA,NA,NA,"BEN","Benin",1010.5338961993,59.283,102.893474066563,2.89910006523132,46.6094559006664,2.30571452883021,9.50301319961589,6.91823408026852,4.63369422067884,TRUE,TRUE,NA
2017,136,"Benin","Africa",4.141,NA,NA,NA,NA,NA,NA,NA,NA,NA,"BEN","Benin",1054.97408066814,59.528,106.024654734519,3.53558993339539,47.2942774880391,2.30571452883021,9.50301319961589,6.9612714775213,4.66367165890186,TRUE,TRUE,0.244999999999997
2018,102,"Benin","Africa",4.883,NA,NA,NA,NA,NA,NA,NA,NA,NA,"BEN","Benin",1151.7409703472,59.71,101.821094387433,2.93161988258362,47.9952829275963,2.30571452883021,9.50301319961589,7.04902996384364,4.6232172966725,TRUE,TRUE,0.182000000000002
2019,86,"Benin","Africa",5.21600008010864,5.06359195709229,5.368408203125,0.366244703531265,0.352428436279297,0.328062951564789,0.405839890241623,0.196670427918434,0.12593187391758,3.44080972671509,"BEN","Benin",1130.82135339795,59.888,94.5345382639284,2.73204741460628,48.7125500590248,2.30571452883021,9.50301319961589,7.03069950908468,4.54896525200096,TRUE,TRUE,0.177999999999997
2020,99,"Benin","Africa",5.045,4.901,5.189,0.507,0.058,0.196,0.457,0.166,0.178,3.482,"BEN","Benin",1200.19426557789,60.154,98.9993975427191,2.89898431911618,49.4461567219896,2.30571452883021,9.50301319961589,7.09023871065522,4.59511376468899,TRUE,TRUE,0.266000000000005
2021,115,"Benin","Africa",4.623,4.492,4.754,0.932,0.064,0.335,0.479,0.127,0.23,2.458,"BEN","Benin",1318.65158075198,59.61,101.015106997401,3.09692638090381,50.1961807561354,2.30571452883021,9.50301319961589,7.18436496372997,4.61527007988784,TRUE,TRUE,-0.544000000000004
2022,116,"Benin","Africa",4.374,4.244,4.504,0.924,0.242,0.124,0.481,0.114,0.253,2.235,"BEN","Benin",1266.42711031904,60.475,114.62700640552,3.0972642678305,50.9627000010887,2.30571452883021,9.50301319961589,7.14395491572794,4.74168343450649,TRUE,TRUE,0.865000000000002
2023,116,"Benin","Africa",4.377,4.245,4.51,0.914,0.128,0.284,0.567,0.112,0.252,2.121,"BEN","Benin",1394.17784721831,60.774,137.830811615783,3.22974322056608,51.7457922964593,2.30571452883021,9.50301319961589,7.24006016368371,4.92602693021678,TRUE,TRUE,0.298999999999999
2016,134,"Burkina Faso","Africa",4.032,NA,NA,NA,NA,NA,NA,NA,NA,NA,"BFA","Burkina Faso",663.742364842886,59.173,112.01351812403,NA,25.821510372001,-1.69328162118423,12.1087090363127,6.49789406942842,4.71861956154772,TRUE,TRUE,NA
2017,121,"Burkina Faso","Africa",4.424,NA,NA,NA,NA,NA,NA,NA,NA,NA,"BFA","Burkina Faso",709.091535894695,59.578,124.941359803694,5.62846994400024,25.9769918665632,-1.69328162118423,12.1087090363127,6.56398462383298,4.8278445056599,TRUE,TRUE,0.405000000000001
2018,115,"Burkina Faso","Africa",4.587,NA,NA,NA,NA,NA,NA,NA,NA,NA,"BFA","Burkina Faso",777.465618514048,59.972,102.632669494356,5.488609790802,26.0832202154822,-1.69328162118423,12.1087090363127,6.65603942251492,4.63115629817734,TRUE,TRUE,0.393999999999998
2019,112,"Burkina Faso","Africa",4.76870012283325,4.64704847335815,4.89035177230835,0.30246764421463,0.929385900497437,0.312833875417709,0.322398155927658,0.186390608549118,0.12640805542469,2.58882641792297,"BFA","Burkina Faso",764.853077774946,60.184,119.856482115719,5.45615632520251,26.1187254401157,-1.69328162118423,12.1087090363127,6.63968376018543,4.78629504465538,TRUE,TRUE,0.211999999999996
2020,113,"Burkina Faso","Africa",4.834,4.675,4.993,0.364,0.472,0.179,0.381,0.182,0.122,3.133,"BFA","Burkina Faso",825.237038782475,60.454,164.946485842284,5.21148277030166,26.3578373628627,-1.69328162118423,12.1087090363127,6.7156706648026,5.10562109306622,TRUE,TRUE,0.270000000000003
2021,113,"Burkina Faso","Africa",4.67,4.527,4.814,0.779,0.565,0.32,0.382,0.186,0.126,2.313,"BFA","Burkina Faso",895.535288442991,60.046,176.560778489083,5.24913346712028,26.8114307743017,-1.69328162118423,12.1087090363127,6.79742162713752,5.1736651711429,TRUE,TRUE,-0.408000000000001
2022,104,"Burkina Faso","Africa",4.638,4.456,4.819,0.768,0.814,0.107,0.419,0.188,0.113,2.23,"BFA","Burkina Faso",827.330843486661,60.7,203.431249231717,5.29456753304241,27.2791369742712,-1.69328162118423,12.1087090363127,6.71820466760762,5.31532810618813,TRUE,TRUE,0.654000000000003
2023,110,"Burkina Faso","Africa",4.548,4.41,4.686,0.756,0.685,0.274,0.483,0.173,0.179,1.999,"BFA","Burkina Faso",873.198061670247,61.092,223.870411080804,5.32757840997187,27.7872478365158,-1.69328162118423,12.1087090363127,6.77216240487287,5.41106736248594,TRUE,TRUE,0.391999999999996
2016,110,"Bangladesh","Asia",4.608,NA,NA,NA,NA,NA,NA,NA,NA,NA,"BGD","Bangladesh",1649.28380858601,71.075,109.412957923441,1.28183996677399,29.8753915517965,90.4321256260861,23.673728665121,7.40809641726289,4.69512932834344,TRUE,TRUE,NA
2017,115,"Bangladesh","Asia",4.5,NA,NA,NA,NA,NA,NA,NA,NA,NA,"BGD","Bangladesh",1811.08221668646,71.606,115.581150215712,2.11342875356648,30.2015798381799,90.4321256260861,23.673728665121,7.50167985535457,4.74997288252477,TRUE,TRUE,0.530999999999992
2018,125,"Bangladesh","Asia",4.456,NA,NA,NA,NA,NA,NA,NA,NA,NA,"BGD","Bangladesh",1965.24372731467,72.122,127.164276133592,2.09477473545666,30.5175656009959,90.4321256260861,23.673728665121,7.58337155086858,4.84547976345448,TRUE,TRUE,0.516000000000005
2019,107,"Bangladesh","Asia",4.83279991149902,4.75415658950806,4.91144323348999,0.556156277656555,0.868800580501556,0.694940507411957,0.604130566120148,0.176745116710663,0.176735907793045,1.75526189804077,"BGD","Bangladesh",2129.79896954606,72.625,128.629979474583,1.13094997406006,30.8228396343012,90.4321256260861,23.673728665121,7.66378287375454,4.85693990652117,TRUE,TRUE,0.503
2020,101,"Bangladesh","Asia",5.025,4.934,5.115,0.635,0.52,0.514,0.603,0.161,0.164,2.427,"BGD","Bangladesh",2248.85078828233,71.421,144.934011636458,2.13974351741877,31.1168927321524,90.4321256260861,23.673728665121,7.71817460395235,4.97627854667235,TRUE,TRUE,-1.20399999999999
2021,94,"Bangladesh","Asia",5.155,5.049,5.262,1.06,0.614,0.581,0.622,0.125,0.187,1.967,"BGD","Bangladesh",2482.84917843357,71.103,168.673210869,2.17090882504654,31.3992156886061,90.4321256260861,23.673728665121,7.81716204199339,5.12796317948525,TRUE,TRUE,-0.318000000000012
2022,118,"Bangladesh","Asia",4.282,4.148,4.416,1.133,0.513,0.355,0.617,0.139,0.165,1.361,"BGD","Bangladesh",2716.48592780431,74.265,187.217600628902,2.08538657806243,31.673734726234,90.4321256260861,23.673728665121,7.90709438571102,5.23227158007738,TRUE,TRUE,3.16200000000001
2023,129,"Bangladesh","Asia",3.886,3.778,3.994,1.122,0.249,0.513,0.775,0.14,0.167,0.919,"BGD","Bangladesh",2551.01773827307,74.672,198.520096538506,2.16213826344701,32.1578465036834,90.4321256260861,23.673728665121,7.84424767157631,5.29089033701021,TRUE,TRUE,0.406999999999996
2016,105,"Bulgaria","Europe",4.714,NA,NA,NA,NA,NA,NA,NA,NA,NA,"BGR","Bulgaria",7822.89886431732,74.8121951219512,1537.63886097561,3.81435990333557,73.1750030517578,25.2517391225619,42.8204367730244,8.96481046360935,7.33800331168412,TRUE,TRUE,NA
2017,100,"Bulgaria","Europe",4.933,NA,NA,NA,NA,NA,NA,NA,NA,NA,"BGR","Bulgaria",8697.13373333715,74.8146341463415,1661.7176383074,4.07754993438721,73.3904571533203,25.2517391225619,42.8204367730244,9.07074879442189,7.41560706826683,TRUE,TRUE,0.00243902439029853
2018,97,"Bulgaria","Europe",5.011,NA,NA,NA,NA,NA,NA,NA,NA,NA,"BGR","Bulgaria",9849.88769989118,74.9634146341464,1753.56327690919,4.05201005935669,73.600212097168,25.2517391225619,42.8204367730244,9.19521533307487,7.46940515499085,TRUE,TRUE,0.148780487804899
2019,96,"Bulgaria","Europe",5.10150003433228,5.01482677459717,5.18817329406738,1.04655468463898,1.46057891845703,0.777776896953583,0.417820066213608,0.103833712637424,0,1.29496145248413,"BGR","Bulgaria",10354.2500414088,75.1121951219512,1895.13629357267,4.21430015563965,73.7162322998047,25.2517391225619,42.8204367730244,9.24515234642743,7.54704603765985,TRUE,TRUE,0.1487804878048
2020,88,"Bulgaria","Europe",5.266,5.16,5.371,1.181,1.055,0.583,0.494,0.125,0.005,1.823,"BGR","Bulgaria",10760.7616180234,73.3560975609756,2304.21831660461,4.48298978805542,73.3239898681641,25.2517391225619,42.8204367730244,9.28366161355501,7.74249677279752,TRUE,TRUE,-1.7560975609756
2021,85,"Bulgaria","Europe",5.371,5.257,5.485,1.625,1.163,0.64,0.563,0.123,0.021,1.235,"BGR","Bulgaria",12966.8085197381,71.2121951219512,2647.59253851453,4.7092399597168,73.346765618041,25.2517391225619,42.8204367730244,9.47014818070415,7.88140603003356,TRUE,TRUE,-2.1439024390244
2022,77,"Bulgaria","Europe",5.466,5.35,5.582,1.635,1.457,0.408,0.557,0.106,0.013,1.289,"BGR","Bulgaria",13999.9113358453,74.1609756097561,2728.52436518452,4.50109004974365,73.4799164005224,25.2517391225619,42.8204367730244,9.54680627542343,7.91151621646896,TRUE,TRUE,2.9487804878049
2023,81,"Bulgaria","Europe",5.463,5.357,5.569,1.629,1.469,0.567,0.62,0.083,0.006,1.088,"BGR","Bulgaria",15854.0192893772,75.7560975609756,2969.55151843467,NA,73.7322671584613,25.2517391225619,42.8204367730244,9.67117833008472,7.99616621650046,TRUE,TRUE,1.59512195121951
2016,41,"Bahrain","Asia",6.087,NA,NA,NA,NA,NA,NA,NA,NA,NA,"BHR","Bahrain",23800.001440631,80.407,2183.97213531674,2.80248290251154,100,50.5406954022768,26.0479850153707,10.0774409201903,7.6889005782288,TRUE,TRUE,NA
2017,43,"Bahrain","Asia",6.105,NA,NA,NA,NA,NA,NA,NA,NA,NA,"BHR","Bahrain",24784.7693514607,80.407,2186.97742649899,2.21637010574341,100,50.5406954022768,26.0479850153707,10.1179846044384,7.69027569894951,TRUE,TRUE,0
2018,37,"Bahrain","Asia",6.199,NA,NA,NA,NA,NA,NA,NA,NA,NA,"BHR","Bahrain",26324.4066549559,80.412,2057.76177205495,2.38893976833662,100,50.5406954022768,26.0479850153707,10.1782517975252,7.62937415267466,TRUE,TRUE,0.00500000000000966
2019,40,"Bahrain","Asia",6.22730016708374,6.06681108474731,6.38778924942017,1.29669225215912,1.31532371044159,0.838836371898651,0.610399901866913,0.287453711032867,0.12669725716114,1.75191736221313,"BHR","Bahrain",27259.7438599327,80.471,2139.14099265495,2.11146982812491,100,50.5406954022768,26.0479850153707,10.213166309019,7.6681596221298,TRUE,TRUE,0.0589999999999975
2020,22,"Bahrain","Asia",6.647,6.514,6.779,1.409,0.899,0.662,0.661,0.246,0.139,2.631,"BHR","Bahrain",24342.8444554718,78.683,2417.16070958555,2.05801907522052,100,50.5406954022768,26.0479850153707,10.0999932231265,7.79034886983997,TRUE,TRUE,-1.788
2021,21,"Bahrain","Asia",6.647,6.514,6.779,1.854,1.029,0.625,0.693,0.199,0.155,2.092,"BHR","Bahrain",27147.8083882286,78.083,2382.4137686434,1.85115940115918,100,50.5406954022768,26.0479850153707,10.209051599755,7.77586944122945,TRUE,TRUE,-0.600000000000009
2022,42,"Bahrain","Asia",6.173,5.977,6.369,1.883,1.269,0.389,0.748,0.199,0.138,1.546,"BHR","Bahrain",30470.5219276023,80.992,2370.30442931679,1.71192127094005,100,50.5406954022768,26.0479850153707,10.3245150010619,7.77077367706855,TRUE,TRUE,2.90900000000001
2023,62,"Bahrain","Asia",5.959,5.766,6.153,NA,NA,NA,NA,NA,NA,NA,"BHR","Bahrain",29290.1284215098,81.284,2555.25121691665,1.88778167912993,100,50.5406954022768,26.0479850153707,10.2850058242953,7.84590582145079,TRUE,TRUE,0.292000000000002
2016,90,"Bosnia and Herzegovina","Europe",5.182,NA,NA,NA,NA,NA,NA,NA,NA,NA,"BIH","Bosnia and Herzegovina",4928.5665903114,77.124,1169.52029755028,4.26451015472412,48.0248845752382,17.8346724078754,44.1441535612643,8.50280347228771,7.06434894162418,TRUE,TRUE,NA
2017,93,"Bosnia and Herzegovina","Europe",5.129,NA,NA,NA,NA,NA,NA,NA,NA,NA,"BIH","Bosnia and Herzegovina",5345.01978766473,77.385,1201.05379642123,2.83868424239217,48.4918401819106,17.8346724078754,44.1441535612643,8.58392052554111,7.09095461410031,TRUE,TRUE,0.26100000000001
2018,78,"Bosnia and Herzegovina","Europe",5.386,NA,NA,NA,NA,NA,NA,NA,NA,NA,"BIH","Bosnia and Herzegovina",6047.84707207392,77.942,1302.61539018975,3.89297008514404,48.971927825824,17.8346724078754,44.1441535612643,8.70745763183762,7.17212936102005,TRUE,TRUE,0.556999999999988
2019,69,"Bosnia and Herzegovina","Europe",5.67409992218018,5.58318328857422,5.76501655578613,0.918395459651947,1.20398652553558,0.813928186893463,0.305365741252899,0.264005243778229,0.00117248704191297,2.1672420501709,"BIH","Bosnia and Herzegovina",6122.37541352353,77.394,1466.50828884821,4.04449987411499,49.4650440037758,17.8346724078754,44.1441535612643,8.71970543966436,7.29063954053124,TRUE,TRUE,-0.547999999999988
2020,64,"Bosnia and Herzegovina","Europe",5.813,5.715,5.911,1.032,0.919,0.618,0.395,0.261,0.005,2.583,"BIH","Bosnia and Herzegovina",6130.31187968266,76.04,1588.3246890005,3.01954088371123,49.9710852122997,17.8346724078754,44.1441535612643,8.72100090523517,7.37043508501325,TRUE,TRUE,-1.354
2021,67,"Bosnia and Herzegovina","Europe",5.768,5.659,5.877,1.468,1.068,0.665,0.448,0.244,0.006,1.869,"BIH","Bosnia and Herzegovina",7295.34378682258,74.567,1770.63956089257,4.13622999191284,50.4899479477034,17.8346724078754,44.1441535612643,8.89499158621009,7.47909609414013,TRUE,TRUE,-1.47300000000001
2022,71,"Bosnia and Herzegovina","Europe",5.633,5.49,5.775,1.467,1.361,0.429,0.485,0.247,0.008,1.635,"BIH","Bosnia and Herzegovina",7655.59421024383,76.777,1827.2786703255,2.97012986426524,51.0215287060993,17.8346724078754,44.1441535612643,8.94319192888637,7.51058307366045,TRUE,TRUE,2.21000000000001
2023,65,"Bosnia and Herzegovina","Europe",5.877,5.775,5.979,1.465,1.318,0.587,0.621,0.246,0,1.64,"BIH","Bosnia and Herzegovina",8663.02326458629,77.85,1989.05672091938,3.24564826597779,51.5657239834305,17.8346724078754,44.1441535612643,9.06681904739805,7.59541579575223,TRUE,TRUE,1.07299999999999
2016,67,"Belarus","Europe",5.569,NA,NA,NA,NA,NA,NA,NA,NA,NA,"BLR","Belarus",5039.77560949445,73.8268292682927,1050.702270065,4.94654989242554,76.8458709716797,27.9642520547151,53.4679137454316,8.52511683814858,6.95721404821871,FALSE,FALSE,NA
2017,73,"Belarus","Europe",5.483,NA,NA,NA,NA,NA,NA,NA,NA,NA,"BLR","Belarus",5785.54491935194,74.1292682926829,1056.47330120896,4.79500007629395,77.0208206176758,27.9642520547151,53.4679137454316,8.66311783041242,6.96269156575616,FALSE,FALSE,0.302439024390196
2018,81,"Belarus","Europe",5.323,NA,NA,NA,NA,NA,NA,NA,NA,NA,"BLR","Belarus",6360.037502312,74.1756097560976,1102.02202824589,4.83656978607178,77.2132720947266,27.9642520547151,53.4679137454316,8.75778955290672,7.00490197884691,FALSE,FALSE,0.0463414634147057
2019,75,"Belarus","Europe",5.5398998260498,5.46726226806641,5.6125373840332,1.01885449886322,1.38713932037354,0.75258857011795,0.290755867958069,0.0899330601096153,0.193607434630394,1.80699110031128,"BLR","Belarus",6837.77339645635,74.2268292682927,1305.00109860036,4.97948980331421,77.4550771852757,27.9642520547151,53.4679137454316,8.83021743078737,7.1739591615958,FALSE,FALSE,0.0512195121951038
2020,75,"Belarus","Europe",5.534,5.442,5.625,1.124,1.007,0.56,0.326,0.07,0.199,2.247,"BLR","Belarus",6542.85579976768,72.1385609756098,1598.28283021619,4.86263990402222,77.7890385790408,27.9642520547151,53.4679137454316,8.78612901577126,7.37668510078809,FALSE,FALSE,-2.0882682926829
2021,65,"Belarus","Europe",5.821,5.693,5.95,1.562,1.157,0.629,0.342,0.04,0.282,1.811,"BLR","Belarus",7489.71894713888,72.0714634146342,1784.44988282305,4.60641002655029,78.131086803694,27.9642520547151,53.4679137454316,8.92128655206075,7.48686545781913,FALSE,FALSE,-0.0670975609756113
2016,50,"Belize","North America",5.956,NA,NA,NA,NA,NA,NA,NA,NA,NA,"BLZ","Belize",6140.86713919469,71.843,448.607851047382,5.72603988647461,43.6765514309211,-88.6827351002344,17.2425247664716,8.72272123905134,6.10614912315316,FALSE,FALSE,NA
2017,49,"Belize","North America",5.956,NA,NA,NA,NA,NA,NA,NA,NA,NA,"BLZ","Belize",6071.85451846453,72.062,421.671241176752,5.95071983337402,43.4211086747287,-88.6827351002344,17.2425247664716,8.71141935937877,6.04422596107518,FALSE,FALSE,0.218999999999994
2016,58,"Bolivia","South America",5.823,NA,NA,NA,NA,NA,NA,NA,NA,NA,"BOL","Bolivia",3035.87347732132,67.392,515.772834448334,8.15062046051025,68.7446327876947,-64.4520959751121,-16.7312488393574,8.01825446351054,6.24566642522884,TRUE,TRUE,NA
2017,62,"Bolivia","South America",5.752,NA,NA,NA,NA,NA,NA,NA,NA,NA,"BOL","Bolivia",4048.40119739839,67.536,552.333472829502,8.09722995758057,69.0838016274736,-64.4520959751121,-16.7312488393574,8.30607731608547,6.31415198131636,TRUE,TRUE,0.144000000000005
2018,61,"Bolivia","South America",5.779,NA,NA,NA,NA,NA,NA,NA,NA,NA,"BOL","Bolivia",4206.8552936661,67.699,591.229168070987,8.01585960388184,69.4133879813999,-64.4520959751121,-16.7312488393574,8.34447068643752,6.38220370547885,TRUE,TRUE,0.162999999999997
2019,65,"Bolivia","South America",5.74749994277954,5.64823484420776,5.84676504135132,0.730976343154907,1.14235055446625,0.662445664405823,0.574464499950409,0.138375073671341,0.0729426369071007,2.42592859268188,"BOL","Bolivia",4203.15492855788,67.82,631.930127874865,8.09103012084961,69.7334986708387,-64.4520959751121,-16.7312488393574,8.34359069574804,6.44877883087494,TRUE,TRUE,0.120999999999995
2020,69,"Bolivia","South America",5.716,5.613,5.819,0.842,0.782,0.486,0.6,0.138,0.064,2.805,"BOL","Bolivia",3580.96761778303,62.906,665.391554348415,8.43710994720459,70.0442635528254,-64.4520959751121,-16.7312488393574,8.18338832717146,6.50037567091052,TRUE,TRUE,-4.91399999999999
2021,71,"Bolivia","South America",5.6,5.491,5.709,1.256,0.88,0.555,0.627,0.112,0.064,2.107,"BOL","Bolivia",4010.76053686204,61.427,771.477813151763,7.96216011047363,70.3450412826165,-64.4520959751121,-16.7312488393574,8.29673616238277,6.64830791332328,TRUE,TRUE,-1.479
2022,69,"Bolivia","South America",5.684,5.572,5.797,1.24,1.187,0.329,0.648,0.103,0.06,2.118,"BOL","Bolivia",4219.46113742445,67.434,742.562572770455,7.57551002502441,70.6352598708131,-64.4520959751121,-16.7312488393574,8.34746270632322,6.6101071402176,TRUE,TRUE,6.007
2023,73,"Bolivia","South America",5.784,5.674,5.895,1.217,1.179,0.488,0.719,0.1,0.061,2.02,"BOL","Bolivia",4274.70820547613,68.581,755.882068996814,7.89381980895996,70.9151414044538,-64.4520959751121,-16.7312488393574,8.36047112301234,6.62788537062084,TRUE,TRUE,1.14700000000001
2016,22,"Brazil","South America",6.635,NA,NA,NA,NA,NA,NA,NA,NA,NA,"BRA","Brazil",8836.28652735657,75.081,1312.01325973184,6.31403017044067,85.9487048448108,-54.3552066082564,-11.5246304164267,9.08662199128412,7.17931807595589,TRUE,TRUE,NA
2017,28,"Brazil","South America",6.419,NA,NA,NA,NA,NA,NA,NA,NA,NA,"BRA","Brazil",10080.5092819305,75.383,1378.92393296078,6.32047986984253,86.1982897571091,-54.3552066082564,-11.5246304164267,9.21835906435011,7.22905871525721,TRUE,TRUE,0.301999999999992
2018,32,"Brazil","South America",6.3,NA,NA,NA,NA,NA,NA,NA,NA,NA,"BRA","Brazil",9300.66164923219,75.633,1463.60459202537,6.08851003646851,86.4420719945072,-54.3552066082564,-11.5246304164267,9.13784082168939,7.28865757062672,TRUE,TRUE,0.25
2019,32,"Brazil","South America",6.37559986114502,6.29565000534058,6.45554971694946,0.952679872512817,1.36346411705017,0.766119062900543,0.483292728662491,0.131674587726593,0.106518603861332,2.57186031341553,"BRA","Brazil",9029.83326681073,75.809,1545.03321144692,5.96346998214722,86.6797991084296,-54.3552066082564,-11.5246304164267,9.10828918187852,7.34280068518296,TRUE,TRUE,0.176000000000002
2020,35,"Brazil","South America",6.33,6.245,6.415,1.028,0.944,0.571,0.514,0.142,0.117,3.015,"BRA","Brazil",7074.19378337644,74.506,1549.50140417499,5.7714900970459,86.9112186503004,-54.3552066082564,-11.5246304164267,8.86420876313866,7.34568848343907,TRUE,TRUE,-1.303
2021,38,"Brazil","South America",6.293,6.202,6.384,1.462,1.044,0.615,0.546,0.131,0.134,2.361,"BRA","Brazil",7972.5366498646,73.038,1741.85901334616,5.4969801902771,87.1360781715439,-54.3552066082564,-11.5246304164267,8.98375799590903,7.46270822035192,TRUE,TRUE,-1.468
2022,49,"Brazil","South America",6.125,5.997,6.252,1.454,1.25,0.387,0.558,0.131,0.137,2.205,"BRA","Brazil",9281.33334441234,74.872,1865.91861407951,5.61920976638794,87.349556243881,-54.3552066082564,-11.5246304164267,9.13576049481413,7.53150876527901,TRUE,TRUE,1.834
2023,44,"Brazil","South America",6.272,6.154,6.39,1.43,1.269,0.548,0.685,0.13,0.142,2.068,"BRA","Brazil",10377.5892792557,75.848,2070.43822679684,NA,87.6159710235763,-54.3552066082564,-11.5246304164267,9.2474038830466,7.63551556761992,TRUE,TRUE,0.975999999999999
2016,97,"Bhutan","Asia",5.011,NA,NA,NA,NA,NA,NA,NA,NA,NA,"BTN","Bhutan",3152.30905106786,71.119,348.426859235791,6.4044599533081,37.2745234641407,90.4671664717386,27.4216393395982,8.05589049536792,5.85342833510611,FALSE,FALSE,NA
2017,97,"Bhutan","Asia",5.082,NA,NA,NA,NA,NA,NA,NA,NA,NA,"BTN","Bhutan",3435.28804735662,71.413,352.284445101614,6.61724996566772,37.8645544995016,90.4671664717386,27.4216393395982,8.14185605772194,5.86443893195012,FALSE,FALSE,0.293999999999997
2018,95,"Bhutan","Asia",5.082,NA,NA,NA,NA,NA,NA,NA,NA,NA,"BTN","Bhutan",3400.20417245342,71.711,359.108306659599,6.47810983657837,38.4661892776975,90.4671664717386,27.4216393395982,8.13159075952287,5.88362403284865,FALSE,FALSE,0.298000000000002
2016,142,"Botswana","Africa",3.766,NA,NA,NA,NA,NA,NA,NA,NA,NA,"BWA","Botswana",6749.05994339013,64.32,936.098224863847,8.73589296358928,65.6949296854899,23.8577995699561,-22.2366090020629,8.81715850652203,6.84172041206551,TRUE,TRUE,NA
2017,146,"Botswana","Africa",3.59,NA,NA,NA,NA,NA,NA,NA,NA,NA,"BWA","Botswana",7104.96401088027,65.42,1040.93516174345,7.80924443947392,65.9456435684731,23.8577995699561,-22.2366090020629,8.8685489751954,6.94787478208678,TRUE,TRUE,1.10000000000001
2018,148,"Botswana","Africa",3.488,NA,NA,NA,NA,NA,NA,NA,NA,NA,"BWA","Botswana",7407.95940141786,66.371,953.477689114029,7.9053860532971,66.1579176461888,23.8577995699561,-22.2366090020629,8.91031029594084,6.8601160258302,TRUE,TRUE,0.950999999999993
2019,147,"Botswana","Africa",3.47889995574951,3.36023616790771,3.59756374359131,0.997548997402191,1.08569478988647,0.494101732969284,0.509089410305023,0.033407486975193,0.101786367595196,0.257240533828735,"BWA","Botswana",7172.08956480028,67.167,975.314441195716,8.3989966033446,66.3271694845464,23.8577995699561,-22.2366090020629,8.87795232276756,6.88275992279516,TRUE,TRUE,0.796000000000006
2020,146,"Botswana","Africa",3.467,3.322,3.611,1.099,0.724,0.34,0.539,0.027,0.088,0.648,"BWA","Botswana",6323.2974967659,67.643,934.200364210782,8.05833660991541,66.4488166494554,23.8577995699561,-22.2366090020629,8.75199610689105,6.83969093793175,TRUE,TRUE,0.475999999999999
2021,142,"Botswana","Africa",3.471,3.275,3.667,1.503,0.815,0.28,0.571,0.012,0.102,0.187,"BWA","Botswana",7807.88794570471,63.303,1132.08495341359,NA,66.5182767068255,23.8577995699561,-22.2366090020629,8.96288977677385,7.03181630313238,TRUE,TRUE,-4.34
2022,132,"Botswana","Africa",3.435,3.168,3.702,1.471,1.041,0.087,0.48,0.021,0.071,0.264,"BWA","Botswana",8328.7090572666,68.749,1145.9722865951,NA,66.5889787170477,23.8577995699561,-22.2366090020629,9.02746374803295,7.04400871425549,TRUE,TRUE,5.446
2023,137,"Botswana","Africa",3.383,3.209,3.558,1.445,0.969,0.241,0.567,0.014,0.082,0.066,"BWA","Botswana",7827.30027960734,69.163,1309.50101290892,NA,67.0212655349864,23.8577995699561,-22.2366090020629,8.96537293765401,7.17740143745562,TRUE,TRUE,0.414000000000001
2016,155,"Central African Republic","Africa",2.693,NA,NA,NA,NA,NA,NA,NA,NA,NA,"CAF","Central African Republic",387.176203444318,50.999,44.9683528438324,1.75408898250234,40.3808711749566,20.5207434193973,6.33139003394432,5.9588798954671,3.80595897222281,FALSE,FALSE,NA
2017,155,"Central African Republic","Africa",3.083,NA,NA,NA,NA,NA,NA,NA,NA,NA,"CAF","Central African Republic",432.324025684263,45.231,58.9096656675691,1.75365013911465,40.8151443386334,20.5207434193973,6.33139003394432,6.06917536654441,4.07600518020887,FALSE,FALSE,-5.768
2018,155,"Central African Republic","Africa",3.083,NA,NA,NA,NA,NA,NA,NA,NA,NA,"CAF","Central African Republic",455.243962859534,52.297,102.1814003234,1.56587596817535,41.2824666248606,20.5207434193973,6.33139003394432,6.12083345736555,4.62674966828516,FALSE,FALSE,7.066
2019,149,"Central African Republic","Africa",3.47589993476868,3.25014138221741,3.70165848731995,0.0410720817744732,0,0,0.292814463376999,0.253513216972351,0.0282647181302309,2.8601975440979,"CAF","Central African Republic",449.228467602439,31.53,78.3987851394366,1.76792074637361,41.7800430407332,20.5207434193973,6.33139003394432,6.10753159485989,4.36180843156585,FALSE,FALSE,-20.767
2016,7,"Canada","North America",7.316,NA,NA,NA,NA,NA,NA,NA,NA,NA,"CAN","Canada",42314.1033623905,81.94,5103.64665868687,4.81642007827759,81.3023011093703,-98.4168051786806,57.5504800446556,10.6528757222871,8.53771059431453,TRUE,TRUE,NA
2017,7,"Canada","North America",7.328,NA,NA,NA,NA,NA,NA,NA,NA,NA,"CAN","Canada",45129.7335281051,81.8078048780488,5240.51940680873,4.95998001098633,81.4018945832226,-98.4168051786806,57.5504800446556,10.7172965882635,8.56417589583947,TRUE,TRUE,-0.132195121951199
2018,9,"Canada","North America",7.278,NA,NA,NA,NA,NA,NA,NA,NA,NA,"CAN","Canada",46539.2177903178,81.8036585365854,5426.86325274867,4.88898992538452,81.5500341646653,-98.4168051786806,57.5504800446556,10.7480506294593,8.59911657616876,TRUE,TRUE,-0.00414634146339665
2019,11,"Canada","North America",7.23210000991821,7.15290546417236,7.31129455566406,1.30164766311646,1.43539190292358,1.02250194549561,0.644028127193451,0.281528919935226,0.351701855659485,2.1952691078186,"CAN","Canada",46352.9695208927,82.1585365853659,5554.96352468819,4.77293014526367,81.7363672047941,-98.4168051786806,57.5504800446556,10.744040636275,8.62244713583943,TRUE,TRUE,0.354878048780492
2020,14,"Canada","North America",7.103,7.021,7.185,1.447,1.044,0.798,0.648,0.246,0.335,2.585,"CAN","Canada",43537.8981198851,81.53,6301.47278201041,4.88794994354248,81.9509888710566,-98.4168051786806,57.5504800446556,10.6813870589307,8.74853865998081,TRUE,TRUE,-0.628536585365893
2021,15,"Canada","North America",7.025,6.943,7.107,1.886,1.188,0.783,0.659,0.217,0.368,1.924,"CAN","Canada",52886.6407813788,81.4514634146342,7017.30872572301,4.74858999252319,82.1779279079275,-98.4168051786806,57.5504800446556,10.8759060487395,8.85613505110974,TRUE,TRUE,-0.0785365853657964
2022,13,"Canada","North America",6.961,6.879,7.042,1.881,1.484,0.541,0.656,0.218,0.364,1.815,"CAN","Canada",56496.9275340663,81.0948780487805,7066.04977303279,4.84426021575928,82.3500897353968,-98.4168051786806,57.5504800446556,10.9419415357279,8.86305687191251,TRUE,TRUE,-0.356585365853704
2023,15,"Canada","North America",6.9,6.815,6.984,1.84,1.459,0.701,0.73,0.23,0.368,1.572,"CAN","Canada",54847.5370112652,81.6263414634146,7355.35531519482,NA,82.5250564408346,-98.4168051786806,57.5504800446556,10.9123125606161,8.90318394120856,TRUE,TRUE,0.531463414634104
2016,4,"Switzerland","Europe",7.494,NA,NA,NA,NA,NA,NA,NA,NA,NA,"CHE","Switzerland",83432.4111596314,83.6024390243903,7543.55137038756,4.98164987564087,76.6726675773771,8.28692879489529,46.7367812868494,11.3317921358696,8.9284483541446,TRUE,TRUE,NA
2017,5,"Switzerland","Europe",7.487,NA,NA,NA,NA,NA,NA,NA,NA,NA,"CHE","Switzerland",83610.248611484,83.5512195121951,7755.17727442833,5.01765012741089,77.9126273688843,8.28692879489529,46.7367812868494,11.3339213826056,8.95611593472117,TRUE,TRUE,-0.0512195121952033
2018,6,"Switzerland","Europe",7.48,NA,NA,NA,NA,NA,NA,NA,NA,NA,"CHE","Switzerland",87002.3382293532,83.7536585365854,7914.50417870183,4.9300799369812,79.2922201625844,8.28692879489529,46.7367812868494,11.373690273475,8.97645232710617,TRUE,TRUE,0.202439024390301
2019,3,"Switzerland","Europe",7.55989980697632,7.49127197265625,7.62852764129639,1.39077425003052,1.47240340709686,1.04053318500519,0.628954470157623,0.269055753946304,0.407945901155472,2.35026741027832,"CHE","Switzerland",85872.9702303454,83.9048780487805,8422.36020773627,5.01438999176025,80.7792907322229,8.28692879489529,46.7367812868494,11.3606243929175,9.03864537766434,TRUE,TRUE,0.151219512195098
2020,3,"Switzerland","Europe",7.571,7.5,7.643,1.566,1.079,0.816,0.653,0.204,0.413,2.839,"CHE","Switzerland",87529.7016394892,83,8749.70791610153,5.27676010131836,82.3416838515457,8.28692879489529,46.7367812868494,11.379733462055,9.07677559777753,TRUE,TRUE,-0.904878048780503
2021,4,"Switzerland","Europe",7.512,7.437,7.586,2.026,1.226,0.822,0.677,0.147,0.461,2.153,"CHE","Switzerland",96582.8687080693,83.7512195121951,9683.84251833512,5.02535009384155,84.2006477608879,8.28692879489529,46.7367812868494,11.478156661907,9.17821405587854,TRUE,TRUE,0.751219512195107
2022,8,"Switzerland","Europe",7.24,7.156,7.324,2.022,1.463,0.582,0.678,0.151,0.475,1.87,"CHE","Switzerland",97809.095567203,83.6048780487805,10574.8404131453,4.86427021026611,84.9206266284521,8.28692879489529,46.7367812868494,11.4907728534082,9.26623291284508,TRUE,TRUE,-0.146341463414601
2023,9,"Switzerland","Europe",7.06,6.973,7.147,1.97,1.425,0.747,0.759,0.173,0.498,1.488,"CHE","Switzerland",104449.75451772,84.1560975609756,10601.9331816578,NA,85.1854212679815,8.28692879489529,46.7367812868494,11.5564614167447,9.26879163909984,TRUE,TRUE,0.55121951219509
2016,20,"Chile","South America",6.652,NA,NA,NA,NA,NA,NA,NA,NA,NA,"CHL","Chile",13649.8520452803,80.295,1990.21504920164,5.36645984649658,87.6306290578181,-70.7686343173922,-37.8293828304997,9.52148396138076,7.59599797680539,TRUE,TRUE,NA
2017,25,"Chile","South America",6.476,NA,NA,NA,NA,NA,NA,NA,NA,NA,"CHL","Chile",14879.9086227187,80.61,2208.56177425467,5.43278980255127,87.8000295757281,-70.7686343173922,-37.8293828304997,9.6077671674219,7.70009680178176,TRUE,TRUE,0.314999999999998
2018,26,"Chile","South America",6.444,NA,NA,NA,NA,NA,NA,NA,NA,NA,"CHL","Chile",15659.4808675628,80.559,2315.51811363117,5.473060131073,87.9620493753008,-70.7686343173922,-37.8293828304997,9.65883181877583,7.74738874866333,TRUE,TRUE,-0.0510000000000019
2019,39,"Chile","South America",6.22849988937378,6.13888120651245,6.31811857223511,1.09699249267578,1.32328689098358,0.889260828495026,0.417482227087021,0.155579000711441,0.0628493502736092,2.28301286697388,"CHL","Chile",14496.9345640362,80.324,2384.37378889567,5.62629985809326,88.1273685623538,-70.7686343173922,-37.8293828304997,9.58169249668174,7.77669180653903,TRUE,TRUE,-0.234999999999999
2020,43,"Chile","South America",6.172,6.081,6.262,1.2,0.946,0.678,0.438,0.159,0.07,2.682,"CHL","Chile",13117.9930230086,79.349,2458.36063844753,5.62992000579834,88.2953490438375,-70.7686343173922,-37.8293828304997,9.48174007998958,7.80724999964332,TRUE,TRUE,-0.974999999999994
2021,44,"Chile","South America",6.172,6.082,6.262,1.651,1.08,0.748,0.46,0.124,0.069,2.04,"CHL","Chile",16216.1840860289,78.876,2828.84300872243,5.00225019454956,88.4660511664452,-70.7686343173922,-37.8293828304997,9.69376504019055,7.94762307620304,TRUE,TRUE,-0.472999999999999
2022,35,"Chile","South America",6.334,6.243,6.424,1.645,1.384,0.511,0.546,0.131,0.076,2.04,"CHL","Chile",15399.1044717559,79.176,3083.67091012261,4.91201019287109,88.6395352768685,-70.7686343173922,-37.8293828304997,9.64206463552619,8.03387602020948,TRUE,TRUE,0.299999999999997
2023,38,"Chile","South America",6.36,6.273,6.448,1.616,1.369,0.673,0.651,0.117,0.075,1.858,"CHL","Chile",17081.5180740049,81.167,3337.44337581388,NA,88.8158617217972,-70.7686343173922,-37.8293828304997,9.74575234360401,8.1129603365163,TRUE,TRUE,1.991
2016,79,"China","Asia",5.273,NA,NA,NA,NA,NA,NA,NA,NA,NA,"CHN","China",8254.86859320357,77.214,682.877229646934,NA,58.8399238586426,104.691138558496,38.0732548110573,9.01855843777854,6.5263150917985,TRUE,TRUE,NA
2017,86,"China","Asia",5.246,NA,NA,NA,NA,NA,NA,NA,NA,NA,"CHN","China",8979.67652709856,77.235,735.992197794662,NA,60.2402687072754,104.691138558496,38.0732548110573,9.10271913916623,6.60121951785022,TRUE,TRUE,0.0210000000000008
2018,93,"China","Asia",5.191,NA,NA,NA,NA,NA,NA,NA,NA,NA,"CHN","China",10085.6638148819,77.709,814.630086026044,NA,61.5001983642578,104.691138558496,38.0732548110573,9.21887027022332,6.70273412802854,TRUE,TRUE,0.474000000000004
2019,94,"China","Asia",5.12389993667603,5.07313251495361,5.17466735839844,0.990533411502838,1.13208067417145,0.86724853515625,0.601605117321014,0.079021044075489,0.117255553603172,1.33618187904358,"CHN","China",10342.9009524335,77.94,917.221598271983,NA,62.7099151611328,104.691138558496,38.0732548110573,9.24405566504204,6.82134909875707,TRUE,TRUE,0.230999999999995
2020,84,"China","Asia",5.339,5.281,5.397,1.061,0.785,0.665,0.636,0.093,0.117,1.982,"CHN","China",10627.4637989619,78.019,1002.03059995065,NA,63.5234230266258,104.691138558496,38.0732548110573,9.27119685387211,6.90978382005141,TRUE,TRUE,0.0790000000000077
2021,72,"China","Asia",5.585,5.52,5.65,1.508,0.958,0.705,0.656,0.099,0.142,1.516,"CHN","China",12887.4357242941,78.117,1084.03316408133,NA,64.721076965332,104.691138558496,38.0732548110573,9.46400814086712,6.98844377570257,TRUE,TRUE,0.097999999999999
2022,64,"China","Asia",5.818,5.731,5.905,1.51,1.249,0.468,0.666,0.115,0.145,1.666,"CHN","China",12970.6056414327,78.202,1342.90047786093,NA,65.2176361083984,104.691138558496,38.0732548110573,9.47044097178179,7.20258708942959,TRUE,TRUE,0.0849999999999937
2023,60,"China","Asia",5.973,5.885,6.061,1.497,1.239,0.629,0.704,0.132,0.164,1.608,"CHN","China",12951.1782397043,77.953,1486.88389429767,3.89714002609253,65.5301448035523,104.691138558496,38.0732548110573,9.46894204674986,7.3044378629125,TRUE,TRUE,-0.248999999999995
2016,128,"Côte d’Ivoire","Africa",4.18,NA,NA,NA,NA,NA,NA,NA,NA,NA,"CIV","Cote d'Ivoire",1862.59597081287,58.814,150.463424305056,3.93593001365662,49.929991034032,-5.57171019491773,7.53677927942131,7.52972647687941,5.01372002677949,TRUE,TRUE,NA
2017,107,"Côte d’Ivoire","Africa",4.671,NA,NA,NA,NA,NA,NA,NA,NA,NA,"CIV","Cote d'Ivoire",1964.29930338343,59.315,152.286810151245,3.73654007911682,50.3977309654344,-5.57171019491773,7.53677927942131,7.58289087210158,5.0257656517597,TRUE,TRUE,0.500999999999998
2018,99,"Côte d’Ivoire","Africa",4.944,NA,NA,NA,NA,NA,NA,NA,NA,NA,"CIV","Cote d'Ivoire",2130.86619381144,59.795,152.902803893692,3.21164989471436,50.8718477756395,-5.57171019491773,7.53677927942131,7.66428383979941,5.02980245085512,TRUE,TRUE,0.480000000000004
2019,85,"Côte d’Ivoire","Africa",5.23330020904541,5.09003305435181,5.37656736373901,0.537094414234161,0.799727261066437,0.154942512512207,0.397122532129288,0.169915586709976,0.0934957936406136,3.08102250099182,"CIV","Cote d'Ivoire",2141.76836170115,60.274,175.927259655428,3.4130699634552,51.3514799771241,-5.57171019491773,7.53677927942131,7.66938710403077,5.1700706121949,TRUE,TRUE,0.478999999999999
2020,85,"Côte d’Ivoire","Africa",5.306,5.152,5.46,0.669,0.409,0.052,0.438,0.177,0.092,3.469,"CIV","Cote d'Ivoire",2179.72934832935,60.14,200.869169906779,3.78674006462097,51.8357660823651,-5.57171019491773,7.53677927942131,7.68695599593312,5.30265380014814,TRUE,TRUE,-0.134
2021,88,"Côte d’Ivoire","Africa",5.235,5.085,5.384,1.094,0.442,0.322,0.451,0.149,0.124,2.652,"CIV","Cote d'Ivoire",2455.98127641148,60.29,227.42522682024,3.32717990875244,52.3183461956059,-5.57171019491773,7.53677927942131,7.80628166562701,5.42682151104847,TRUE,TRUE,0.149999999999999
2022,93,"Côte d’Ivoire","Africa",5.053,4.907,5.198,1.094,0.584,0.12,0.467,0.138,0.131,2.519,"CIV","Cote d'Ivoire",2333.37128301259,61.562,246.674532700443,3.47484993934631,52.8492549676673,-5.57171019491773,7.53677927942131,7.75506940338533,5.50806978634777,TRUE,TRUE,1.272
2023,96,"Côte d’Ivoire","Africa",5.08,4.936,5.224,1.08,0.578,0.288,0.547,0.12,0.164,2.303,"CIV","Cote d'Ivoire",2591.9659048119,61.944,249.363625351043,3.39421010017395,53.4075201638704,-5.57171019491773,7.53677927942131,7.8601719033779,5.51891217397644,TRUE,TRUE,0.382000000000005
2016,107,"Cameroon","Africa",4.695,NA,NA,NA,NA,NA,NA,NA,NA,NA,"CMR","Cameroon",1441.7201725688,60.293,145.897389866034,2.56234002113342,52.9815033836792,12.9484741423983,6.29416848748099,7.27359224392972,4.98290356548546,TRUE,TRUE,NA
2017,99,"Cameroon","Africa",4.975,NA,NA,NA,NA,NA,NA,NA,NA,NA,"CMR","Cameroon",1496.08951771242,60.817,142.896369936198,3.05961990356445,53.3115142121504,12.9484741423983,6.29416848748099,7.31060999478726,4.9621196817874,TRUE,TRUE,0.524000000000001
2018,96,"Cameroon","Africa",5.044,NA,NA,NA,NA,NA,NA,NA,NA,NA,"CMR","Cameroon",1610.69641591017,61.189,145.177673314271,3.03096008300781,53.6339873660653,12.9484741423983,6.29416848748099,7.38442192091887,4.97795832551441,TRUE,TRUE,0.372
2019,98,"Cameroon","Africa",5.08489990234375,4.95299959182739,5.21680021286011,0.50395804643631,0.899726450443268,0.270189553499222,0.439242482185364,0.198020100593567,0.0543934218585491,2.71937084197998,"CMR","Cameroon",1555.22660476477,61.695,154.867547289945,3.0473994932468,53.9487914119331,12.9484741423983,6.29416848748099,7.34937654053308,5.04257021798401,TRUE,TRUE,0.506
2020,91,"Cameroon","Africa",5.142,4.996,5.288,0.543,0.556,0.159,0.425,0.205,0.058,3.195,"CMR","Cameroon",1555.60370660749,61.674,185.696204916204,3.10390139858492,54.2557949164174,12.9484741423983,6.29416848748099,7.34961898502978,5.22411203151119,TRUE,TRUE,-0.0210000000000008
2021,102,"Cameroon","Africa",5.048,4.907,5.188,0.968,0.672,0.317,0.397,0.152,0.074,2.469,"CMR","Cameroon",1672.32657340872,61.146,208.09292087861,2.8493076272306,54.5548664463635,12.9484741423983,6.29416848748099,7.42197109359672,5.33798471493827,TRUE,TRUE,-0.527999999999999
2022,96,"Cameroon","Africa",4.973,4.834,5.112,0.965,0.871,0.118,0.405,0.144,0.059,2.411,"CMR","Cameroon",1604.87726954895,62.443,233.213109606623,2.65952378267367,54.8458745688318,12.9484741423983,6.29416848748099,7.38080256506958,5.45195266904817,TRUE,TRUE,1.297
2023,104,"Cameroon","Africa",4.874,4.753,4.996,0.943,0.856,0.288,0.521,0.126,0.06,2.08,"CMR","Cameroon",1720.47510154506,63.7,246.180203848641,2.83907623667935,55.1286878511388,12.9484741423983,6.29416848748099,7.4503557534938,5.50606380372893,TRUE,TRUE,1.25700000000001
2016,126,"DR Congo","Africa",4.28,NA,NA,NA,NA,NA,NA,NA,NA,NA,"COD","Congo, Dem. Rep.",459.765036590388,59.081,39.9035804383075,2.1186900138855,41.7290483782911,23.4198275742822,-3.3386295962079,6.13071556896458,3.68646605516577,FALSE,TRUE,NA
2017,132,"DR Congo","Africa",4.245,NA,NA,NA,NA,NA,NA,NA,NA,NA,"COD","Congo, Dem. Rep.",431.052559128788,59.495,41.7000529992785,1.45494997501373,42.1127579403217,23.4198275742822,-3.3386295962079,6.06623002960337,3.73050239976986,FALSE,TRUE,0.413999999999994
2018,127,"DR Congo","Africa",4.418,NA,NA,NA,NA,NA,NA,NA,NA,NA,"COD","Congo, Dem. Rep.",518.169626875371,59.926,34.9995168487354,NA,42.4946599159958,23.4198275742822,-3.3386295962079,6.25030265366489,3.55533425707229,FALSE,TRUE,0.431000000000004
2019,131,"DR Congo","Africa",4.31099987030029,4.09736347198486,4.52463626861572,0.062487468123436,0.833055019378662,0.277212053537369,0.364622980356216,0.25432488322258,0.0814666450023651,2.43786430358887,"COD","Congo, Dem. Rep.",504.00419142286,60.242,40.2518066796635,NA,42.8747090907476,23.4198275742822,-3.3386295962079,6.22258458435199,3.69515488930847,FALSE,TRUE,0.315999999999995
2022,133,"DR Congo","Africa",3.207,3.02,3.394,0.531,0.784,0.105,0.375,0.183,0.068,1.162,"COD","Congo, Dem. Rep.",687.738587554685,60.979,56.3023094876685,2.84466514463005,44.003287663813,23.4198275742822,-3.3386295962079,6.53340880578069,4.03073555539966,FALSE,TRUE,NA
2023,139,"DR Congo","Africa",3.295,3.128,3.462,0.534,0.665,0.262,0.473,0.189,0.072,1.102,"COD","Congo, Dem. Rep.",660.21205238997,61.895,57.762334845154,NA,44.3754734892194,23.4198275742822,-3.3386295962079,6.49256107491737,4.056336916987,FALSE,TRUE,0.916000000000004
2016,124,"Congo","Africa",4.291,NA,NA,NA,NA,NA,NA,NA,NA,NA,"COG","Congo, Rep.",2093.10728558843,63.911,104.185537356516,4.87114096878621,63.2515316469123,14.8797328494914,-0.729439159523384,7.64640498037186,4.64617332272366,TRUE,TRUE,NA
2017,114,"Congo","Africa",4.559,NA,NA,NA,NA,NA,NA,NA,NA,NA,"COG","Congo, Rep.",2211.63309874797,64.203,105.105060401744,4.17235994338989,63.3544545340423,14.8797328494914,-0.729439159523384,7.70148648032573,4.65496042517047,TRUE,TRUE,0.292000000000002
2018,103,"Congo","Africa",4.812,NA,NA,NA,NA,NA,NA,NA,NA,NA,"COG","Congo, Rep.",2694.43413191427,64.472,98.2080859925183,2.77167010307312,63.4434577481975,14.8797328494914,-0.729439159523384,7.8989434916913,4.58708855405317,TRUE,TRUE,0.268999999999991
2019,88,"Congo","Africa",5.1943998336792,5.04342317581177,5.34537649154663,0.633616745471954,0.75763601064682,0.458101123571396,0.386514395475388,0.117216013371944,0.118670783936977,2.72261953353882,"COG","Congo, Rep.",2488.42466724916,63.152,134.279775513188,3.24716413970868,63.5176376123385,14.8797328494914,-0.729439159523384,7.81940512548723,4.89992550032899,TRUE,TRUE,-1.31999999999999
2020,83,"Congo","Africa",5.342,5.151,5.533,0.518,0.392,0.307,0.381,0.144,0.124,3.476,"COG","Congo, Rep.",1993.586671931,64.391,191.685479196527,4.22208879466149,63.5760904494257,14.8797328494914,-0.729439159523384,7.59769064314292,5.25585589964232,TRUE,TRUE,1.239
2021,99,"Congo","Africa",5.075,4.915,5.235,0.95,0.405,0.355,0.431,0.13,0.146,2.658,"COG","Congo, Rep.",2516.16255145432,64.192,195.654215363488,3.31281536274069,63.6179125824196,14.8797328494914,-0.729439159523384,7.83049022282969,5.27634889385488,TRUE,TRUE,-0.199000000000012
2022,86,"Congo","Africa",5.267,5.094,5.44,0.921,0.665,0.145,0.464,0.134,0.136,2.802,"COG","Congo, Rep.",2620.83804267402,65,134.730893227582,2.72738253259215,63.6422003342807,14.8797328494914,-0.729439159523384,7.87124940922572,4.90327940550591,TRUE,TRUE,0.808000000000007
2023,89,"Congo","Africa",5.221,5.047,5.396,0.892,0.622,0.306,0.523,0.124,0.138,2.617,"COG","Congo, Rep.",2477.97845544866,65.772,208.864294376044,3.34005209256916,63.6626757615625,14.8797328494914,-0.729439159523384,7.81519836782065,5.34168473186676,TRUE,TRUE,0.772000000000006
2016,36,"Colombia","South America",6.357,NA,NA,NA,NA,NA,NA,NA,NA,NA,"COL","Colombia",5959.84250367574,76.228,1056.38520605909,4.47721004486084,77.2036266362166,-72.6445066243485,4.18775387735274,8.69279933415247,6.96260817621576,TRUE,TRUE,NA
2017,37,"Colombia","South America",6.26,NA,NA,NA,NA,NA,NA,NA,NA,NA,"COL","Colombia",6479.53231292429,76.418,1105.77172747043,4.53551006317139,77.2245191706503,-72.6445066243485,4.18775387735274,8.77640361281022,7.00829876608777,TRUE,TRUE,0.190000000000012
2018,43,"Colombia","South America",6.125,NA,NA,NA,NA,NA,NA,NA,NA,NA,"COL","Colombia",6816.96818309544,76.579,1176.14300930358,4.44910001754761,77.2804816598084,-72.6445066243485,4.18775387735274,8.82717010406356,7.06999572761576,TRUE,TRUE,0.160999999999987
2019,44,"Colombia","South America",6.16340017318726,6.05269765853882,6.27410268783569,0.932203710079193,1.3344509601593,0.81002014875412,0.52689003944397,0.0923740938305855,0.0458483695983887,2.42165660858154,"COL","Colombia",6472.54544924705,76.793,1267.67360960455,4.51068019866943,77.4595528518377,-72.6445066243485,4.18775387735274,8.77532473350093,7.144938696188,TRUE,TRUE,0.214000000000013
2020,52,"Colombia","South America",6.012,5.892,6.132,1.021,0.866,0.615,0.554,0.1,0.063,2.794,"COL","Colombia",5339.68711357943,74.757,1349.78526260325,5.26166009902954,77.6382533537045,-72.6445066243485,4.18775387735274,8.58292233727495,7.207700794042,TRUE,TRUE,-2.036
2021,66,"Colombia","South America",5.781,5.659,5.903,1.452,0.929,0.72,0.545,0.087,0.077,1.971,"COL","Colombia",6222.62164397614,72.698,1589.07613688026,NA,77.8339570326128,-72.6445066243485,4.18775387735274,8.73594658310268,7.37090808035438,TRUE,TRUE,-2.05900000000001
2022,72,"Colombia","South America",5.63,5.514,5.747,1.455,1.213,0.486,0.562,0.08,0.068,1.765,"COL","Colombia",6680.44506854481,76.508,1570.88391217831,NA,78.0464633137335,-72.6445066243485,4.18775387735274,8.80693989133888,7.35939374130399,TRUE,TRUE,3.81
2023,78,"Colombia","South America",5.695,5.584,5.806,1.437,1.241,0.648,0.644,0.072,0.059,1.596,"COL","Colombia",7012.49169137756,77.725,1708.73133778945,NA,78.275571579544,-72.6445066243485,4.18775387735274,8.85544836499995,7.4435064664215,TRUE,TRUE,1.217
2018,142,"Comoros","Africa",3.973,NA,NA,NA,NA,NA,NA,NA,NA,NA,"COM","Comoros",1540.71132257526,65.401,160.628833054798,NA,31.4073645195839,43.348265874294,-11.6588614745085,7.33999948654188,5.07909631874093,FALSE,FALSE,NA
2019,134,"Comoros","Africa",4.28859996795654,4.12329339981079,4.45390653610229,0.415620774030685,0.723232805728912,0.437383323907852,0.181028231978416,0.258538275957108,0.100048534572124,2.17276906967163,"COM","Comoros",1519.26386436068,65.662,170.594954583793,NA,31.7287584068243,43.348265874294,-11.6588614745085,7.3259811967666,5.1392920600821,FALSE,FALSE,0.26100000000001
2020,131,"Comoros","Africa",4.289,4.123,4.454,0.488,0.367,0.279,0.202,0.241,0.101,2.61,"COM","Comoros",1527.16991011916,65.756,191.526745880292,2.37805076679617,32.0638072194881,43.348265874294,-11.6588614745085,7.33117156957152,5.25502746403967,FALSE,FALSE,0.0939999999999941
2021,116,"Comoros","Africa",4.609,4.368,4.849,0.899,0.476,0.424,0.185,0.195,0.125,2.304,"COM","Comoros",1587.72988658008,65.201,218.317661366177,2.27485390045927,32.4124444313246,43.348265874294,-11.6588614745085,7.37006053072697,5.38595116438859,FALSE,FALSE,-0.555000000000007
2022,130,"Comoros","Africa",3.545,3.317,3.774,0.914,0.327,0.215,0.117,0.129,0.145,1.699,"COM","Comoros",1533.87755393614,66.481,309.205675408083,2.43164424110924,32.7746035528748,43.348265874294,-11.6588614745085,7.33555415731766,5.73400667168092,FALSE,FALSE,1.28
2023,132,"Comoros","Africa",3.566,3.378,3.754,0.896,0.328,0.37,0.172,0.128,0.16,1.512,"COM","Comoros",1723.89474946474,66.777,249.621382825549,2.34146896682989,33.1502180946901,43.348265874294,-11.6588614745085,7.45234139916553,5.51994530119754,FALSE,FALSE,0.296000000000006
2016,12,"Costa Rica","North America",7.079,NA,NA,NA,NA,NA,NA,NA,NA,NA,"CRI","Costa Rica",12091.0301560892,79.988,1405.03868172973,6.89395999908447,75.5423088085047,-84.1467362570182,9.86346740740621,9.40021914726502,7.2478201128691,TRUE,TRUE,NA
2017,13,"Costa Rica","North America",7.072,NA,NA,NA,NA,NA,NA,NA,NA,NA,"CRI","Costa Rica",12317.0902779911,79.994,1444.22597285557,7.06981992721558,76.0539254265608,-84.1467362570182,9.86346740740621,9.41874303045843,7.27532879810656,TRUE,TRUE,0.00600000000000023
2018,12,"Costa Rica","North America",7.167,NA,NA,NA,NA,NA,NA,NA,NA,NA,"CRI","Costa Rica",12620.0207321581,80.09,1566.32042725931,6.76992988586426,76.5544308439668,-84.1467362570182,9.86346740740621,9.44303977889561,7.35648447072805,TRUE,TRUE,0.0960000000000036
2019,15,"Costa Rica","North America",7.12139987945557,7.03356027603149,7.20923948287964,0.981107711791992,1.37485361099243,0.939635336399078,0.645017743110657,0.131266310811043,0.0963620916008949,2.95313501358032,"CRI","Costa Rica",12951.8588421841,80.296,1685.41120169222,6.73809003829956,77.0435864735963,-84.1467362570182,9.86346740740621,9.46899459676381,7.42976484962696,TRUE,TRUE,0.206000000000003
2020,16,"Costa Rica","North America",7.069,6.96,7.179,1.134,0.966,0.722,0.673,0.105,0.083,3.387,"CRI","Costa Rica",12475.6852076814,79.725,1729.41577302746,6.62899017333984,77.5211537281257,-84.1467362570182,9.86346740740621,9.43153684557876,7.45553892700484,TRUE,TRUE,-0.571000000000012
2021,23,"Costa Rica","North America",6.582,6.481,6.683,1.584,1.054,0.744,0.661,0.089,0.102,2.346,"CRI","Costa Rica",12962.2716075659,78.05,1815.5188926614,6.24842977523804,77.9868940200009,-84.1467362570182,9.86346740740621,9.46979823290837,7.50412659711333,TRUE,TRUE,-1.675
2022,23,"Costa Rica","North America",6.609,6.507,6.71,1.587,1.34,0.503,0.683,0.099,0.116,2.281,"CRI","Costa Rica",13971.7649991294,79.316,1862.3512438867,5.5472297668457,78.4405687613972,-84.1467362570182,9.86346740740621,9.54479378636997,7.52959507800989,TRUE,TRUE,1.26600000000001
2023,12,"Costa Rica","North America",6.955,6.86,7.051,1.561,1.373,0.661,0.797,0.109,0.123,2.333,"CRI","Costa Rica",17140.771430122,80.799,1927.74318453635,5.31208992004395,78.8819393641702,-84.1467362570182,9.86346740740621,9.74921519873067,7.56410526325687,TRUE,TRUE,1.483
2016,65,"Cyprus","Asia",5.621,NA,NA,NA,NA,NA,NA,NA,NA,NA,"CYP","Cyprus",24280.044921875,81.534,2353.11766931865,6.11811017990112,66.9625604106231,33.3753460091992,35.1170041634524,10.0974100953313,7.76349639568721,TRUE,TRUE,NA
2017,61,"Cyprus","Asia",5.762,NA,NA,NA,NA,NA,NA,NA,NA,NA,"CYP","Cyprus",26247.46484375,81.543,2513.52759121993,5.69961977005005,66.8907450570326,33.3753460091992,35.1170041634524,10.1753246859749,7.82944246028341,TRUE,TRUE,0.00900000000000034
2018,49,"Cyprus","Asia",6.046,NA,NA,NA,NA,NA,NA,NA,NA,NA,"CYP","Cyprus",29120.38671875,81.556,2749.600564259,NA,66.8255530496405,33.3753460091992,35.1170041634524,10.2791937823993,7.91921093075054,TRUE,TRUE,0.012999999999991
2019,45,"Cyprus","Asia",6.15899991989136,6.05981206893921,6.25818777084351,1.21279942989349,1.14917075634003,1.02612459659576,0.459385871887207,0.227932333946228,0.0512071438133717,2.03233480453491,"CYP","Cyprus",29227.16796875,81.454,3128.23170123149,5.16293001174927,66.7677357070518,33.3753460091992,35.1170041634524,10.2828539655821,8.04822317220564,TRUE,TRUE,-0.102000000000004
2020,39,"Cyprus","Asia",6.223,6.128,6.319,1.377,0.765,0.801,0.464,0.178,0.061,2.578,"CYP","Cyprus",28130.330078125,81.23,3705.91800583255,5.56462001800537,66.7180443478713,33.3753460091992,35.1170041634524,10.2446036354401,8.21768628189266,TRUE,TRUE,-0.22399999999999
2021,41,"Cyprus","Asia",6.221,6.122,6.32,1.815,0.909,0.819,0.448,0.123,0.062,2.044,"CYP","Cyprus",32937.8359375,80.573,4262.48488441782,5.08247995376587,66.6718365394971,33.3753460091992,35.1170041634524,10.4023773044727,8.35760757540785,TRUE,TRUE,-0.657000000000011
2022,46,"Cyprus","Asia",6.13,6.024,6.236,1.824,1.224,0.58,0.455,0.104,0.05,1.893,"CYP","Cyprus",33231.05078125,80.434,4542.94499854727,4.74210977554321,66.6694829407584,33.3753460091992,35.1170041634524,10.4112399823127,8.42133075882881,TRUE,TRUE,-0.138999999999996
2023,50,"Cyprus","Asia",6.068,5.954,6.182,1.794,1.217,0.744,0.529,0.124,0.049,1.611,"CYP","Cyprus",36623.70703125,81.648,4537.67999225208,NA,66.6739477522639,33.3753460091992,35.1170041634524,10.5084510427952,8.42017114550032,TRUE,TRUE,1.214
2016,23,"Czechia","Europe",6.609,NA,NA,NA,NA,NA,NA,NA,NA,NA,"CZE","Czechia",18753.9686718096,79.0268292682927,2671.87804066077,5.50080013275146,72.9745753395623,15.3832732920235,49.7491737093098,9.83916067149772,7.89053689014956,TRUE,TRUE,NA
2017,21,"Czechia","Europe",6.711,NA,NA,NA,NA,NA,NA,NA,NA,NA,"CZE","Czechia",20913.197632212,78.9780487804878,2853.6094512212,3.75574994087219,72.9121853567256,15.3832732920235,49.7491737093098,9.94813570431843,7.95633994607354,TRUE,TRUE,-0.0487804878049047
2018,20,"Czechia","Europe",6.852,NA,NA,NA,NA,NA,NA,NA,NA,NA,"CZE","Czechia",23705.9329811299,79.0292682926829,3075.20614608327,4.21541023254395,72.8498744351241,15.3832732920235,49.7491737093098,10.0734806325507,8.03112721737025,TRUE,TRUE,0.0512195121951038
2019,19,"Czechia","Europe",6.9109001159668,6.82683324813843,6.99496698379517,1.21232235431671,1.40528666973114,0.89456444978714,0.505744576454163,0.0463259294629097,0.0498032234609127,2.79680824279785,"CZE","Czechia",24062.7190013343,79.2292682926829,3422.44715438304,4.46737003326416,72.7876426709563,15.3832732920235,49.7491737093098,10.0884189923429,8.13811111639563,TRUE,TRUE,0.200000000000003
2020,18,"Czechia","Europe",6.965,6.868,7.062,1.37,1.09,0.703,0.58,0.052,0.046,3.124,"CZE","Czechia",23472.8915454417,78.2268292682927,4023.55677443083,4.62503004074097,72.7254901604208,15.3832732920235,49.7491737093098,10.0636014830221,8.29992156019394,TRUE,TRUE,-1.0024390243902
2021,18,"Czechia","Europe",6.92,6.811,7.029,1.815,1.26,0.715,0.66,0.158,0.048,2.263,"CZE","Czechia",27696.4619527544,77.2219512195122,4379.90704475699,4.65163993835449,72.6810594374316,15.3832732920235,49.7491737093098,10.2290599566802,8.38478278048707,TRUE,TRUE,-1.0048780487805
2022,18,"Czechia","Europe",6.845,6.759,6.931,1.823,1.544,0.477,0.693,0.158,0.05,2.099,"CZE","Czechia",28282.2236715857,78.9292682926829,4444.87719200501,4.30291986465454,72.6967638379524,15.3832732920235,49.7491737093098,10.2499887474563,8.39950751922101,TRUE,TRUE,1.7073170731707
2023,18,"Czechia","Europe",6.822,6.741,6.903,1.783,1.511,0.638,0.787,0.177,0.068,1.858,"CZE","Czechia",31761.5944102491,79.8268292682927,4499.617488482,NA,72.7352388396817,15.3832732920235,49.7491737093098,10.366013115935,8.41174766958593,TRUE,TRUE,0.897560975609792
2016,16,"Germany","Europe",6.951,NA,NA,NA,NA,NA,NA,NA,NA,NA,"DEU","Germany",42948.9381932694,80.990243902439,5669.81797337735,4.76321983337402,80.8347870684725,10.4261714274308,51.0830453980048,10.6677672051806,8.64291229274569,TRUE,TRUE,NA
2017,15,"Germany","Europe",6.965,NA,NA,NA,NA,NA,NA,NA,NA,NA,"DEU","Germany",45553.9341495339,80.9926829268293,5989.48359744699,4.77830982208252,80.9842544038853,10.4261714274308,51.0830453980048,10.7266522688714,8.69776047661634,TRUE,TRUE,0.00243902439029853
2018,17,"Germany","Europe",6.985,NA,NA,NA,NA,NA,NA,NA,NA,NA,"DEU","Germany",48916.1686612154,80.8926829268293,6302.0914218044,4.88401985168457,81.1423036204018,10.4261714274308,51.0830453980048,10.7978632682798,8.74863682900419,TRUE,TRUE,-0.100000000000009
2019,17,"Germany","Europe",7.0757999420166,7.00600481033325,7.14559507369995,1.31418454647064,1.36854374408722,0.97211480140686,0.56427413225174,0.252037703990936,0.309362292289734,2.29524946212769,"DEU","Germany",47656.199739747,81.2926829268293,6779.50798127688,5.02757978439331,81.3053991689039,10.4261714274308,51.0830453980048,10.771768010582,8.82165980916797,TRUE,TRUE,0.400000000000006
2020,13,"Germany","Europe",7.155,7.077,7.232,1.48,0.993,0.757,0.6,0.195,0.306,2.824,"DEU","Germany",47394.8734504469,81.0414634146342,7316.32816815478,5.51600980758667,81.4700055002738,10.4261714274308,51.0830453980048,10.7662693467801,8.89786386473148,TRUE,TRUE,-0.251219512195107
2021,14,"Germany","Europe",7.034,6.947,7.122,1.924,1.088,0.776,0.585,0.163,0.358,2.142,"DEU","Germany",52349.2459994422,80.790243902439,7960.36294984594,5.36734008789062,81.6325870653934,10.4261714274308,51.0830453980048,10.865692813128,8.98222987451324,TRUE,TRUE,-0.251219512195192
2022,16,"Germany","Europe",6.892,6.795,6.989,1.919,1.401,0.539,0.618,0.153,0.365,1.898,"DEU","Germany",50506.5179638543,80.6080487804878,8469.65110778887,5.23916006088257,81.7867852780995,10.4261714274308,51.0830453980048,10.829857675526,9.04424459527337,TRUE,TRUE,-0.182195121951196
2023,24,"Germany","Europe",6.719,6.622,6.815,1.871,1.39,0.702,0.7,0.174,0.368,1.513,"DEU","Germany",54776.7668235491,81.0414634146342,8306.1829027705,NA,81.9034366692129,10.4261714274308,51.0830453980048,10.9110214199644,9.02475544450815,TRUE,TRUE,0.433414634146388
2016,2,"Denmark","Europe",7.522,NA,NA,NA,NA,NA,NA,NA,NA,NA,"DNK","Denmark",54500.9260410217,80.8536585365854,5328.20487778812,7.71534013748169,87.6999969482422,9.37867054240941,56.0011881797106,10.9059729720854,8.58076966451924,TRUE,TRUE,NA
2017,3,"Denmark","Europe",7.555,NA,NA,NA,NA,NA,NA,NA,NA,NA,"DNK","Denmark",57521.5514992225,81.1024390243903,5589.87609875424,7.3700098991394,88.0161943799509,9.37867054240941,56.0011881797106,10.9599149652443,8.62871240110104,TRUE,TRUE,0.248780487804908
2018,2,"Denmark","Europe",7.6,NA,NA,NA,NA,NA,NA,NA,NA,NA,"DNK","Denmark",61324.7665045565,80.9536585365854,5804.23468677854,7.32747983932495,88.1059762310689,9.37867054240941,56.0011881797106,11.0239390616112,8.66634304853782,TRUE,TRUE,-0.148780487804913
2019,2,"Denmark","Europe",7.64559984207153,7.57995510101318,7.71124458312988,1.32694852352142,1.50344920158386,0.979332566261292,0.665039896965027,0.242793396115303,0.495260328054428,2.43274068832397,"DNK","Denmark",59404.2663247723,81.4512195121951,6171.19904427546,7.27585983276367,88.2096490810669,9.37867054240941,56.0011881797106,10.9921213264209,8.72764843258544,TRUE,TRUE,0.497560975609701
2020,2,"Denmark","Europe",7.62,7.552,7.687,1.502,1.108,0.763,0.686,0.208,0.485,2.868,"DNK","Denmark",60985.4885601514,81.6024390243903,6702.08148798787,7.38574981689453,88.2394485473632,9.37867054240941,56.0011881797106,11.018391222398,8.81017342698011,TRUE,TRUE,0.151219512195212
2021,2,"Denmark","Europe",7.636,7.563,7.71,1.953,1.243,0.777,0.719,0.188,0.532,2.226,"DNK","Denmark",69340.7334922138,81.4048780487805,7428.62585364137,6.95915985107422,88.2616449318149,9.37867054240941,56.0011881797106,11.1467877973806,8.91309617493314,TRUE,TRUE,-0.197560975609804
2022,2,"Denmark","Europe",7.586,7.506,7.667,1.949,1.548,0.537,0.734,0.208,0.525,2.084,"DNK","Denmark",67781.0940939514,81.3048780487805,7333.16092407092,6.35586023330688,88.3880239837703,9.37867054240941,56.0011881797106,11.1240385868713,8.90016193304201,TRUE,TRUE,-0.100000000000009
2023,2,"Denmark","Europe",7.583,7.5,7.665,1.908,1.52,0.699,0.823,0.204,0.548,1.881,"DNK","Denmark",68043.5466971243,81.7536585365854,7097.511126735,NA,88.552638542867,9.37867054240941,56.0011881797106,11.1279031717992,8.86749945604368,TRUE,TRUE,0.44878048780491
2016,86,"Dominican Republic","North America",5.23,NA,NA,NA,NA,NA,NA,NA,NA,NA,"DOM","Dominican Republic",7160.44200982307,72.889,746.672543274099,3.85049560792469,74.0506780735522,-70.4349519852001,18.7795481852299,8.87632699126479,6.61562672660639,TRUE,TRUE,NA
2017,83,"Dominican Republic","North America",5.302,NA,NA,NA,NA,NA,NA,NA,NA,NA,"DOM","Dominican Republic",7412.71571571512,73.37,748.919552659238,3.92026752279272,73.926806252977,-70.4349519852001,18.7795481852299,8.91095214449672,6.61863157141929,TRUE,TRUE,0.481000000000009
2018,77,"Dominican Republic","North America",5.425,NA,NA,NA,NA,NA,NA,NA,NA,NA,"DOM","Dominican Republic",7882.98221584944,73.555,758.960216959216,3.92849467476802,73.7589255716938,-70.4349519852001,18.7795481852299,8.97246156504435,6.63194936094842,TRUE,TRUE,0.185000000000002
2019,68,"Dominican Republic","North America",5.68919992446899,5.552330493927,5.82606935501099,0.983191847801208,1.32888889312744,0.741901695728302,0.562873899936676,0.112196780741215,0.115945681929588,1.84424686431885,"DOM","Dominican Republic",8183.01623600375,73.112,863.429664885623,4.04276873126053,73.5403464672933,-70.4349519852001,18.7795481852299,9.00981609463928,6.76091244074938,TRUE,TRUE,-0.443000000000012
2020,73,"Dominican Republic","North America",5.545,5.405,5.685,1.106,0.879,0.555,0.581,0.101,0.144,2.178,"DOM","Dominican Republic",7135.22273255899,72.636,943.24749445021,4.51769850778985,73.2643793773663,-70.4349519852001,18.7795481852299,8.87279874632054,6.84932870254639,TRUE,TRUE,-0.475999999999999
2021,69,"Dominican Republic","North America",5.737,5.601,5.873,1.538,1.003,0.577,0.606,0.084,0.179,1.751,"DOM","Dominican Republic",8527.0754858205,71.757,1122.16816933052,3.58043271614957,72.9243347395035,-70.4349519852001,18.7795481852299,9.05100173126772,7.02301795839001,TRUE,TRUE,-0.878999999999991
2022,73,"Dominican Republic","North America",5.569,5.426,5.712,1.536,1.227,0.351,0.623,0.083,0.195,1.553,"DOM","Dominican Republic",10104.2464008585,74.211,1131.87048660351,3.61088872070271,72.4203155643711,-70.4349519852001,18.7795481852299,9.22071105019958,7.03162684109003,TRUE,TRUE,2.45399999999999
2023,69,"Dominican Republic","North America",5.823,5.679,5.967,1.517,1.272,0.511,0.73,0.086,0.196,1.512,"DOM","Dominican Republic",10630.431743829,73.72,1168.81089141222,3.7606477375256,72.3577991823338,-70.4349519852001,18.7795481852299,9.2714760861113,7.0637421788498,TRUE,TRUE,-0.491
2016,53,"Algeria","Africa",5.872,NA,NA,NA,NA,NA,NA,NA,NA,NA,"DZA","Algeria",4424.98529027556,75.31,806.379397232708,6.50210843472458,70.7353778263851,2.65584647197691,28.3509697448891,8.39502223320499,6.69255434792414,TRUE,TRUE,NA
2017,84,"Algeria","Africa",5.295,NA,NA,NA,NA,NA,NA,NA,NA,NA,"DZA","Algeria",4554.66753957828,75.431,802.658245120009,5.73482350888796,71.3227912436551,2.65584647197691,28.3509697448891,8.42390781901236,6.68792902574544,TRUE,TRUE,0.120999999999995
2018,88,"Algeria","Africa",5.211,NA,NA,NA,NA,NA,NA,NA,NA,NA,"DZA","Algeria",4577.21029180491,75.555,814.347049542644,5.8127512720176,71.905249845153,2.65584647197691,28.3509697448891,8.42884498493463,6.70238662593036,TRUE,TRUE,0.124000000000009
2019,100,"Algeria","Africa",5.00509977340698,4.91839742660522,5.09180212020874,0.943856000900269,1.14300358295441,0.745418548583984,0.0839437991380692,0.118915013968945,0.129190653562546,1.84081172943115,"DZA","Algeria",4468.45341883656,75.682,752.603182302769,5.57536563446523,72.4824561380175,2.65584647197691,28.3509697448891,8.40479763642708,6.62353810656226,TRUE,TRUE,0.126999999999995
2020,109,"Algeria","Africa",4.887,4.783,4.991,0.946,0.765,0.552,0.119,0.144,0.12,2.242,"DZA","Algeria",3743.5419522929,73.257,714.740771176575,6.19391724496515,73.0541126293395,2.65584647197691,28.3509697448891,8.227787488311,6.57191991915904,TRUE,TRUE,-2.425
2021,96,"Algeria","Africa",5.122,5.03,5.215,1.363,0.97,0.643,0.146,0.106,0.15,1.744,"DZA","Algeria",4160.55926736925,75.208,728.016227108625,5.51403281769924,73.6199218261573,2.65584647197691,28.3509697448891,8.33340478349061,6.59032333793264,TRUE,TRUE,1.95099999999999
2022,81,"Algeria","Africa",5.329,5.207,5.451,1.353,1.298,0.409,0.252,0.073,0.152,1.791,"DZA","Algeria",4960.30334332888,76.129,575.5849724144,4.74924673000603,74.1795862354514,2.65584647197691,28.3509697448891,8.50922217577811,6.35538686698373,TRUE,TRUE,0.921000000000006
2023,85,"Algeria","Africa",5.364,5.251,5.476,1.324,1.191,0.568,0.247,0.091,0.2,1.743,"DZA","Algeria",5370.477235078,76.261,732.004025956997,5.61015717726636,74.732808364138,2.65584647197691,28.3509697448891,8.58867205414596,6.59578601388744,TRUE,TRUE,0.131999999999991
2016,44,"Ecuador","South America",6.008,NA,NA,NA,NA,NA,NA,NA,NA,NA,"ECU","Ecuador",5917.63771271481,76.094,825.702723437104,4.46397668804552,62.9913367571804,-78.4630326109714,-1.56427213888531,8.685692613228,6.71623480975524,TRUE,TRUE,NA
2017,48,"Ecuador","South America",5.973,NA,NA,NA,NA,NA,NA,NA,NA,NA,"ECU","Ecuador",6233.32244797718,76.22,887.436487479888,4.60667733499397,63.0194591842425,-78.4630326109714,-1.56427213888531,8.73766476785922,6.78833695538585,TRUE,TRUE,0.126000000000005
2018,50,"Ecuador","South America",6.028,NA,NA,NA,NA,NA,NA,NA,NA,NA,"ECU","Ecuador",6303.91886658338,77.248,954.677894268241,4.6250260585881,63.0433276812321,-78.4630326109714,-1.56427213888531,8.74892676130632,6.86137400009911,TRUE,TRUE,1.02800000000001
2019,58,"Ecuador","South America",5.92519998550415,5.8215537071228,6.0288462638855,0.853383600711823,1.22102761268616,0.838837742805481,0.555234551429749,0.115006476640701,0.0867533832788467,2.25493383407593,"ECU","Ecuador",6205.05765246766,77.286,979.458593093136,4.24576997756958,63.0627139714638,-78.4630326109714,-1.56427213888531,8.73311998888767,6.88699996297715,TRUE,TRUE,0.0379999999999967
2020,66,"Ecuador","South America",5.764,5.653,5.875,0.935,0.806,0.64,0.56,0.107,0.062,2.653,"ECU","Ecuador",5463.64515348598,72.004,992.00124787597,4.26103019714355,63.0773897782521,-78.4630326109714,-1.56427213888531,8.60587145651474,6.89972436522357,TRUE,TRUE,-5.282
2021,76,"Ecuador","South America",5.533,5.414,5.653,1.352,0.879,0.708,0.565,0.08,0.083,1.866,"ECU","Ecuador",6061.32350181711,72.746,1131.28310692747,3.65649008750915,63.0871268249117,-78.4630326109714,-1.56427213888531,8.70968345485742,7.03110776037814,TRUE,TRUE,0.74199999999999
2022,74,"Ecuador","South America",5.559,5.436,5.682,1.343,1.173,0.476,0.56,0.079,0.069,1.86,"ECU","Ecuador",6515.58528418336,76.577,1157.05428036468,3.61301994323731,63.0901835932266,-78.4630326109714,-1.56427213888531,8.78195232192963,7.05363264084229,TRUE,TRUE,3.831
2023,74,"Ecuador","South America",5.725,5.599,5.85,1.315,1.151,0.64,0.606,0.087,0.078,1.846,"ECU","Ecuador",6718.1447938811,77.392,1238.08562321825,3.81964993476868,63.1307729554263,-78.4630326109714,-1.56427213888531,8.81256732306309,7.12132161338786,TRUE,TRUE,0.814999999999998
2016,104,"Egypt","Africa",4.735,NA,NA,NA,NA,NA,NA,NA,NA,NA,"EGY","Egypt, Arab Rep.",3270.6287768197,70.437,572.106177374588,NA,42.5210717266225,30.2401354350123,26.6051703445063,8.09273753189583,6.3493245989344,TRUE,TRUE,NA
2017,122,"Egypt","Africa",4.419,NA,NA,NA,NA,NA,NA,NA,NA,NA,"EGY","Egypt, Arab Rep.",2395.10333299491,70.709,594.79720776435,NA,42.4486008687179,30.2401354350123,26.6051703445063,7.78118165421487,6.388220520164,TRUE,TRUE,0.272000000000006
2018,137,"Egypt","Africa",4.166,NA,NA,NA,NA,NA,NA,NA,NA,NA,"EGY","Egypt, Arab Rep.",2484.70315630508,70.974,585.507219738966,NA,42.4577177449969,30.2401354350123,26.6051703445063,7.81790847719232,6.37247851385665,TRUE,TRUE,0.265000000000001
2019,138,"Egypt","Africa",4.15140008926392,4.08088064193726,4.22191953659058,0.875228941440582,0.982539534568787,0.596911311149597,0.373684734106064,0.0688012540340424,0.095461793243885,1.15881824493408,"EGY","Egypt, Arab Rep.",2962.98892023003,71.213,614.660471610566,NA,42.4812027332648,30.2401354350123,26.6051703445063,7.99395380819095,6.42107003667296,TRUE,TRUE,0.23899999999999
2020,132,"Egypt","Africa",4.283,4.195,4.371,0.954,0.647,0.426,0.446,0.069,0.092,1.648,"EGY","Egypt, Arab Rep.",3511.11381026379,69.79,632.708279207352,NA,42.5181534630674,30.2401354350123,26.6051703445063,8.1636885909845,6.4500094615854,TRUE,TRUE,-1.42299999999999
2021,129,"Egypt","Africa",4.288,4.198,4.377,1.388,0.732,0.548,0.469,0.041,0.254,0.856,"EGY","Egypt, Arab Rep.",3827.35415374308,68.976,718.122708875722,NA,42.5686062621468,30.2401354350123,26.6051703445063,8.24992902197058,6.57664045817248,TRUE,TRUE,-0.814000000000007
2022,121,"Egypt","Africa",4.17,4.054,4.287,1.377,0.972,0.326,0.467,0.038,0.25,0.74,"EGY","Egypt, Arab Rep.",4233.30783744856,71.01,827.900928667131,NA,42.6325129008032,30.2401354350123,26.6051703445063,8.35073896111049,6.71889349585826,TRUE,TRUE,2.03400000000001
2023,127,"Egypt","Africa",3.977,3.887,4.066,1.37,0.996,0.488,0.49,0.025,0.259,0.349,"EGY","Egypt, Arab Rep.",3456.78965212363,71.633,904.665053940783,NA,42.7098115041919,30.2401354350123,26.6051703445063,8.14809559112899,6.80756476905096,TRUE,TRUE,0.62299999999999
2016,34,"Spain","Europe",6.403,NA,NA,NA,NA,NA,NA,NA,NA,NA,"ESP","Spain",26755.6061149398,83.3292682926829,3343.15398260259,4.19327020645142,79.3615955277997,-3.6516251409957,40.3650083366838,10.1944993047568,8.1146699465626,TRUE,TRUE,NA
2017,36,"Spain","Europe",6.31,NA,NA,NA,NA,NA,NA,NA,NA,NA,"ESP","Spain",28381.3425596906,83.2829268292683,3598.63989037334,4.17846012115479,79.4663233085683,-3.6516251409957,40.3650083366838,10.2534872561381,8.18831124482706,TRUE,TRUE,-0.046341463414592
2018,30,"Spain","Europe",6.354,NA,NA,NA,NA,NA,NA,NA,NA,NA,"ESP","Spain",30602.4212881113,83.4317073170732,3731.49996051404,4.15045022964478,79.5580057813361,-3.6516251409957,40.3650083366838,10.3288344118726,8.22456556598965,TRUE,TRUE,0.148780487804899
2019,28,"Spain","Europe",6.40089988708496,6.31799125671387,6.48380851745605,1.23053526878357,1.4210991859436,1.05134308338165,0.425983816385269,0.165305480360985,0.109579779207706,1.99708843231201,"ESP","Spain",29786.5245689007,83.8317073170732,4075.97609213283,4.20255994796753,79.6349761108307,-3.6516251409957,40.3650083366838,10.3018113745477,8.31286552880354,TRUE,TRUE,0.399999999999991
2020,27,"Spain","Europe",6.491,6.408,6.574,1.375,1.057,0.826,0.462,0.135,0.124,2.513,"ESP","Spain",27233.9426461608,82.2317073170732,4249.0715180616,4.85118007659912,79.6955674617799,-3.6516251409957,40.3650083366838,10.2122193657177,8.35445577171277,TRUE,TRUE,-1.59999999999999
2021,29,"Spain","Europe",6.476,6.392,6.56,1.808,1.211,0.808,0.505,0.101,0.149,1.893,"ESP","Spain",30799.4775937775,83.1780487804878,4581.63514400904,4.81316995620728,79.7846242983598,-3.6516251409957,40.3650083366838,10.3352530075768,8.42981123173493,TRUE,TRUE,0.946341463414598
2022,32,"Spain","Europe",6.436,6.354,6.519,1.798,1.491,0.567,0.533,0.101,0.157,1.789,"ESP","Spain",30319.4987196616,83.1341463414634,4916.07823802984,4.58553981781006,79.9548794567814,-3.6516251409957,40.3650083366838,10.3195463066269,8.50026638553688,TRUE,TRUE,-0.0439024390243929
2023,36,"Spain","Europe",6.421,6.339,6.502,1.766,1.471,0.729,0.619,0.119,0.177,1.54,"ESP","Spain",33493.2225409111,83.9341463414634,4934.94772587453,NA,80.128491001856,-3.6516251409957,40.3650083366838,10.4190983851337,8.50409735928352,TRUE,TRUE,0.799999999999997
2016,66,"Estonia","Europe",5.611,NA,NA,NA,NA,NA,NA,NA,NA,NA,"EST","Estonia",18666.3736521706,77.6414634146342,2098.46334890873,5.05511999130249,68.724038178078,25.9168702506338,58.648108311231,9.83447898372083,7.64896061724525,TRUE,TRUE,NA
2017,63,"Estonia","Europe",5.739,NA,NA,NA,NA,NA,NA,NA,NA,NA,"EST","Estonia",20851.5223496861,78.0926829268293,2234.29079645641,4.86288022994995,68.9931941915158,25.9168702506338,58.648108311231,9.94518223893496,7.71167913967023,TRUE,TRUE,0.451219512195095
2018,55,"Estonia","Europe",5.893,NA,NA,NA,NA,NA,NA,NA,NA,NA,"EST","Estonia",23618.1361254581,78.2439024390244,2441.55627685688,5.13962984085083,69.2803532930133,25.9168702506338,58.648108311231,10.0697701757765,7.80039093335152,TRUE,TRUE,0.151219512195098
2019,51,"Estonia","Europe",6.02180004119873,5.95126914978027,6.09233093261719,1.19244122505188,1.45323252677917,0.842615008354187,0.576664805412292,0.125136747956276,0.201766818761826,1.62992811203003,"EST","Estonia",24021.2501413306,78.6463414634147,2702.26654885985,5.16415023803711,69.5787397662154,25.9168702506338,58.648108311231,10.0866941401302,7.90184616238149,TRUE,TRUE,0.402439024390304
2020,40,"Estonia","Europe",6.189,6.115,6.263,1.344,1.079,0.64,0.641,0.119,0.263,2.103,"EST","Estonia",23933.9939421065,78.5951219512195,3040.18656628156,5.44180011749268,69.8815778947665,25.9168702506338,58.648108311231,10.0830550680252,8.01967416300453,TRUE,TRUE,-0.0512195121952033
2021,36,"Estonia","Europe",6.341,6.266,6.415,1.793,1.232,0.728,0.689,0.123,0.333,1.442,"EST","Estonia",27951.1659277744,76.9439024390244,3310.3543629181,5.21514987945557,70.1777274135822,25.9168702506338,58.648108311231,10.2382141924815,8.10481052092419,TRUE,TRUE,-1.6512195121951
2022,31,"Estonia","Europe",6.455,6.377,6.534,1.798,1.526,0.494,0.728,0.153,0.372,1.383,"EST","Estonia",28340.3826549406,77.8439024390244,3358.17929963212,5.20733976364136,70.4892333736738,25.9168702506338,58.648108311231,10.252043015445,8.11915423098039,TRUE,TRUE,0.900000000000006
2023,34,"Estonia","Europe",6.448,6.371,6.524,1.752,1.527,0.657,0.805,0.166,0.401,1.138,"EST","Estonia",30264.0064885057,78.7926829268293,3506.88332669565,NA,70.6770085523126,25.9168702506338,58.648108311231,10.3177143807097,8.16248298089433,TRUE,TRUE,0.948780487804896
2016,119,"Ethiopia","Africa",4.46,NA,NA,NA,NA,NA,NA,NA,NA,NA,"ETH","Ethiopia",641.651523286233,64.162,66.8780317493943,5.06151399998447,19.8763618469238,39.9149028865443,8.7293895570484,6.46404535770189,4.20287053875897,TRUE,TRUE,NA
2017,127,"Ethiopia","Africa",4.35,NA,NA,NA,NA,NA,NA,NA,NA,NA,"ETH","Ethiopia",696.348429076216,64.766,69.2313317756209,5.49905076025271,20.3084850311279,39.9149028865443,8.7293895570484,6.54585015155661,4.23745353147762,TRUE,TRUE,0.603999999999999
2018,134,"Ethiopia","Africa",4.286,NA,NA,NA,NA,NA,NA,NA,NA,NA,"ETH","Ethiopia",739.702022272086,65.257,69.2233849696006,5.22011189522399,20.7838096618652,39.9149028865443,8.7293895570484,6.60624743249854,4.23733873862381,TRUE,TRUE,0.491
2019,136,"Ethiopia","Africa",4.18620014190674,4.10992670059204,4.26247358322144,0.315125644207001,1.00110328197479,0.483846247196198,0.412566870450974,0.227698102593422,0.117437034845352,1.62845921516418,"ETH","Ethiopia",793.473247218996,65.741,72.7195873525421,4.48086946127054,21.2486705780029,39.9149028865443,8.7293895570484,6.67641982448821,4.28661077538313,TRUE,TRUE,0.483999999999995
2020,133,"Ethiopia","Africa",4.275,4.175,4.374,0.37,0.679,0.331,0.451,0.241,0.114,2.089,"ETH","Ethiopia",829.790982552951,65.969,83.7695656290325,4.0905654220699,21.6260051727295,39.9149028865443,8.7293895570484,6.72117384082713,4.42806976287154,TRUE,TRUE,0.227999999999994
2021,131,"Ethiopia","Africa",4.241,4.118,4.365,0.788,0.809,0.457,0.472,0.205,0.136,1.375,"ETH","Ethiopia",893.009835441784,65.33,83.031105824134,4.06524874309096,22.1067085266113,39.9149028865443,8.7293895570484,6.79459759474842,4.41921530655372,TRUE,TRUE,-0.638999999999996
2022,124,"Ethiopia","Africa",4.091,3.908,4.273,0.793,1.114,0.25,0.451,0.283,0.101,1.099,"ETH","Ethiopia",982.103161502198,66.897,81.1646520972704,3.73649512188829,22.7367687225342,39.9149028865443,8.7293895570484,6.88969635528307,4.39647983338968,TRUE,TRUE,1.56700000000001
2023,130,"Ethiopia","Africa",3.861,3.725,3.997,0.792,0.915,0.42,0.441,0.27,0.101,0.923,"ETH","Ethiopia",1055.81091593061,67.315,85.730445772557,2.9272447768927,23.0586471557617,39.9149028865443,8.7293895570484,6.96206439134972,4.45120802240369,TRUE,TRUE,0.417999999999992
2016,5,"Finland","Europe",7.469,NA,NA,NA,NA,NA,NA,NA,NA,NA,"FIN","Finland",43451.2562442158,81.4292682926829,4213.80738451905,6.90873003005981,71.6158383428171,25.657384334547,65.0157895974991,10.6793950426856,8.34612188485223,TRUE,TRUE,NA
2017,1,"Finland","Europe",7.632,NA,NA,NA,NA,NA,NA,NA,NA,NA,"FIN","Finland",46085.0174739036,81.6317073170732,4341.44057268745,6.40826988220215,71.9563038312956,25.657384334547,65.0157895974991,10.7382431755945,8.3759615012088,TRUE,TRUE,0.202439024390287
2018,1,"Finland","Europe",7.769,NA,NA,NA,NA,NA,NA,NA,NA,NA,"FIN","Finland",49654.2497035329,81.7341463414634,4484.34879202747,6.31771993637085,72.3423467740343,25.657384334547,65.0157895974991,10.8128392590336,8.40834856707845,TRUE,TRUE,0.102439024390208
2019,1,"Finland","Europe",7.80870008468628,7.747633934021,7.86976623535156,1.28518950939178,1.49952590465546,0.961271405220032,0.662316739559174,0.159670442342758,0.477857261896133,2.76283502578735,"FIN","Finland",48358.1807773701,81.9829268292683,4821.26714325924,6.45300006866455,72.7431214358314,25.657384334547,65.0157895974991,10.7863906856872,8.48079206528676,TRUE,TRUE,0.248780487804893
2020,1,"Finland","Europe",7.842,7.78,7.904,1.446,1.106,0.741,0.691,0.124,0.481,3.253,"FIN","Finland",48828.6846862799,81.9317073170732,5169.58228610612,6.6812801361084,73.0849439791673,25.657384334547,65.0157895974991,10.7960732201023,8.55054716851417,TRUE,TRUE,-0.0512195121950896
2021,1,"Finland","Europe",7.821,7.756,7.886,1.892,1.258,0.775,0.736,0.109,0.534,2.518,"FIN","Finland",53099.1351400148,81.8853658536585,5627.69538292717,6.58820009231567,73.3710215780329,25.657384334547,65.0157895974991,10.8799159197154,8.63545529148999,TRUE,TRUE,-0.0463414634147057
2022,1,"Finland","Europe",7.804,7.733,7.875,1.888,1.585,0.535,0.772,0.126,0.535,2.363,"FIN","Finland",50440.560224974,81.1878048780488,5961.99251088685,6.37578010559082,73.6967597835949,25.657384334547,65.0157895974991,10.8285508967772,8.69316001809614,TRUE,TRUE,-0.697560975609704
2023,1,"Finland","Europe",7.741,7.667,7.815,1.844,1.572,0.695,0.859,0.142,0.546,2.082,"FIN","Finland",52864.6931581216,81.5853658536585,6433.37242991069,NA,74.0062548602828,25.657384334547,65.0157895974991,10.875490968896,8.76925416339459,TRUE,TRUE,0.397560975609707
2016,31,"France","Europe",6.442,NA,NA,NA,NA,NA,NA,NA,NA,NA,"FRA","France",37024.2157133669,82.5731707317073,4967.77899034512,NA,78.5999114705779,2.19402366278862,46.6423682169416,10.5193274562882,8.51072813597825,TRUE,TRUE,NA
2017,23,"France","Europe",6.489,NA,NA,NA,NA,NA,NA,NA,NA,NA,"FRA","France",38687.1626407164,82.5756097560976,5099.71685090958,5.46482992172241,78.6467804026368,2.19402366278862,46.6423682169416,10.5632631092782,8.53694029774166,TRUE,TRUE,0.00243902439031274
2018,24,"France","Europe",6.592,NA,NA,NA,NA,NA,NA,NA,NA,NA,"FRA","France",41418.1766484844,82.6756097560976,5255.3299112549,5.42540979385376,78.6714432536599,2.19402366278862,46.6423682169416,10.6314751129397,8.56699806178857,TRUE,TRUE,0.0999999999999943
2019,23,"France","Europe",6.66379976272583,6.59014940261841,6.73745012283325,1.26812934875488,1.45883917808533,1.02971422672272,0.514050900936127,0.112607702612877,0.227303236722946,2.05319833755493,"FRA","France",40408.2848574751,82.8268292682927,5719.34530056227,5.36638021469116,78.6890784549356,2.19402366278862,46.6423682169416,10.6067901136547,8.65160961987937,TRUE,TRUE,0.151219512195098
2020,21,"France","Europe",6.69,6.618,6.762,1.421,1.081,0.804,0.536,0.092,0.235,2.521,"FRA","France",39169.8606000707,82.1756097560976,6013.22992523898,5.65871000289917,78.7119131765249,2.19402366278862,46.6423682169416,10.5756628678093,8.70171730833263,TRUE,TRUE,-0.651219512195098
2021,20,"France","Europe",6.687,6.615,6.758,1.863,1.219,0.808,0.567,0.07,0.266,1.895,"FRA","France",43725.0999521245,82.3243902439024,6443.66896084381,5.41743993759155,78.7364603392338,2.19402366278862,46.6423682169416,10.6856775858104,8.77085337128949,TRUE,TRUE,0.1487804878048
2022,21,"France","Europe",6.661,6.588,6.735,1.856,1.433,0.566,0.582,0.083,0.27,1.872,"FRA","France",40988.6396406579,82.1292682926829,6642.98387597326,5.32434988021851,78.7591921123356,2.19402366278862,46.6423682169416,10.621050225357,8.80131652044165,TRUE,TRUE,-0.195121951219505
2023,27,"France","Europe",6.609,6.533,6.685,1.818,1.348,0.727,0.65,0.112,0.281,1.672,"FRA","France",44700.1384177544,82.8317073170732,6719.07670921652,NA,78.7804323126547,2.19402366278862,46.6423682169416,10.7077318771909,8.81270602961588,TRUE,TRUE,0.702439024390301
2016,118,"Gabon","Africa",4.465,NA,NA,NA,NA,NA,NA,NA,NA,NA,"GAB","Gabon",6677.07003901644,66.583,435.006438618584,2.66773089670199,88.5445883406178,11.8394108985458,-0.628448459921234,8.80643455339645,6.07536083240118,TRUE,TRUE,NA
2017,103,"Gabon","Africa",4.758,NA,NA,NA,NA,NA,NA,NA,NA,NA,"GAB","Gabon",6921.73373135624,66.816,411.455794024276,3.55570801059931,89.0009733256896,11.8394108985458,-0.628448459921234,8.84242155644534,6.01970158791703,TRUE,TRUE,0.233000000000004
2018,104,"Gabon","Africa",4.799,NA,NA,NA,NA,NA,NA,NA,NA,NA,"GAB","Gabon",7624.2775233771,67.043,423.610713909973,3.071542956299,89.4539949981866,11.8394108985458,-0.628448459921234,8.93909284595394,6.04881490592386,TRUE,TRUE,0.227000000000004
2019,108,"Gabon","Africa",4.82929992675781,4.71117401123047,4.94742584228516,0.988044381141663,1.10639750957489,0.522574841976166,0.369459897279739,0.0520136021077633,0.0558045394718647,1.735027551651,"GAB","Gabon",7441.1786472281,67.337,441.545166637632,2.87430983233369,89.9031850170394,11.8394108985458,-0.628448459921234,8.91478453560632,6.09028031750144,TRUE,TRUE,0.293999999999997
2020,112,"Gabon","Africa",4.852,4.706,4.998,1.037,0.707,0.362,0.424,0.058,0.064,2.201,"GAB","Gabon",6605.80346077904,67.073,498.031657408572,3.39874087928788,90.3480750410147,11.8394108985458,-0.628448459921234,8.79570385388523,6.21066364409774,TRUE,TRUE,-0.26400000000001
2021,106,"Gabon","Africa",4.958,4.826,5.091,1.459,0.738,0.396,0.343,0.032,0.099,1.892,"GAB","Gabon",8181.40914134398,67.072,517.278606096818,2.7007928993976,90.7881967286967,11.8394108985458,-0.628448459921234,9.00961968142856,6.24858161929521,TRUE,TRUE,-0.000999999999990564
2022,94,"Gabon","Africa",5.035,4.894,5.175,1.438,1.021,0.183,0.346,0.036,0.102,1.908,"GAB","Gabon",8409.20741452279,67.713,577.959197360424,2.20773650357931,91.2243355459988,11.8394108985458,-0.628448459921234,9.03708250530618,6.35950327337855,TRUE,TRUE,0.640999999999991
2023,95,"Gabon","Africa",5.106,4.969,5.243,1.403,1.038,0.344,0.516,0.045,0.1,1.66,"GAB","Gabon",7802.82433276138,68.337,672.982835286249,2.31594287726056,91.6375962797313,11.8394108985458,-0.628448459921234,8.96224104108126,6.51171982454421,TRUE,TRUE,0.624000000000009
2016,19,"United Kingdom","Europe",6.714,NA,NA,NA,NA,NA,NA,NA,NA,NA,"GBR","United Kingdom",41258.5374285695,81.1560975609756,4348.86937179224,5.42795991897583,82.0229991698295,-2.85294390932926,53.9784473508021,10.6276133383132,8.37767117576857,TRUE,TRUE,NA
2017,19,"United Kingdom","Europe",6.814,NA,NA,NA,NA,NA,NA,NA,NA,NA,"GBR","United Kingdom",40918.0520870944,81.2560975609756,4470.11052488707,5.45254993438721,82.23065673273,-2.85294390932926,53.9784473508021,10.6193266159778,8.40516841322745,TRUE,TRUE,0.100000000000009
2018,15,"United Kingdom","Europe",7.054,NA,NA,NA,NA,NA,NA,NA,NA,NA,"GBR","United Kingdom",43704.3162296687,81.2560975609756,4614.18696766086,5.20438003540039,82.4465657551295,-2.85294390932926,53.9784473508021,10.6852021457639,8.43689095972911,TRUE,TRUE,0
2019,13,"United Kingdom","Europe",7.16450023651123,7.09166288375854,7.23733758926392,1.2730610370636,1.45784497261047,0.975700080394745,0.525168657302856,0.373433440923691,0.322601646184921,2.23672199249268,"GBR","United Kingdom",43160.6843971799,81.3691219512195,4983.83652854371,5.26116991043091,82.6699420738913,-2.85294390932926,53.9784473508021,10.6726852764563,8.51395526068053,TRUE,TRUE,0.113024390243893
2020,17,"United Kingdom","Europe",7.064,6.99,7.138,1.423,1.062,0.757,0.58,0.34,0.306,2.596,"GBR","United Kingdom",40815.1255364787,80.331756097561,5808.38012848447,5.43936014175415,82.9000015258789,-2.85294390932926,53.9784473508021,10.6168080156244,8.66705700348216,TRUE,TRUE,-1.0373658536585
2021,17,"United Kingdom","Europe",6.943,6.867,7.018,1.867,1.143,0.75,0.597,0.289,0.329,1.967,"GBR","United Kingdom",47695.6491523474,80.6473170731707,6135.99204582326,5.90681982040405,82.9886431523641,-2.85294390932926,53.9784473508021,10.7725954599772,8.72192704673322,TRUE,TRUE,0.315560975609699
2022,19,"United Kingdom","Europe",6.796,6.714,6.877,1.857,1.366,0.511,0.626,0.272,0.34,1.822,"GBR","United Kingdom",47034.7795621476,81.0112195121951,6496.9455195082,NA,83.0753982997505,-2.85294390932926,53.9784473508021,10.7586425977181,8.77908742536103,TRUE,TRUE,0.3639024390244
2023,20,"United Kingdom","Europe",6.749,6.665,6.833,1.822,1.326,0.672,0.713,0.267,0.351,1.598,"GBR","United Kingdom",49919.6896621586,81.2380975609756,6364.91540808142,NA,83.1601932891335,-2.85294390932926,53.9784473508021,10.8181707863204,8.75855622073531,TRUE,TRUE,0.226878048780506
2016,125,"Georgia","Asia",4.286,NA,NA,NA,NA,NA,NA,NA,NA,NA,"GEO","Georgia",4143.40125686315,73.136,1165.1821085307,3.52338004112244,57.6984032005062,43.3788665341122,42.1798627773723,8.32927228915275,7.06063267011904,TRUE,TRUE,NA
2017,128,"Georgia","Asia",4.34,NA,NA,NA,NA,NA,NA,NA,NA,NA,"GEO","Georgia",4418.75206546679,73.435,1173.32799010833,3.52442002296448,57.9996827205757,43.3788665341122,42.1798627773723,8.39361259707714,7.06759942602872,TRUE,TRUE,0.299000000000007
2018,119,"Georgia","Asia",4.519,NA,NA,NA,NA,NA,NA,NA,NA,NA,"GEO","Georgia",4804.0546040444,73.985,1144.00984996743,3.46094989776611,58.3038181862576,43.3788665341122,42.1798627773723,8.47721554950589,7.04229478201407,TRUE,TRUE,0.549999999999997
2019,117,"Georgia","Asia",4.67259979248047,4.58750152587891,4.75769805908203,0.847198069095612,0.731193900108337,0.694657623767853,0.48549410700798,0.0476097352802753,0.174088075757027,1.69239830970764,"GEO","Georgia",4741.2832715876,74.165,1201.65520322936,3.82985997200012,58.6304091780343,43.3788665341122,42.1798627773723,8.46406311045017,7.09145522139048,TRUE,TRUE,0.180000000000007
2020,108,"Georgia","Asia",4.891,4.785,4.998,1.03,0.47,0.498,0.488,0.032,0.181,2.191,"GEO","Georgia",4300.85701291207,73.509,1520.02829376448,3.80951130708125,58.9990552763878,43.3788665341122,42.1798627773723,8.36656958715137,7.32648422798581,TRUE,TRUE,-0.656000000000006
2021,105,"Georgia","Asia",4.973,4.867,5.079,1.467,0.612,0.595,0.508,0,0.208,1.583,"GEO","Georgia",5083.60695484577,71.635,1951.38810169459,3.59441995620727,59.4293560618005,43.3788665341122,42.1798627773723,8.53377631910159,7.57629624533774,TRUE,TRUE,-1.874
2022,90,"Georgia","Asia",5.109,5,5.219,1.477,0.947,0.366,0.539,0,0.201,1.58,"GEO","Georgia",6729.84659930283,74.141,1823.33926731503,3.75498008728027,60.0101622679115,43.3788665341122,42.1798627773723,8.81430762881329,7.50842486121156,TRUE,TRUE,2.506
2023,91,"Georgia","Asia",5.185,5.087,5.283,1.467,0.99,0.524,0.68,0,0.174,1.349,"GEO","Georgia",8283.66960652261,74.496,1679.03595330401,3.70918011665344,60.7523077799724,43.3788665341122,42.1798627773723,9.02204133839353,7.42597507037062,TRUE,TRUE,0.35499999999999
2016,131,"Ghana","Africa",4.12,NA,NA,NA,NA,NA,NA,NA,NA,NA,"GHA","Ghana",1912.47991339951,63.522,169.893855002895,4.3945198059082,54.167052758274,-1.21923336252658,7.94530467243628,7.55615606284789,5.13517385970652,TRUE,TRUE,NA
2017,108,"Ghana","Africa",4.657,NA,NA,NA,NA,NA,NA,NA,NA,NA,"GHA","Ghana",2012.28662641265,63.829,138.988713329788,3.53362989425659,54.6991419779128,-1.21923336252658,7.94530467243628,7.60702697952898,4.9343927307676,TRUE,TRUE,0.307000000000002
2018,98,"Ghana","Africa",4.996,NA,NA,NA,NA,NA,NA,NA,NA,NA,"GHA","Ghana",2195.32166016377,64.138,134.537385964198,3.8861300945282,55.218477566593,-1.21923336252658,7.94530467243628,7.69408385698885,4.90184212297655,TRUE,TRUE,0.309000000000005
2019,91,"Ghana","Africa",5.14799976348877,5.03307580947876,5.26292371749878,0.575862467288971,0.966367959976196,0.432162255048752,0.477290064096451,0.261291205883026,0.0565703809261322,2.37843728065491,"GHA","Ghana",2186.65822682613,64.455,195.353140757807,3.15307114842573,55.7246279109161,-1.21923336252658,7.94530467243628,7.6901297335794,5.27480889896491,TRUE,TRUE,0.316999999999993
2020,95,"Ghana","Africa",5.088,4.958,5.219,0.68,0.595,0.287,0.517,0.268,0.058,2.684,"GHA","Ghana",2195.45481659987,64.309,268.087371011461,3.40915991351725,56.2171613974837,-1.21923336252658,7.94530467243628,7.69414450978539,5.59131293861754,TRUE,TRUE,-0.146000000000001
2021,111,"Ghana","Africa",4.872,4.745,4.999,1.112,0.595,0.409,0.5,0.23,0.056,1.972,"GHA","Ghana",2445.18662529344,64.286,255.070037065977,3.4005042684722,56.6952556826536,-1.21923336252658,7.94530467243628,7.8018767283594,5.5415381626083,TRUE,TRUE,-0.0229999999999961
2022,107,"Ghana","Africa",4.605,4.481,4.729,1.101,0.756,0.197,0.526,0.211,0.035,1.779,"GHA","Ghana",2229.89122654479,65.246,264.902535762593,2.90963831638452,57.250609602871,-1.21923336252658,7.94530467243628,7.70970808593034,5.57936196875993,TRUE,TRUE,0.959999999999994
2023,120,"Ghana","Africa",4.289,4.182,4.396,1.077,0.747,0.36,0.623,0.183,0.028,1.273,"GHA","Ghana",2383.90410476221,65.498,234.462562664913,NA,57.8074737774654,-1.21923336252658,7.94530467243628,7.77649480286372,5.45729592765694,TRUE,TRUE,0.25200000000001
2016,149,"Guinea","Africa",3.507,NA,NA,NA,NA,NA,NA,NA,NA,NA,"GIN","Guinea",711.996509782316,58.49,121.718814610044,2.54450011253357,35.3100280761719,-10.9869488480402,10.2559865413781,6.56807300940883,4.80171358631921,TRUE,TRUE,NA
2017,140,"Guinea","Africa",3.964,NA,NA,NA,NA,NA,NA,NA,NA,NA,"GIN","Guinea",833.598621691121,58.715,105.203248892811,2.3203399181366,35.5827331542969,-10.9869488480402,10.2559865413781,6.72575201755618,4.65589418283825,TRUE,TRUE,0.225000000000001
2018,118,"Guinea","Africa",4.534,NA,NA,NA,NA,NA,NA,NA,NA,NA,"GIN","Guinea",933.273615633705,59.043,106.338307620256,2.38432002067566,35.8554382324219,-10.9869488480402,10.2559865413781,6.83869842219857,4.66662559315038,TRUE,TRUE,0.327999999999996
2019,102,"Guinea","Africa",4.94929981231689,4.80613708496094,5.09246253967285,0.390007734298706,0.751365959644318,0.33365523815155,0.371878057718277,0.249490842223167,0.112204559147358,2.74072980880737,"GIN","Guinea",1031.34146480732,59.379,126.989916621133,1.85811996459961,36.1281547546387,-10.9869488480402,10.2559865413781,6.93861562686238,4.84410768662252,TRUE,TRUE,0.335999999999999
2020,102,"Guinea","Africa",4.984,4.808,5.16,0.42,0.399,0.206,0.384,0.25,0.111,3.216,"GIN","Guinea",1053.66097696415,59.35,129.973956328829,2.44806003570557,36.4802208060551,-10.9869488480402,10.2559865413781,6.96002602362545,4.86733409445357,TRUE,TRUE,-0.0289999999999964
2021,109,"Guinea","Africa",4.891,4.753,5.028,0.848,0.566,0.275,0.334,0.214,0.116,2.538,"GIN","Guinea",1244.96550477914,59.373,138.992755292568,2.04074820610586,36.8502178436256,-10.9869488480402,10.2559865413781,7.12686310151025,4.93442181157503,TRUE,TRUE,0.0229999999999961
2022,91,"Guinea","Africa",5.072,4.931,5.213,0.844,0.776,0.072,0.369,0.204,0.102,2.705,"GIN","Guinea",1416.59612011764,60.432,155.70642215742,2.00722302981184,37.2384967469106,-10.9869488480402,10.2559865413781,7.25601217444639,5.04797232498624,TRUE,TRUE,1.059
2023,97,"Guinea","Africa",5.023,4.881,5.166,0.831,0.622,0.236,0.521,0.21,0.107,2.497,"GIN","Guinea",1555.49375806861,60.74,168.743604817928,1.72470879088585,37.6454083954705,-10.9869488480402,10.2559865413781,7.34954830351615,5.12838043165927,TRUE,TRUE,0.308
2018,120,"Gambia","Africa",4.516,NA,NA,NA,NA,NA,NA,NA,NA,NA,"GMB","Gambia, The",696.219806960615,64.034,72.5370024057233,2.36543989181519,61.0645869348107,-15.3833803858697,13.4286179591893,6.54566542507407,4.28409680967205,FALSE,FALSE,NA
2019,113,"Gambia","Africa",4.75059986114502,4.61895895004272,4.88224077224731,0.256990551948547,0.882678687572479,0.353247880935669,0.403419524431229,0.42598968744278,0.158093795180321,2.27021646499634,"GMB","Gambia, The",738.186751987483,64.427,76.171854164051,2.80809703332656,61.643210849607,-15.3833803858697,13.4286179591893,6.6041968440619,4.33299202653363,FALSE,FALSE,0.393000000000001
2020,98,"Gambia","Africa",5.051,4.877,5.225,0.367,0.511,0.21,0.384,0.465,0.123,2.99,"GMB","Gambia, The",720.335143352133,64.418,101.596024903845,2.88734569797808,62.2069251698555,-15.3833803858697,13.4286179591893,6.57971658058731,4.62100440941682,FALSE,FALSE,-0.00900000000000034
2021,93,"Gambia","Africa",5.164,4.918,5.409,0.785,0.621,0.369,0.367,0.388,0.103,2.531,"GMB","Gambia, The",781.890925169531,63.847,103.97886166509,3.04477694635226,62.7550706637859,-15.3833803858697,13.4286179591893,6.66171524893641,4.64418762526235,FALSE,FALSE,-0.571000000000005
2022,119,"Gambia","Africa",4.279,4.075,4.484,0.761,0.614,0.174,0.286,0.332,0.033,2.081,"GMB","Gambia, The",836.244875868476,64.859,108.489882232422,2.89168744551701,63.2869880996278,-15.3833803858697,13.4286179591893,6.72892148391213,4.68665691731826,FALSE,FALSE,1.01199999999999
2023,112,"Gambia","Africa",4.485,4.344,4.625,0.75,0.684,0.33,0.459,0.324,0.048,1.89,"GMB","Gambia, The",883.024111978927,65.86,94.1328682072811,2.80838156544977,63.8020182456108,-15.3833803858697,13.4286179591893,6.78335250711554,4.54470727579799,FALSE,FALSE,1.001
2016,87,"Greece","Europe",5.227,NA,NA,NA,NA,NA,NA,NA,NA,NA,"GRC","Greece",17919.2426377048,81.3878048780488,2322.72643625741,NA,77.7122988766348,23.1103689361619,39.4201226172798,9.79363042211486,7.7504969627094,TRUE,TRUE,NA
2017,79,"Greece","Europe",5.358,NA,NA,NA,NA,NA,NA,NA,NA,NA,"GRC","Greece",18631.9930129293,81.2878048780488,2324.13013595224,3.46778011322021,77.8895342613411,23.1103689361619,39.4201226172798,9.83263543656031,7.75110111294116,TRUE,TRUE,-0.0999999999999943
2018,82,"Greece","Europe",5.287,NA,NA,NA,NA,NA,NA,NA,NA,NA,"GRC","Greece",19873.4015238771,81.7878048780488,2403.16238251319,3.57626008987427,78.0490656849874,23.1103689361619,39.4201226172798,9.89713750981656,7.78454080836524,TRUE,TRUE,0.5
2019,77,"Greece","Europe",5.5149998664856,5.42301368713379,5.6069860458374,1.12807011604309,1.16897356510162,0.979431748390198,0.173516348004341,0,0.0488443523645401,2.01617908477783,"GRC","Greece",19335.3602002969,81.6390243902439,2590.84666689567,3.55062007904053,78.1888100466875,23.1103689361619,39.4201226172798,9.86969083331172,7.85973999968925,TRUE,TRUE,-0.148780487804899
2020,68,"Greece","Europe",5.723,5.632,5.813,1.273,0.811,0.76,0.243,0,0.074,2.561,"GRC","Greece",17886.733165236,81.2878048780488,2765.26291140401,NA,78.3066842455552,23.1103689361619,39.4201226172798,9.79181455307776,7.92489099493483,TRUE,TRUE,-0.351219512195101
2021,58,"Greece","Europe",5.948,5.853,6.043,1.703,0.98,0.774,0.249,0.015,0.108,2.119,"GRC","Greece",20652.89659591,80.0829268292683,2997.4295673009,NA,78.3884898647442,23.1103689361619,39.4201226172798,9.9356108595405,8.00551038947828,TRUE,TRUE,-1.2048780487805
2022,58,"Greece","Europe",5.931,5.838,6.024,1.708,1.247,0.535,0.248,0.008,0.097,2.089,"GRC","Greece",20884.6773436263,80.7878048780488,3285.43322173474,3.37547993659973,78.5502190980809,23.1103689361619,39.4201226172798,9.94677102761999,8.09725380098595,TRUE,TRUE,0.7048780487805
2023,64,"Greece","Europe",5.934,5.84,6.027,1.684,1.276,0.696,0.337,0.018,0.093,1.83,"GRC","Greece",23343.7103964562,81.7365853658537,3453.89441532691,NA,78.7746303842088,23.1103689361619,39.4201226172798,10.0580828647764,8.14725768942842,TRUE,TRUE,0.948780487804896
2016,29,"Guatemala","North America",6.454,NA,NA,NA,NA,NA,NA,NA,NA,NA,"GTM","Guatemala",4060.13784737643,71.215,558.534545722638,2.94474005699158,53.6609232857043,-90.3121934911962,15.8208785153527,8.30897220457517,6.32531647106839,TRUE,TRUE,NA
2017,30,"Guatemala","North America",6.382,NA,NA,NA,NA,NA,NA,NA,NA,NA,"GTM","Guatemala",4324.99768915601,71.583,586.57727669318,2.95009994506836,53.7994723140017,-90.3121934911962,15.8208785153527,8.37216688506665,6.37430441848172,TRUE,TRUE,0.367999999999995
2018,27,"Guatemala","North America",6.436,NA,NA,NA,NA,NA,NA,NA,NA,NA,"GTM","Guatemala",4352.94593289707,71.496,607.414140436215,3.13193988800049,53.845962303542,-90.3121934911962,15.8208785153527,8.37860812082206,6.40921083261102,TRUE,TRUE,-0.0870000000000033
2019,29,"Guatemala","North America",6.39890003204346,6.28443956375122,6.51336050033569,0.753815710544586,1.17426705360413,0.7059525847435,0.613146722316742,0.170611664652824,0.0983603000640869,2.88272309303284,"GTM","Guatemala",4511.99839552697,71.639,664.114468722869,3.19297003746033,54.1882267267974,-90.3121934911962,15.8208785153527,8.41449543757654,6.49845452727345,TRUE,TRUE,0.143000000000001
2020,30,"Guatemala","North America",6.435,6.292,6.577,0.845,0.79,0.519,0.638,0.163,0.105,3.375,"GTM","Guatemala",4477.61785000665,69.971,707.10791895166,3.29485011100769,54.5483167911628,-90.3121934911962,15.8208785153527,8.40684645408132,6.56118329774372,TRUE,TRUE,-1.66799999999999
2021,39,"Guatemala","North America",6.262,6.064,6.46,1.274,0.831,0.522,0.662,0.112,0.115,2.746,"GTM","Guatemala",4912.62240414681,67.858,870.20903250716,3.09189009666443,54.9047071553758,-90.3121934911962,15.8208785153527,8.49956317274177,6.76873345003869,TRUE,TRUE,-2.113
2022,43,"Guatemala","North America",6.15,5.939,6.362,1.287,1.188,0.31,0.631,0.106,0.066,2.562,"GTM","Guatemala",5356.92435887895,71.206,933.220930647363,3.20787000656128,55.2581228215265,-90.3121934911962,15.8208785153527,8.58614527572881,6.83864196879348,TRUE,TRUE,3.348
2023,42,"Guatemala","North America",6.287,6.117,6.457,1.26,1.169,0.467,0.735,0.105,0.078,2.473,"GTM","Guatemala",5754.42833909847,72.602,935.351381407763,3.10877990722656,55.6082319565539,-90.3121934911962,15.8208785153527,8.65772498331136,6.84092226768243,TRUE,TRUE,1.396
2016,71,"Hong Kong SAR of China","Asia",5.472,NA,NA,NA,NA,NA,NA,NA,NA,NA,"HKG","Hong Kong SAR, China",43734.1980702999,84.2114634146342,NA,3.29269003868103,100,114.17,22.32,10.6858856395775,NA,TRUE,TRUE,NA
2017,76,"Hong Kong SAR of China","Asia",5.43,NA,NA,NA,NA,NA,NA,NA,NA,NA,"HKG","Hong Kong SAR, China",46160.429791493,84.6956097560976,NA,3.30989003181458,100,114.17,22.32,10.7398782120462,NA,TRUE,TRUE,0.484146341463401
2018,76,"Hong Kong SAR of China","Asia",5.43,NA,NA,NA,NA,NA,NA,NA,NA,NA,"HKG","Hong Kong SAR, China",48537.5668888343,84.869756097561,NA,3.32624006271362,100,114.17,22.32,10.7900933521247,NA,TRUE,TRUE,0.174146341463398
2019,78,"Hong Kong SAR of China","Asia",5.51039981842041,5.42020273208618,5.60059690475464,1.37674605846405,1.24358427524567,1.13663065433502,0.459356516599655,0.28828090429306,0.332485437393188,0.673293113708496,"HKG","Hong Kong SAR, China",48359.0011950597,85.1558536585366,NA,3.81017994880676,100,114.17,22.32,10.7864076509807,NA,TRUE,TRUE,0.286097560975605
2020,77,"Hong Kong SAR of China","Asia",5.477,5.38,5.573,1.525,0.841,0.893,0.408,0.232,0.342,1.236,"HKG","Hong Kong SAR, China",46109.2299946609,85.4963414634146,NA,4.40563011169434,100,114.17,22.32,10.738768425748,NA,TRUE,TRUE,0.340487804877995
2021,81,"Hong Kong SAR of China","Asia",5.425,5.348,5.501,1.957,0.954,0.942,0.4,0.147,0.383,0.642,"HKG","Hong Kong SAR, China",49770.5642374739,85.5326829268293,NA,4.00030994415283,100,114.17,22.32,10.8151790086876,NA,TRUE,TRUE,0.0363414634147006
2022,82,"Hong Kong SAR of China","Asia",5.308,5.214,5.403,1.951,1.201,0.702,0.407,0.123,0.39,0.535,"HKG","Hong Kong SAR, China",48825.0272275805,83.6609756097561,NA,3.72866988182068,100,114.17,22.32,10.7959983134013,NA,TRUE,TRUE,-1.8717073170732
2023,86,"Hong Kong SAR of China","Asia",5.316,5.229,5.403,1.909,1.184,0.857,0.485,0.147,0.402,0.333,"HKG","Hong Kong SAR, China",50525.1119312663,85.2473170731707,NA,3.80328011512756,100,114.17,22.32,10.8302257576334,NA,TRUE,TRUE,1.58634146341461
2016,91,"Honduras","North America",5.181,NA,NA,NA,NA,NA,NA,NA,NA,NA,"HND","Honduras",2307.34468351082,71.615,399.824176491681,6.09509492079297,54.8868414578857,-86.4925167900696,14.74037069575,7.74385265469053,5.99102489170291,TRUE,TRUE,NA
2017,72,"Honduras","North America",5.504,NA,NA,NA,NA,NA,NA,NA,NA,NA,"HND","Honduras",2413.0076562942,71.805,393.821808545124,5.74434396129576,55.3877322339915,-86.4925167900696,14.74037069575,7.78862923855585,5.97589854442054,TRUE,TRUE,0.190000000000012
2018,59,"Honduras","North America",5.86,NA,NA,NA,NA,NA,NA,NA,NA,NA,"HND","Honduras",2464.64241531918,72.001,407.192635956151,6.05646991729736,55.8852577716247,-86.4925167900696,14.74037069575,7.80980201117464,6.00928638048573,TRUE,TRUE,0.195999999999998
2019,56,"Honduras","North America",5.95319986343384,5.82436609268188,6.08203363418579,0.598763585090637,1.18666410446167,0.791989982128143,0.568148076534271,0.256528198719025,0.0868071019649506,2.46429538726807,"HND","Honduras",2502.32744328073,72.124,424.797092392537,5.98198266311593,56.3791561389766,-86.4925167900696,14.74037069575,7.82497655507798,6.05161162525397,TRUE,TRUE,0.12299999999999
2020,59,"Honduras","North America",5.919,5.758,6.081,0.703,0.787,0.593,0.578,0.241,0.083,2.934,"HND","Honduras",2307.61494319511,70.864,496.422133664175,6.09801328648889,56.8691654042685,-86.4925167900696,14.74037069575,7.74396977800534,6.207426640701,TRUE,TRUE,-1.25999999999999
2021,55,"Honduras","North America",6.022,5.855,6.189,1.111,0.885,0.555,0.582,0.202,0.076,2.611,"HND","Honduras",2735.14751503977,69.492,575.209847676817,5.88160201792279,57.3550236357547,-86.4925167900696,14.74037069575,7.91394064943075,6.35473492669981,TRUE,TRUE,-1.372
2022,53,"Honduras","North America",6.023,5.849,6.196,1.115,1.072,0.341,0.613,0.189,0.062,2.631,"HND","Honduras",3003.28996826399,72.715,554.955789054424,4.48280030802056,57.8364689017254,-86.4925167900696,14.74037069575,8.00746362285023,6.31888845121206,TRUE,TRUE,3.223
2023,61,"Honduras","North America",5.968,5.822,6.114,1.091,1.035,0.502,0.72,0.175,0.081,2.364,"HND","Honduras",3227.45762509776,72.884,553.468796775363,4.54962037172702,58.3132392705102,-86.4925167900696,14.74037069575,8.07944999330781,6.31620537617001,TRUE,TRUE,0.168999999999997
2016,77,"Croatia","Europe",5.293,NA,NA,NA,NA,NA,NA,NA,NA,NA,"HRV","Croatia",12820.1872746645,77.9219512195122,1714.42560524265,NA,55.7294398599808,16.6257611295834,44.911921008567,9.45877633837612,7.44683337944369,TRUE,TRUE,NA
2017,82,"Croatia","Europe",5.321,NA,NA,NA,NA,NA,NA,NA,NA,NA,"HRV","Croatia",13901.6498657787,77.7268292682927,1831.40690663206,3.87207007408142,55.9009887365155,16.6257611295834,44.911921008567,9.53976280745481,7.51283975189731,TRUE,TRUE,-0.195121951219491
2018,75,"Croatia","Europe",5.432,NA,NA,NA,NA,NA,NA,NA,NA,NA,"HRV","Croatia",15460.4560798984,77.919512195122,1981.99927669685,3.92432999610901,56.093170097094,16.6257611295834,44.911921008567,9.64604082234654,7.59186134995387,TRUE,TRUE,0.192682926829292
2019,79,"Croatia","Europe",5.50470018386841,5.43064403533936,5.57875633239746,1.10902428627014,1.31126487255096,0.900575578212738,0.381456881761551,0.113998979330063,0.0123250056058168,1.67602920532227,"HRV","Croatia",15563.7354996625,78.2243902439024,2223.27385961101,3.94555997848511,56.303247958306,16.6257611295834,44.911921008567,9.65269883959243,7.70673610008363,TRUE,TRUE,0.304878048780409
2020,60,"Croatia","Europe",5.882,5.788,5.975,1.251,1.039,0.703,0.453,0.111,0,2.325,"HRV","Croatia",14807.5559227544,77.5243902439024,2403.27090482629,4.40854978561401,56.5284863367411,16.6257611295834,44.911921008567,9.60289286479463,7.78458596547307,TRUE,TRUE,-0.700000000000003
2021,47,"Croatia","Europe",6.125,6.022,6.229,1.705,1.183,0.709,0.535,0.109,0,1.884,"HRV","Croatia",17788.7601163765,76.4243902439025,2950.43226038104,4.0916600227356,56.7683502560171,16.6257611295834,44.911921008567,9.78632208269289,7.98970696754227,TRUE,TRUE,-1.09999999999991
2022,48,"Croatia","Europe",6.125,6.013,6.237,1.727,1.455,0.475,0.5,0.087,0.003,1.88,"HRV","Croatia",18465.531473659,77.5756097560976,3021.25552457012,NA,56.9977571733605,16.6257611295834,44.911921008567,9.82366110963221,8.01342776058702,TRUE,TRUE,1.15121951219511
2023,63,"Croatia","Europe",5.942,5.837,6.047,1.71,1.445,0.637,0.469,0.064,0.043,1.574,"HRV","Croatia",22183.4982258492,78.4731707317073,3229.33564953197,NA,57.2431560672198,16.6257611295834,44.911921008567,10.0071039682988,8.08003171380196,TRUE,TRUE,0.897560975609693
2016,145,"Haiti","North America",3.603,NA,NA,NA,NA,NA,NA,NA,NA,NA,"HTI","Haiti",1318.40268167953,63.325,155.507005800786,1.38776004314423,50.087821148256,-72.89291379842,18.8835204869836,7.18417619319404,5.04669078398568,FALSE,FALSE,NA
2017,148,"Haiti","North America",3.582,NA,NA,NA,NA,NA,NA,NA,NA,NA,"HTI","Haiti",1395.23945184461,63.832,127.074180013647,1.49846994876862,50.735083378449,-72.89291379842,18.8835204869836,7.2408213295931,4.84477101053738,FALSE,FALSE,0.506999999999998
2018,147,"Haiti","North America",3.597,NA,NA,NA,NA,NA,NA,NA,NA,NA,"HTI","Haiti",1496.38048970156,64.077,138.427887482294,1.63715994358063,51.374898112219,-72.89291379842,18.8835204869836,7.31080446423179,4.93034952203487,FALSE,FALSE,0.244999999999997
2019,142,"Haiti","North America",3.72079992294312,3.52193236351013,3.9196674823761,0.284734427928925,0.64667135477066,0.374366730451584,0.169297516345978,0.463909655809402,0.161935672163963,1.61991691589355,"HTI","Haiti",1352.17204191532,64.328,124.659399050747,1.08414978067408,52.0069059952475,-72.89291379842,18.8835204869836,7.20946749844469,4.82558521066274,FALSE,FALSE,0.251000000000005
2020,143,"Haiti","North America",3.615,3.276,3.953,0.294,0.173,0.227,0.257,0.463,0.139,2.06,"HTI","Haiti",1290.32538667383,63.773,117.502549632813,1.11353641558643,52.6307476732151,-72.89291379842,18.8835204869836,7.16264970328078,4.76646003235146,FALSE,FALSE,-0.555
2016,75,"Hungary","Europe",5.324,NA,NA,NA,NA,NA,NA,NA,NA,NA,"HUN","Hungary",13215.8605277789,76.0634146341464,1959.38089676645,4.60210990905762,70.4733810424805,19.3962004836614,47.2252733248629,9.48917294241958,7.58038383333073,TRUE,TRUE,NA
2017,69,"Hungary","Europe",5.62,NA,NA,NA,NA,NA,NA,NA,NA,NA,"HUN","Hungary",14736.1668157258,75.8170731707317,1999.00851890888,4.64034986495972,70.4542541503906,19.3962004836614,47.2252733248629,9.59806007871642,7.60040659607655,TRUE,TRUE,-0.246341463414694
2018,62,"Hungary","Europe",5.758,NA,NA,NA,NA,NA,NA,NA,NA,NA,"HUN","Hungary",16605.0570511887,76.0658536585366,2112.94481327715,4.60567998886108,70.4711761474609,19.3962004836614,47.2252733248629,9.71746256958867,7.65583789956422,TRUE,TRUE,0.248780487804893
2019,53,"Hungary","Europe",6.00040006637573,5.92303276062012,6.07776737213135,1.16430711746216,1.42300939559937,0.806793868541718,0.386401802301407,0.0704912394285202,0.0275481734424829,2.12184572219849,"HUN","Hungary",17012.8598553199,76.3195121951219,2224.3043121549,4.20140981674194,70.4565277099609,19.3962004836614,47.2252733248629,9.74172479914277,7.70719947701487,TRUE,TRUE,0.253658536585306
2020,53,"Hungary","Europe",5.992,5.899,6.085,1.301,1.083,0.615,0.454,0.067,0.04,2.432,"HUN","Hungary",16386.9308821258,75.419512195122,2567.84275496456,4.12265014648438,70.2917327880859,19.3962004836614,47.2252733248629,9.70423939868939,7.85082143044463,TRUE,TRUE,-0.899999999999906
2021,51,"Hungary","Europe",6.086,5.985,6.187,1.748,1.233,0.668,0.485,0.078,0.064,1.812,"HUN","Hungary",19030.628130329,74.0658536585366,2846.40466680251,4.65407991409302,70.2059275331413,19.3962004836614,47.2252733248629,9.85380496711956,7.9538119564558,TRUE,TRUE,-1.3536585365854
2022,51,"Hungary","Europe",6.041,5.933,6.149,1.754,1.519,0.435,0.501,0.105,0.065,1.663,"HUN","Hungary",18428.028825614,75.8682926829268,2924.05454531337,3.8011999130249,70.1585064243445,19.3962004836614,47.2252733248629,9.82162809028369,7.98072647504362,TRUE,TRUE,1.80243902439021
2023,56,"Hungary","Europe",6.017,5.91,6.124,1.722,1.528,0.596,0.581,0.123,0.067,1.4,"HUN","Hungary",22208.6509820466,76.5707317073171,2875.2067856772,NA,70.2923026891431,19.3962004836614,47.2252733248629,10.0082371758293,7.96387987609788,TRUE,TRUE,0.702439024390287
2016,81,"Indonesia","Asia",5.262,NA,NA,NA,NA,NA,NA,NA,NA,NA,"IDN","Indonesia",3521.46943457574,69.733,310.081437615651,1.21023452496964,53.812557220459,113.965382468473,0.155919799590377,8.16663363448735,5.73683496496504,TRUE,TRUE,NA
2017,96,"Indonesia","Asia",5.093,NA,NA,NA,NA,NA,NA,NA,NA,NA,"IDN","Indonesia",3798.88326174526,69.953,310.387468170017,1.05324382490056,54.4541015625,113.965382468473,0.155919799590377,8.24246242403564,5.73782141433044,TRUE,TRUE,0.219999999999999
2018,92,"Indonesia","Asia",5.192,NA,NA,NA,NA,NA,NA,NA,NA,NA,"IDN","Indonesia",3860.95353090726,70.08,326.103776326436,0.994436460846179,55.0956840515137,113.965382468473,0.155919799590377,8.25866946068475,5.78721566299942,TRUE,TRUE,0.126999999999995
2019,84,"Indonesia","Asia",5.28560018539429,5.19212293624878,5.37907743453979,0.891720712184906,1.15480089187622,0.610437035560608,0.568161427974701,0.542646527290344,0.0382786132395267,1.47957348823547,"IDN","Indonesia",4106.94856160358,70.349,345.046001576198,0.964399077622927,55.7382049560547,113.965382468473,0.155919799590377,8.32043558931119,5.84367774604468,TRUE,TRUE,0.269000000000005
2020,82,"Indonesia","Asia",5.345,5.235,5.454,0.954,0.786,0.433,0.598,0.541,0.046,1.987,"IDN","Indonesia",3853.70288774146,68.817,401.223289913644,1.01593221347809,56.2785287648768,113.965382468473,0.155919799590377,8.25678975408287,5.99451810503512,TRUE,TRUE,-1.53200000000001
2021,87,"Indonesia","Asia",5.24,5.139,5.341,1.382,0.883,0.539,0.62,0.468,0.047,1.3,"IDN","Indonesia",4287.17313995098,67.452,472.82176279231,1.03221750658374,56.8761702464027,113.965382468473,0.155919799590377,8.36338285298817,6.15871849462712,TRUE,TRUE,-1.36499999999999
2022,84,"Indonesia","Asia",5.277,5.161,5.392,1.384,1.169,0.314,0.663,0.422,0.038,1.288,"IDN","Indonesia",4730.83484836107,70.925,384.829452244938,0.863943349575907,57.4934704226599,113.965382468473,0.155919799590377,8.46185696662215,5.95280025496066,TRUE,TRUE,3.473
2023,80,"Indonesia","Asia",5.568,5.466,5.67,1.361,1.184,0.472,0.779,0.399,0.055,1.318,"IDN","Indonesia",4876.2992959843,71.146,416.590667674711,1.27517088245674,58.1179353397878,113.965382468473,0.155919799590377,8.49214187017439,6.03210412741108,TRUE,TRUE,0.221000000000004
2016,122,"India","Asia",4.315,NA,NA,NA,NA,NA,NA,NA,NA,NA,"IND","India",1707.50892912243,69.709,203.266515244254,4.25406980514526,32.8650780972823,81.1730040853018,23.5863005677467,7.44279082078555,5.31451800094113,TRUE,TRUE,NA
2017,133,"India","Asia",4.19,NA,NA,NA,NA,NA,NA,NA,NA,NA,"IND","India",1950.10468280866,70.068,180.407423467841,4.30543994903565,33.1821328157539,81.1730040853018,23.5863005677467,7.57563833360851,5.19521775682535,TRUE,TRUE,0.358999999999995
2018,140,"India","Asia",4.015,NA,NA,NA,NA,NA,NA,NA,NA,NA,"IND","India",1966.25455171679,70.415,191.946915727321,4.36374998092651,33.4984353473598,81.1730040853018,23.5863005677467,7.58388576929252,5.25721885321311,TRUE,TRUE,0.347000000000008
2019,144,"India","Asia",3.57329988479614,3.51900339126587,3.62759637832642,0.730576157569885,0.644198656082153,0.540570139884949,0.581142246723175,0.237072482705116,0.105587981641293,0.734130859375,"IND","India",2041.42863698585,70.746,211.166615797198,3.89732003211975,33.8139578818147,81.1730040853018,23.5863005677467,7.62140515398203,5.35264747019581,TRUE,TRUE,0.330999999999989
2020,139,"India","Asia",3.819,3.769,3.869,0.741,0.316,0.383,0.622,0.246,0.106,1.405,"IND","India",1907.04251637669,70.156,232.775420308436,4.29335021972656,34.1286726088333,81.1730040853018,23.5863005677467,7.55330890025314,5.45007412741548,TRUE,TRUE,-0.589999999999989
2021,136,"India","Asia",3.777,3.726,3.828,1.167,0.376,0.471,0.647,0.198,0.123,0.795,"IND","India",2239.61384367482,67.282,269.418794651553,4.62949991226196,34.4425517181304,81.1730040853018,23.5863005677467,7.71405873877141,5.59626702639638,TRUE,TRUE,-2.87400000000001
2022,126,"India","Asia",4.036,3.98,4.092,1.159,0.674,0.252,0.685,0.175,0.111,0.979,"IND","India",2279.98145719369,71.698,310.204676194147,4.09865814174589,34.7555673994206,81.1730040853018,23.5863005677467,7.73192258910563,5.7372323254004,TRUE,TRUE,4.416
2023,126,"India","Asia",4.054,3.985,4.123,1.166,0.653,0.417,0.767,0.174,0.122,0.756,"IND","India",2434.44826340989,72.003,346.246240799183,NA,35.0676918424186,81.1730040853018,23.5863005677467,7.79747542397361,5.84715020054495,TRUE,TRUE,0.305000000000007
2016,15,"Ireland","Europe",6.977,NA,NA,NA,NA,NA,NA,NA,NA,NA,"IRL","Ireland",64129.5571542383,81.6536585365854,5399.14658879521,3.65881991386414,62.7229399123734,-8.2411285455541,53.304895398165,11.0686606466807,8.59399618095087,TRUE,TRUE,NA
2017,14,"Ireland","Europe",6.977,NA,NA,NA,NA,NA,NA,NA,NA,NA,"IRL","Ireland",72161.4047531385,82.1560975609756,5597.70178501849,3.37737011909485,62.9035196521232,-8.2411285455541,53.304895398165,11.1866606217468,8.63011139695553,TRUE,TRUE,0.502439024390199
2018,16,"Ireland","Europe",7.021,NA,NA,NA,NA,NA,NA,NA,NA,NA,"IRL","Ireland",80804.1123164826,82.2048780487805,5873.42099364369,3.30347990989685,63.0844503476779,-8.2411285455541,53.304895398165,11.2997831382201,8.67819253584865,TRUE,TRUE,0.0487804878049047
2019,16,"Ireland","Europe",7.09369993209839,7.01556777954102,7.17183208465576,1.44688677787781,1.47059643268585,0.975670695304871,0.587779939174652,0.295426994562149,0.373433262109756,1.94387817382813,"IRL","Ireland",81827.6688873996,82.7024390243903,6135.1734958403,3.22984004020691,63.2737009154127,-8.2411285455541,53.304895398165,11.3123707158543,8.72179363642572,TRUE,TRUE,0.497560975609801
2020,15,"Ireland","Europe",7.085,7.006,7.164,1.644,1.092,0.753,0.606,0.238,0.367,2.384,"IRL","Ireland",86514.0706108754,82.4560975609756,6856.75098123414,3.19163990020752,63.4713366724915,-8.2411285455541,53.304895398165,11.368062345713,8.83298899063165,TRUE,TRUE,-0.246341463414694
2021,13,"Ireland","Europe",7.041,6.961,7.121,2.129,1.166,0.779,0.627,0.19,0.408,1.743,"IRL","Ireland",103783.446284479,82.2536585365854,7594.85025637471,2.90461993217468,63.6774229356985,-8.2411285455541,53.304895398165,11.550061759968,8.93522569875581,TRUE,TRUE,-0.202439024390202
2022,14,"Ireland","Europe",6.911,6.825,6.996,2.152,1.425,0.539,0.656,0.186,0.409,1.545,"IRL","Ireland",105190.685952731,82.509756097561,8287.65290855729,NA,63.8920250215059,-8.2411285455541,53.304895398165,11.5635300387952,9.02252208482856,TRUE,TRUE,0.25609756097559
2023,17,"Ireland","Europe",6.838,6.749,6.927,2.129,1.39,0.7,0.758,0.205,0.418,1.239,"IRL","Ireland",106818.917130804,82.8073170731707,8269.12496451516,NA,64.1152082461268,-8.2411285455541,53.304895398165,11.5788903165161,9.0202839740176,TRUE,TRUE,0.297560975609699
2016,108,"Iran","Asia",4.692,NA,NA,NA,NA,NA,NA,NA,NA,NA,"IRN","Iran, Islamic Rep.",5710.59947089104,76.155,1137.13457356271,3.17396998405456,73.8796100096595,54.2370770010654,32.9060237428901,8.65007928328494,7.03626684520118,TRUE,TRUE,NA
2017,106,"Iran","Asia",4.707,NA,NA,NA,NA,NA,NA,NA,NA,NA,"IRN","Iran, Islamic Rep.",6000.93346404409,76.396,1163.12432794892,3.45956993103027,74.4011840820312,54.2370770010654,32.9060237428901,8.69967031344997,7.05886504959854,TRUE,TRUE,0.241
2018,117,"Iran","Asia",4.548,NA,NA,NA,NA,NA,NA,NA,NA,NA,"IRN","Iran, Islamic Rep.",4783.01067340237,76.621,984.711822271363,3.61980009078979,74.8034286499023,54.2370770010654,32.9060237428901,8.47282547520663,6.89234903214428,TRUE,TRUE,0.224999999999994
2019,118,"Iran","Asia",4.67239999771118,4.56287908554077,4.78192090988159,1.02932250499725,0.886271178722382,0.749053835868835,0.301195472478867,0.276978939771652,0.14265151321888,1.28696942329407,"IRN","Iran, Islamic Rep.",3997.4935449585,76.855,832.175810194026,3.24005007743835,75.2038879394531,54.2370770010654,32.9060237428901,8.2934228299372,6.72404372882768,TRUE,TRUE,0.234000000000009
2020,118,"Iran","Asia",4.721,4.614,4.828,1.03,0.557,0.561,0.275,0.33,0.144,1.823,"IRN","Iran, Islamic Rep.",3202.50003502169,74.141,700.010304525198,3.20495009422302,75.5986404418945,54.2370770010654,32.9060237428901,8.07168704470662,6.55109505568534,TRUE,TRUE,-2.714
2021,110,"Iran","Asia",4.888,4.78,4.995,1.41,0.741,0.642,0.281,0.241,0.146,1.427,"IRN","Iran, Islamic Rep.",4605.14881318992,73.752,726.492590719466,NA,75.9926376342773,54.2370770010654,32.9060237428901,8.43493026373511,6.58822828436159,TRUE,TRUE,-0.38900000000001
2022,101,"Iran","Asia",4.876,4.772,4.98,1.465,1.102,0.411,0.281,0.229,0.13,1.259,"IRN","Iran, Islamic Rep.",4721.20437099984,76.799,924.354271846296,2.6699800491333,76.3342208862305,54.2370770010654,32.9060237428901,8.4598192093784,6.8290954092475,TRUE,TRUE,3.04700000000001
2023,100,"Iran","Asia",4.923,4.822,5.024,1.435,1.136,0.571,0.366,0.235,0.123,1.057,"IRN","Iran, Islamic Rep.",5049.29931642754,77.654,1064.08202686918,2.82443290958712,76.6759567260742,54.2370770010654,32.9060237428901,8.52700476342057,6.96986775985224,TRUE,TRUE,0.85499999999999
2016,117,"Iraq","Asia",4.497,NA,NA,NA,NA,NA,NA,NA,NA,NA,"IRQ","Iraq",4334.42096404188,68.683,419.046763966849,NA,69.9123778259643,43.8325291810569,33.1050756675279,8.37434330798439,6.03798252220714,TRUE,TRUE,NA
2017,117,"Iraq","Asia",4.456,NA,NA,NA,NA,NA,NA,NA,NA,NA,"IRQ","Iraq",4759.2846435467,69.788,422.367697072078,NA,69.8944511190753,43.8325291810569,33.1050756675279,8.46785265096237,6.04587625473305,TRUE,TRUE,1.10499999999999
2018,126,"Iraq","Asia",4.437,NA,NA,NA,NA,NA,NA,NA,NA,NA,"IRQ","Iraq",5646.68932074742,71.116,496.296129003672,NA,69.8765148865842,43.8325291810569,33.1050756675279,8.63882469146863,6.20717278285246,TRUE,TRUE,1.328
2019,110,"Iraq","Asia",4.78480005264282,4.63232803344727,4.93727207183838,0.982018709182739,1.0114666223526,0.529350697994232,0.283588051795959,0.153002068400383,0.0731649920344353,1.75217366218567,"IRQ","Iraq",5671.8568632942,71.245,522.044020300671,NA,69.8683395385742,43.8325291810569,33.1050756675279,8.64327183222608,6.25775191440497,TRUE,TRUE,0.129000000000005
2020,111,"Iraq","Asia",4.854,4.738,4.97,0.91,0.638,0.381,0.302,0.153,0.041,2.429,"IRQ","Iraq",4295.18945121228,69.651,610.559298367694,NA,69.8683166503906,43.8325291810569,33.1050756675279,8.36525094315737,6.41437541965728,TRUE,TRUE,-1.59400000000001
2021,107,"Iraq","Asia",4.941,4.783,5.099,1.289,0.682,0.554,0.328,0.147,0.046,1.894,"IRQ","Iraq",4868.49431080783,70.704,657.955063777477,NA,69.8682708740234,43.8325291810569,33.1050756675279,8.49053999184625,6.48913663686181,TRUE,TRUE,1.053
2022,98,"Iraq","Asia",4.941,4.783,5.099,1.281,0.953,0.324,0.351,0.134,0.038,1.861,"IRQ","Iraq",6520.73154560584,72.037,624.695412367019,NA,69.8682861328125,43.8325291810569,33.1050756675279,8.78274184887302,6.43726419073479,TRUE,TRUE,1.33300000000001
2023,92,"Iraq","Asia",5.166,5.049,5.283,1.249,0.996,0.498,0.425,0.141,0.048,1.809,"IRQ","Iraq",5965.31835077761,72.324,842.794539580691,NA,69.868278503418,43.8325291810569,33.1050756675279,8.69371770289459,6.73672320300621,TRUE,TRUE,0.286999999999992
2016,3,"Iceland","Europe",7.504,NA,NA,NA,NA,NA,NA,NA,NA,NA,"ISL","Iceland",62854.0906407932,82.2048780487805,4359.94793060117,7.43221998214722,93.7822647094726,-19.056829671061,65.1236092020551,11.0485712976728,8.3802153937491,TRUE,TRUE,NA
2017,4,"Iceland","Europe",7.495,NA,NA,NA,NA,NA,NA,NA,NA,NA,"ISL","Iceland",72976.3729990975,82.6609756097561,4629.7469996541,7.58384990692139,93.7718982310092,-19.056829671061,65.1236092020551,11.1978910101955,8.44025750188404,TRUE,TRUE,0.456097560975593
2018,4,"Iceland","Europe",7.494,NA,NA,NA,NA,NA,NA,NA,NA,NA,"ISL","Iceland",75633.8651351915,82.8609756097561,4824.62936981898,7.56350994110107,93.8526667025487,-19.056829671061,65.1236092020551,11.233659413391,8.48148919627741,TRUE,TRUE,0.200000000000003
2019,4,"Iceland","Europe",7.50449991226196,7.38765287399292,7.62134695053101,1.3265016078949,1.547567486763,1.00084340572357,0.661980748176575,0.362330228090286,0.144540771842003,2.46068811416626,"ISL","Iceland",69296.3144361601,83.1634146341463,5227.25675080911,7.60129976272583,93.9770847416131,-19.056829671061,65.1236092020551,11.1461470010243,8.56164189761545,TRUE,TRUE,0.30243902439021
2020,4,"Iceland","Europe",7.554,7.438,7.67,1.482,1.172,0.772,0.698,0.293,0.17,2.967,"ISL","Iceland",60127.9393575616,83.0634146341463,5381.65984236567,8.5838098526001,94.1367102874722,-19.056829671061,65.1236092020551,11.004229893657,8.59075212645886,TRUE,TRUE,-0.100000000000009
2021,3,"Iceland","Europe",7.557,7.464,7.651,1.936,1.32,0.803,0.718,0.27,0.191,2.32,"ISL","Iceland",70425.4064277273,83.1658536585366,5986.98200041781,8.2265796661377,94.2108206403841,-19.056829671061,65.1236092020551,11.1623093637997,8.6973427244765,TRUE,TRUE,0.102439024390307
2022,3,"Iceland","Europe",7.53,7.434,7.625,1.926,1.62,0.559,0.738,0.25,0.187,2.25,"ISL","Iceland",76376.9599334915,82.119512195122,6697.05207993601,7.30798006057739,94.1787071228028,-19.056829671061,65.1236092020551,11.2434363581216,8.80942272048665,TRUE,TRUE,-1.04634146341461
2023,3,"Iceland","Europe",7.525,7.433,7.618,1.881,1.617,0.718,0.819,0.258,0.182,2.05,"ISL","Iceland",82201.2908518078,82.4560975609756,6618.18885116989,NA,94.1518261784801,-19.056829671061,65.1236092020551,11.3169262847143,8.79757702406261,TRUE,TRUE,0.336585365853608
2016,11,"Israel","Asia",7.213,NA,NA,NA,NA,NA,NA,NA,NA,NA,"ISR","Israel",37571.2561196275,82.4073170731707,2822.07615001507,5.80271005630493,91.6894623646632,35.027923472437,31.5135422200432,10.5339945721222,7.94522811646225,TRUE,TRUE,NA
2017,11,"Israel","Asia",7.19,NA,NA,NA,NA,NA,NA,NA,NA,NA,"ISR","Israel",41013.2575323519,82.5512195121951,2949.81977416572,6.00425004959106,91.6701057535759,35.027923472437,31.5135422200432,10.6216506478663,7.98949935396444,TRUE,TRUE,0.143902439024401
2018,13,"Israel","Asia",7.139,NA,NA,NA,NA,NA,NA,NA,NA,NA,"ISR","Israel",42269.3770257585,82.8024390243903,3035.32613663784,6.06919002532959,91.6456193546346,35.027923472437,31.5135422200432,10.6518181554763,8.01807415625011,TRUE,TRUE,0.251219512195192
2019,14,"Israel","Asia",7.12860012054443,7.04527044296265,7.21192979812622,1.21646368503571,1.40325677394867,1.00805294513702,0.42069947719574,0.266861796379089,0.09989845007658,2.7133584022522,"ISR","Israel",44091.8678022544,82.8048780487805,3114.74855373886,6.06899976730347,91.6154002002652,35.027923472437,31.5135422200432,10.6940306408535,8.04390370685231,TRUE,TRUE,0.00243902439019905
2020,12,"Israel","Asia",7.157,7.09,7.224,1.376,1.074,0.788,0.509,0.208,0.119,3.083,"ISR","Israel",44590.8237253282,82.6487804878049,3322.78131299576,6.51824998855591,91.5788453228939,35.027923472437,31.5135422200432,10.7052833707707,8.10855745607639,TRUE,TRUE,-0.156097560975596
2021,9,"Israel","Asia",7.364,7.301,7.426,1.826,1.221,0.818,0.568,0.155,0.143,2.634,"ISR","Israel",52258.4693499398,82.5,3792.33232052988,6.16727018356323,91.5353517549466,35.027923472437,31.5135422200432,10.8639572495133,8.24073649680553,TRUE,TRUE,-0.148780487804899
2022,4,"Israel","Asia",7.473,7.411,7.535,1.833,1.521,0.577,0.569,0.124,0.158,2.691,"ISR","Israel",54947.2091250715,82.7,4004.16495251062,5.93291997909546,91.4979834273327,35.027923472437,31.5135422200432,10.9141281691893,8.29509033651727,TRUE,TRUE,0.200000000000003
2023,5,"Israel","Asia",7.341,7.277,7.405,1.803,1.513,0.74,0.641,0.153,0.193,2.298,"ISR","Israel",52126.4489280033,83.1951219512195,4033.24498180961,NA,91.5089569794505,35.027923472437,31.5135422200432,10.8614277558947,8.30232653734034,TRUE,TRUE,0.495121951219502
2016,48,"Italy","Europe",5.964,NA,NA,NA,NA,NA,NA,NA,NA,NA,"ITA","Italy",31391.5692898108,83.2439024390244,3527.4122693418,3.795490026474,69.5969232525286,12.7636571661231,42.9820112761427,10.3542946418903,8.16831981292635,TRUE,TRUE,NA
2017,47,"Italy","Europe",6,NA,NA,NA,NA,NA,NA,NA,NA,NA,"ITA","Italy",32844.115660604,82.9463414634147,3658.49323847264,4.02662992477417,69.5180784259382,12.7636571661231,42.9820112761427,10.3995278803364,8.20480665815308,TRUE,TRUE,-0.297560975609699
2018,36,"Italy","Europe",6.223,NA,NA,NA,NA,NA,NA,NA,NA,NA,"ITA","Italy",35062.3364176949,83.3463414634146,3768.18979798478,4.24094009399414,69.4800033569336,12.7636571661231,42.9820112761427,10.4648827968052,8.23435000544275,TRUE,TRUE,0.399999999999906
2019,30,"Italy","Europe",6.38740015029907,6.30255556106567,6.47224473953247,1.23639607429504,1.34729599952698,1.02250492572784,0.321305572986603,0.170266211032867,0.0401455983519554,2.2495059967041,"ITA","Italy",33812.788724868,83.4975609756098,4014.20880137632,4.07843017578125,69.5050010681153,12.7636571661231,42.9820112761427,10.4285943745503,8.29759554628348,TRUE,TRUE,0.151219512195198
2020,28,"Italy","Europe",6.483,6.395,6.572,1.393,0.94,0.798,0.379,0.133,0.047,2.794,"ITA","Italy",32091.4866621366,82.1951219512195,4235.52022871812,4.41803979873657,69.5187492370606,12.7636571661231,42.9820112761427,10.3763460609254,8.35126143985315,TRUE,TRUE,-1.3024390243903
2021,31,"Italy","Europe",6.467,6.363,6.57,1.834,1.052,0.801,0.412,0.085,0.059,2.222,"ITA","Italy",36852.5425414951,82.6463414634146,4616.57168645756,4.17118978500366,69.4812507629394,12.7636571661231,42.9820112761427,10.5146798922928,8.43740764940525,TRUE,TRUE,0.451219512195095
2022,33,"Italy","Europe",6.405,6.298,6.511,1.832,1.365,0.559,0.438,0.097,0.063,2.052,"ITA","Italy",35653.9042103495,82.7,4976.63623742872,4.06775999069214,69.4839779766539,12.7636571661231,42.9820112761427,10.4816139348629,8.51250948746507,TRUE,TRUE,0.0536585365854023
2023,41,"Italy","Europe",6.324,6.211,6.436,1.8,1.328,0.72,0.513,0.112,0.074,1.777,"ITA","Italy",39279.699782164,83.3512195121951,4865.97795528379,NA,69.5381540123301,12.7636571661231,42.9820112761427,10.5784631194189,8.4900229929764,TRUE,TRUE,0.651219512195098
2016,76,"Jamaica","North America",5.311,NA,NA,NA,NA,NA,NA,NA,NA,NA,"JAM","Jamaica",5302.29553353854,72.052,619.42826391912,5.31459999084473,55.549259277615,-77.3035889454278,18.1220788934165,8.57589512530659,6.42879689762351,TRUE,TRUE,NA
2017,56,"Jamaica","North America",5.89,NA,NA,NA,NA,NA,NA,NA,NA,NA,"JAM","Jamaica",5605.43541173019,71.879,685.918954338955,5.26015996932983,55.9152267548307,-77.3035889454278,18.1220788934165,8.63149201522421,6.53075947838349,TRUE,TRUE,-0.173000000000002
2018,56,"Jamaica","North America",5.89,NA,NA,NA,NA,NA,NA,NA,NA,NA,"JAM","Jamaica",5976.90362644337,71.606,686.297073863773,5.41379022598267,56.297410990325,-77.3035889454278,18.1220788934165,8.69565792462589,6.53131058626536,TRUE,TRUE,-0.27300000000001
2019,60,"Jamaica","North America",5.88980007171631,5.65344285964966,6.12615728378296,0.779058396816254,1.40828919410706,0.788434088230133,0.553124606609344,0.116268493235111,0.030147785320878,2.21443653106689,"JAM","Jamaica",6030.68896415921,71.532,702.766909108247,5.16364002227783,56.6957957395074,-77.3035889454278,18.1220788934165,8.70461653927397,6.55502527083939,TRUE,TRUE,-0.0739999999999981
2020,37,"Jamaica","North America",6.309,6.004,6.615,0.891,0.932,0.599,0.618,0.099,0.035,3.135,"JAM","Jamaica",5299.04530804283,71.452,672.13910717131,5.38065828197341,57.1103647563627,-77.3035889454278,18.1220788934165,8.5752819527568,6.51046532381984,TRUE,TRUE,-0.0799999999999983
2021,63,"Jamaica","North America",5.85,5.676,6.023,1.296,1.045,0.646,0.567,0.08,0.053,2.164,"JAM","Jamaica",5625.67806271236,69.085,766.423897436502,5.63122987747192,57.5411017937226,-77.3035889454278,18.1220788934165,8.63509676428992,6.64173540758558,TRUE,TRUE,-2.367
2022,68,"Jamaica","North America",5.703,5.529,5.876,1.305,1.329,0.411,0.587,0.079,0.039,1.954,"JAM","Jamaica",6626.47502388538,71.481,933.711988629483,5.35435009002685,57.9879906034775,-77.3035889454278,18.1220788934165,8.79882827118745,6.83916802732336,TRUE,TRUE,2.396
2023,67,"Jamaica","North America",5.842,5.624,6.059,1.28,1.324,0.567,0.647,0.089,0.028,1.907,"JAM","Jamaica",7542.39855849054,71.479,868.617475019533,5.65453693979426,58.4510149367429,-77.3035889454278,18.1220788934165,8.928295521621,6.76690283850246,TRUE,TRUE,-0.00199999999999534
2016,74,"Jordan","Asia",5.336,NA,NA,NA,NA,NA,NA,NA,NA,NA,"JOR","Jordan",4366.06999647268,75.55,610.296853083096,3.45282006263733,90.56272794707,36.9572888454725,31.3870648844492,8.3816185691556,6.41394548319289,TRUE,TRUE,NA
2017,90,"Jordan","Asia",5.161,NA,NA,NA,NA,NA,NA,NA,NA,NA,"JOR","Jordan",4449.34618076611,76.071,658.735447420871,3.21305990219116,90.8764609714428,36.9572888454725,31.3870648844492,8.40051243869511,6.49032200840984,TRUE,TRUE,0.521000000000001
2018,101,"Jordan","Asia",4.906,NA,NA,NA,NA,NA,NA,NA,NA,NA,"JOR","Jordan",4533.97658437205,76.491,631.419730156408,2.95461988449097,91.2008859099729,36.9572888454725,31.3870648844492,8.41935466660157,6.44797082390366,TRUE,TRUE,0.420000000000002
2019,119,"Jordan","Asia",4.63339996337891,4.51824760437012,4.7485523223877,0.785179197788239,1.14011859893799,0.777624726295471,0.424855083227158,0.0914947688579559,0.151878625154495,1.26225805282593,"JOR","Jordan",4557.79334729121,76.865,666.863263209681,2.98846006393433,91.515966492507,36.9572888454725,31.3870648844492,8.42459387031603,6.50258502221557,TRUE,TRUE,0.373999999999995
2020,127,"Jordan","Asia",4.395,4.273,4.516,0.89,0.685,0.583,0.455,0.079,0.15,1.553,"JOR","Jordan",4411.48321838396,75.583,722.796839540192,3.55303483980158,91.8216722992319,36.9572888454725,31.3870648844492,8.39196624259371,6.58312818618526,TRUE,TRUE,-1.282
2021,134,"Jordan","Asia",4.152,4.029,4.276,1.324,0.724,0.675,0.476,0.058,0.2,0.695,"JOR","Jordan",4581.71967230365,74.204,706.80286200575,3.13837003707886,92.117972910453,36.9572888454725,31.3870648844492,8.4298296809375,6.56075178968147,TRUE,TRUE,-1.379
2022,123,"Jordan","Asia",4.12,3.997,4.242,1.292,0.98,0.438,0.517,0.056,0.173,0.663,"JOR","Jordan",4754.41362207378,77.088,766.238837716302,3.15300011634827,92.4048379066163,36.9572888454725,31.3870648844492,8.46682864919932,6.64149391972676,TRUE,TRUE,2.884
2023,125,"Jordan","Asia",4.186,4.066,4.306,1.262,0.983,0.594,0.593,0.059,0.189,0.504,"JOR","Jordan",4906.23543006639,77.814,797.845877689424,3.51486315596325,92.682236868336,36.9572888454725,31.3870648844492,8.49826221185831,6.68191544306916,TRUE,TRUE,0.725999999999999
2016,51,"Japan","Asia",5.92,NA,NA,NA,NA,NA,NA,NA,NA,NA,"JPN","Japan",40214.9688631562,83.9848780487805,4324.3399171434,3.14643001556396,91.4541254852142,137.469342343518,36.7673883259783,10.6019945650784,8.37201478740465,TRUE,TRUE,NA
2017,54,"Japan","Asia",5.915,NA,NA,NA,NA,NA,NA,NA,NA,NA,"JPN","Japan",39679.8635262948,84.099756097561,4413.18629236203,3.13057994842529,91.5498419685883,137.469342343518,36.7673883259783,10.5885991220354,8.39235222282722,TRUE,TRUE,0.114878048780497
2018,58,"Japan","Asia",5.886,NA,NA,NA,NA,NA,NA,NA,NA,NA,"JPN","Japan",40645.478086519,84.2109756097561,4522.3413919771,3.07782006263733,91.6377318609728,137.469342343518,36.7673883259783,10.6126428686043,8.41678514578151,TRUE,TRUE,0.111219512195106
2019,62,"Japan","Asia",5.87080001831055,5.78967237472534,5.95192766189575,1.26672410964966,1.33233869075775,1.07288134098053,0.495465874671936,0.0357117801904678,0.181439638137817,1.4862003326416,"JPN","Japan",41424.8655601543,84.3563414634146,4679.33218824469,3.15533995628357,91.7164207898107,137.469342343518,36.7673883259783,10.63163659691,8.45091068391031,TRUE,TRUE,0.14536585365849
2020,56,"Japan","Asia",5.94,5.861,6.02,1.389,0.949,0.838,0.504,0.02,0.192,2.048,"JPN","Japan",41098.9739004553,84.56,4855.9607582898,3.30628991127014,91.7809926267889,137.469342343518,36.7673883259783,10.623738434247,8.48796225162962,TRUE,TRUE,0.203658536585408
2021,54,"Japan","Asia",6.039,5.959,6.119,1.835,1.089,0.866,0.537,0.007,0.218,1.487,"JPN","Japan",41580.739040705,84.4456097560976,5358.70264015009,3.33663988113403,91.8741049279527,137.469342343518,36.7673883259783,10.6353923352008,8.58647718001917,TRUE,TRUE,-0.114390243902406
2022,47,"Japan","Asia",6.129,6.047,6.211,1.825,1.396,0.622,0.556,0.009,0.207,1.513,"JPN","Japan",35548.2645222433,83.9963414634146,5845.99179540408,NA,91.9776532428406,137.469342343518,36.7673883259783,10.4786466161,8.67351154221555,TRUE,TRUE,-0.449268292683001
2023,51,"Japan","Asia",6.06,5.976,6.144,1.786,1.354,0.785,0.632,0.023,0.219,1.261,"JPN","Japan",35215.003535366,84.0412195121951,5365.0750064152,NA,92.0826903891473,137.469342343518,36.7673883259783,10.4692275075733,8.58766563565956,TRUE,TRUE,0.0448780487805038
2016,60,"Kazakhstan","Asia",5.819,NA,NA,NA,NA,NA,NA,NA,NA,NA,"KAZ","Kazakhstan",7475.56688689424,72.549,787.931981928079,2.9780900478363,56.7476265001667,66.3759193479301,47.6414651951768,8.91939523309496,6.66941176878217,TRUE,TRUE,NA
2017,60,"Kazakhstan","Asia",5.79,NA,NA,NA,NA,NA,NA,NA,NA,NA,"KAZ","Kazakhstan",8943.08416791984,72.996,731.764378703708,2.75081992149353,57.4586448748837,66.3759193479301,47.6414651951768,9.09863579389977,6.59545857512777,TRUE,TRUE,0.446999999999989
2018,60,"Kazakhstan","Asia",5.809,NA,NA,NA,NA,NA,NA,NA,NA,NA,"KAZ","Kazakhstan",9472.48527327758,73.369,707.173944574643,2.61595010757446,58.2388038921695,66.3759193479301,47.6414651951768,9.15614658820984,6.56127666756587,TRUE,TRUE,0.373000000000005
2019,50,"Kazakhstan","Asia",6.05789995193481,5.97316980361938,6.14263010025024,1.12259423732758,1.45326769351959,0.698788940906525,0.497432142496109,0.153713792562485,0.110463686287403,2.02160263061523,"KAZ","Kazakhstan",9457.12614657136,73.658,799.701068382388,2.8569700717926,59.0832474269546,66.3759193479301,47.6414651951768,9.15452382588937,6.68423799331593,TRUE,TRUE,0.289000000000001
2020,45,"Kazakhstan","Asia",6.152,6.06,6.243,1.23,1.103,0.527,0.573,0.143,0.132,2.446,"KAZ","Kazakhstan",8781.50797787648,71.195,1089.86734426699,4.44620380169618,59.9871193541692,66.3759193479301,47.6414651951768,9.08040342334814,6.99381126530949,TRUE,TRUE,-2.46300000000001
2021,40,"Kazakhstan","Asia",6.234,6.138,6.33,1.668,1.22,0.611,0.584,0.134,0.157,1.86,"KAZ","Kazakhstan",9983.60103576902,70.131,1292.98944963159,4.38569397571466,61.030254280267,66.3759193479301,47.6414651951768,9.2086991294511,7.16471221913423,TRUE,TRUE,-1.06399999999999
2022,44,"Kazakhstan","Asia",6.144,6.049,6.239,1.664,1.491,0.389,0.628,0.136,0.149,1.688,"KAZ","Kazakhstan",11255.3396437881,73.503,1344.55095392536,4.36185360851405,61.444157327248,66.3759193479301,47.6414651951768,9.32859793003239,7.20381537303868,TRUE,TRUE,3.372
2023,49,"Kazakhstan","Asia",6.188,6.097,6.278,1.622,1.457,0.556,0.733,0.149,0.12,1.551,"KAZ","Kazakhstan",12879.4275257974,74.402,1459.9923891622,4.86469984054565,61.7560919499181,66.3759193479301,47.6414651951768,9.4633865519157,7.28618650178619,TRUE,TRUE,0.899000000000001
2016,112,"Kenya","Africa",4.553,NA,NA,NA,NA,NA,NA,NA,NA,NA,"KEN","Kenya",1554.12610314423,62.526,186.209091093767,4.89518022537231,31.6502520105647,37.9530941126237,0.689918231837618,7.34866867508978,5.22687018800001,TRUE,TRUE,NA
2017,124,"Kenya","Africa",4.41,NA,NA,NA,NA,NA,NA,NA,NA,NA,"KEN","Kenya",1667.48447230835,62.725,166.504149084223,4.96308994293213,31.5383650847102,37.9530941126237,0.689918231837618,7.41907146578741,5.11502022853478,TRUE,TRUE,0.198999999999998
2018,121,"Kenya","Africa",4.509,NA,NA,NA,NA,NA,NA,NA,NA,NA,"KEN","Kenya",1836.45275528993,62.825,180.83137769951,5.10761976242065,31.3940041639796,37.9530941126237,0.689918231837618,7.51559113952176,5.19756498212311,TRUE,TRUE,0.100000000000001
2019,121,"Kenya","Africa",4.58300018310547,4.45010232925415,4.71589803695679,0.476413398981094,0.905077755451202,0.536312758922577,0.519180536270142,0.393902093172073,0.0672010779380798,1.6849045753479,"KEN","Kenya",1960.40808854893,62.939,204.779711565058,5.37359210998097,31.1895566421135,37.9530941126237,0.689918231837618,7.58090793899552,5.32193482363439,TRUE,TRUE,0.113999999999997
2020,121,"Kenya","Africa",4.607,4.466,4.747,0.603,0.508,0.385,0.483,0.375,0.073,2.18,"KEN","Kenya",1927.66459027849,61.596,215.286103241805,5.04574892454155,31.2063494632616,37.9530941126237,0.689918231837618,7.56406449233848,5.37196785626672,TRUE,TRUE,-1.343
2021,119,"Kenya","Africa",4.543,4.403,4.683,1.032,0.605,0.401,0.44,0.322,0.082,1.661,"KEN","Kenya",2061.35622089594,61.225,243.981689723105,4.89040202257195,31.2879334021971,37.9530941126237,0.689918231837618,7.6311194048182,5.49709318035898,TRUE,TRUE,-0.370999999999995
2022,111,"Kenya","Africa",4.487,4.357,4.616,1.051,0.881,0.19,0.418,0.291,0.055,1.601,"KEN","Kenya",2109.56288513137,63.549,254.297591466065,4.51101801829815,31.4307820066946,37.9530941126237,0.689918231837618,7.65423604156395,5.53850520115265,TRUE,TRUE,2.324
2023,114,"Kenya","Africa",4.47,4.344,4.595,1.037,0.895,0.353,0.519,0.282,0.069,1.316,"KEN","Kenya",1942.58802756191,63.646,274.473624269189,3.96229304413263,31.6330340816429,37.9530941126237,0.689918231837618,7.57177639784922,5.61485516988194,TRUE,TRUE,0.0970000000000013
2016,98,"Kyrgyzstan","Asia",5.004,NA,NA,NA,NA,NA,NA,NA,NA,NA,"KGZ","Kyrgyz Republic",1103.27489428412,70.9512195121951,298.447210734546,6.58616018295288,35.0515747230627,74.1753290346832,41.3569890543836,7.00603821239462,5.69859306873264,TRUE,TRUE,NA
2017,92,"Kyrgyzstan","Asia",5.131,NA,NA,NA,NA,NA,NA,NA,NA,NA,"KGZ","Kyrgyz Republic",1221.39046807082,71.2,310.694002593124,6.02618980407715,34.9980805726839,74.1753290346832,41.3569890543836,7.1077452166574,5.73880851332607,TRUE,TRUE,0.248780487804908
2018,86,"Kyrgyzstan","Asia",5.261,NA,NA,NA,NA,NA,NA,NA,NA,NA,"KGZ","Kyrgyz Republic",1283.5203037417,71.4,243.253259652794,5.55267000198364,34.9408997219466,74.1753290346832,41.3569890543836,7.15736181922908,5.49410312139892,TRUE,TRUE,0.200000000000003
2019,74,"Kyrgyzstan","Asia",5.54150009155273,5.45589208602905,5.62710809707642,0.51318097114563,1.34103667736053,0.680645883083344,0.614617764949799,0.301370739936829,0.030466690659523,2.06020665168762,"KGZ","Kyrgyz Republic",1421.99927504102,71.6,229.016769144427,5.0802698135376,34.8805205758044,74.1753290346832,41.3569890543836,7.25981910054661,5.43379522857814,TRUE,TRUE,0.199999999999989
2020,67,"Kyrgyzstan","Asia",5.744,5.653,5.834,0.665,0.971,0.501,0.673,0.266,0.02,2.648,"KGZ","Kyrgyz Republic",1229.51766602907,71.8,257.988148371502,5.7331600189209,34.8174315392111,74.1753290346832,41.3569890543836,7.11437723001912,5.55291364732194,TRUE,TRUE,0.200000000000003
2021,64,"Kyrgyzstan","Asia",5.828,5.741,5.916,1.069,1.109,0.638,0.693,0.208,0.025,2.087,"KGZ","Kyrgyz Republic",1349.99730650542,71.9,308.44374697765,5.16667985916138,34.7521210171204,74.1753290346832,41.3569890543836,7.20785787624931,5.73153948304831,TRUE,TRUE,0.100000000000009
2022,62,"Kyrgyzstan","Asia",5.825,5.737,5.913,1.061,1.439,0.417,0.735,0.234,0.018,1.92,"KGZ","Kyrgyz Republic",1739.72018344174,72.0487804878049,333.009946252757,7.16884382244099,34.7003053497743,74.1753290346832,41.3569890543836,7.46147956516266,5.80817235816128,TRUE,TRUE,0.148780487804899
2023,75,"Kyrgyzstan","Asia",5.714,5.632,5.795,1.054,1.477,0.588,0.834,0.225,0.03,1.505,"KGZ","Kyrgyz Republic",2138.22210211478,72.2487804878049,348.625883638341,6.82694680798777,34.706439175362,74.1753290346832,41.3569890543836,7.66772996931149,5.85399938058292,TRUE,TRUE,0.199999999999989
2016,129,"Cambodia","Asia",4.168,NA,NA,NA,NA,NA,NA,NA,NA,NA,"KHM","Cambodia",1675.19555711109,69.635,213.216076180385,NA,32.4767436038024,105.039730786807,12.6991868655078,7.42368518795844,5.36230609367213,TRUE,TRUE,NA
2017,120,"Cambodia","Asia",4.433,NA,NA,NA,NA,NA,NA,NA,NA,NA,"KHM","Cambodia",1826.35391688754,69.842,215.603982186791,NA,35.0127905056235,105.039730786807,12.6991868655078,7.51007686323253,5.3734433091184,TRUE,TRUE,0.206999999999994
2018,109,"Cambodia","Asia",4.7,NA,NA,NA,NA,NA,NA,NA,NA,NA,"KHM","Cambodia",2036.67377566578,69.993,252.60001008287,1.60336995124817,37.6404336372742,105.039730786807,12.6991868655078,7.61907325399837,5.53180724983274,TRUE,TRUE,0.150999999999996
2019,106,"Cambodia","Asia",4.8484001159668,4.73470687866211,4.96209335327148,0.544634938240051,1.07142603397369,0.587904334068298,0.674940347671509,0.233342081308365,0.0728375017642975,1.66330003738403,"KHM","Cambodia",2225.87705485686,70.127,311.269698199494,2.13345387893978,39.5830241256026,105.039730786807,12.6991868655078,7.70790629888918,5.74065973316429,TRUE,TRUE,0.134
2020,114,"Cambodia","Asia",4.83,4.698,4.963,0.603,0.68,0.426,0.702,0.21,0.061,2.148,"KHM","Cambodia",2081.73914242939,70.059,304.866566684615,2.2476462495972,39.832658030922,105.039730786807,12.6991868655078,7.64095894950458,5.71987419460242,TRUE,TRUE,-0.0679999999999978
2021,114,"Cambodia","Asia",4.64,4.516,4.765,1.019,0.732,0.505,0.74,0.166,0.068,1.41,"KHM","Cambodia",2167.40324198499,69.301,394.629065961787,1.96232691812756,40.1091858128847,105.039730786807,12.6991868655078,7.68128506728227,5.97794625018089,TRUE,TRUE,-0.757999999999996
2022,115,"Cambodia","Asia",4.393,4.279,4.508,1.025,1.024,0.283,0.768,0.176,0.051,1.068,"KHM","Cambodia",2325.03050040841,70.528,309.093530312547,1.95793279576416,40.374616187368,105.039730786807,12.6991868655078,7.75148843639064,5.73364391819287,TRUE,TRUE,1.227
2023,119,"Cambodia","Asia",4.341,4.236,4.446,1.011,1.019,0.442,0.863,0.17,0.071,0.765,"KHM","Cambodia",2429.74853452838,70.668,350.113839449842,2.1809128340295,40.6290788072508,105.039730786807,12.6991868655078,7.79554304724661,5.85825835717031,TRUE,TRUE,0.140000000000001
2016,55,"Republic of Korea","Asia",5.838,NA,NA,NA,NA,NA,NA,NA,NA,NA,"KOR","Korea, Rep.",30832.0628072516,82.2756097560976,2760.95388600378,4.11502981185913,81.5559241797057,127.762245513576,36.4023867125441,10.3363104277321,7.92333150987245,TRUE,TRUE,NA
2017,57,"Republic of Korea","Asia",5.875,NA,NA,NA,NA,NA,NA,NA,NA,NA,"KOR","Korea, Rep.",33296.9845439195,82.6268292682927,2926.77117938189,4.10775995254517,81.471030429984,127.762245513576,36.4023867125441,10.4132221176316,7.9816551078184,TRUE,TRUE,0.351219512195101
2018,54,"Republic of Korea","Asia",5.895,NA,NA,NA,NA,NA,NA,NA,NA,NA,"KOR","Korea, Rep.",35363.9508228687,82.6268292682927,3246.98677712342,4.21645021438599,81.3823523035196,127.762245513576,36.4023867125441,10.4734482419261,8.08548269975807,TRUE,TRUE,0
2019,61,"Republic of Korea","Asia",5.87239980697632,5.78599309921265,5.95880651473999,1.24530065059662,1.13356053829193,1.02254259586334,0.25935634970665,0.170303866267204,0.0945962816476822,1.94675707817078,"KOR","Korea, Rep.",33826.9443301597,83.2268292682927,3578.35067272385,4.41813993453979,81.2901063535619,127.762245513576,36.4023867125441,10.4290129334316,8.1826572672941,TRUE,TRUE,0.600000000000009
2020,62,"Republic of Korea","Asia",5.845,5.763,5.928,1.403,0.758,0.801,0.353,0.134,0.135,2.262,"KOR","Korea, Rep.",33645.7719545073,83.4268292682927,3841.90796490704,4.52706003189087,81.1759595622913,127.762245513576,36.4023867125441,10.423642679467,8.25372438804601,TRUE,TRUE,0.200000000000003
2021,59,"Republic of Korea","Asia",5.935,5.849,6.021,1.851,0.886,0.841,0.414,0.111,0.176,1.656,"KOR","Korea, Rep.",37518.4635305697,83.5268292682927,4308.87355328684,4.55590009689331,81.1616526507785,127.762245513576,36.4023867125441,10.5325884516039,8.36843179239224,TRUE,TRUE,0.0999999999999943
2022,57,"Republic of Korea","Asia",5.951,5.862,6.04,1.853,1.188,0.603,0.446,0.112,0.163,1.587,"KOR","Korea, Rep.",34822.4048404971,82.6804878048781,4868.65870526587,5.40910005569458,81.1624941626873,127.762245513576,36.4023867125441,10.4580162758568,8.49057375827835,TRUE,TRUE,-0.846341463414603
2023,52,"Republic of Korea","Asia",6.058,5.968,6.148,1.815,1.178,0.77,0.555,0.126,0.158,1.456,"KOR","Korea, Rep.",35674.095995632,83.4292682926829,4797.57501264956,NA,81.1645551720421,127.762245513576,36.4023867125441,10.4821801020277,8.47586586353858,TRUE,TRUE,0.748780487804808
2016,39,"Kuwait","Asia",6.105,NA,NA,NA,NA,NA,NA,NA,NA,NA,"KWT","Kuwait",27323.6890735517,79.6775853658537,1980.55759654093,5.95593958839578,100,47.5631110932018,29.2813609654431,10.2155093365435,7.5911336984573,FALSE,TRUE,NA
2017,45,"Kuwait","Asia",6.083,NA,NA,NA,NA,NA,NA,NA,NA,NA,"KWT","Kuwait",29047.6536135703,79.9160731707317,2166.91221936293,6.35444222156987,100,47.5631110932018,29.2813609654431,10.2766929884007,7.68105849280769,FALSE,TRUE,0.238487804878005
2018,51,"Kuwait","Asia",6.021,NA,NA,NA,NA,NA,NA,NA,NA,NA,"KWT","Kuwait",32067.9623756889,80.1063658536585,2656.97664527563,6.39165256830382,100,47.5631110932018,29.2813609654431,10.3756127538956,7.88494415583621,FALSE,TRUE,0.190292682926795
2019,48,"Kuwait","Asia",6.10209989547729,5.99763631820679,6.2065634727478,1.42483365535736,1.24477982521057,0.776468932628632,0.570261418819427,0.13275109231472,0.1128149330616,1.84016799926758,"KWT","Kuwait",31707.8737443551,81.969756097561,2627.53137582571,6.72789551402991,100,47.5631110932018,29.2813609654431,10.3643203121261,7.87380004400263,FALSE,TRUE,1.8633902439025
2020,47,"Kuwait","Asia",6.106,5.977,6.235,1.461,0.857,0.58,0.591,0.12,0.13,2.368,"KWT","Kuwait",25236.0755848941,78.7609756097561,2534.62202443459,6.24513034913966,100,47.5631110932018,29.2813609654431,10.136029820608,7.83779980212121,FALSE,TRUE,-3.2087804878049
2021,50,"Kuwait","Asia",6.106,5.977,6.235,1.904,0.983,0.747,0.617,0.087,0.147,1.621,"KWT","Kuwait",34018.6342592913,78.7365853658537,2717.95513045484,7.76246706467929,100,47.5631110932018,29.2813609654431,10.4346637199145,7.90763508628006,FALSE,TRUE,-0.0243902439024026
2023,13,"Kuwait","Asia",6.951,6.843,7.06,1.845,1.364,0.661,0.827,0.2,0.172,1.884,"KWT","Kuwait",34091.9714813002,83.1878048780488,2566.8102979544,5.0262608311279,100,47.5631110932018,29.2813609654431,10.4368171951201,7.85041927784992,FALSE,TRUE,NA
2017,110,"Lao PDR","Asia",4.623,NA,NA,NA,NA,NA,NA,NA,NA,NA,"LAO","Lao PDR",2432.43059478511,67.345,180.343744916157,2.49797261414021,34.5115346444216,103.763758990264,18.1172827368733,7.79664628119066,5.1948647237215,FALSE,FALSE,NA
2018,105,"Lao PDR","Asia",4.796,NA,NA,NA,NA,NA,NA,NA,NA,NA,"LAO","Lao PDR",2545.1075420815,67.594,168.177686819679,2.33501229018316,35.2050070032013,103.763758990264,18.1172827368733,7.84192818431248,5.12502108011632,FALSE,FALSE,0.248999999999995
2019,104,"Lao PDR","Asia",4.88859987258911,4.80967330932617,4.96752643585205,0.71469384431839,0.987391889095306,0.486378282308578,0.612027287483215,0.272667109966278,0.194273963570595,1.62115263938904,"LAO","Lao PDR",2589.32081035237,67.911,202.090167288715,2.12201393748998,35.9072880879451,103.763758990264,18.1172827368733,7.85915088491869,5.30871397052295,FALSE,FALSE,0.317000000000007
2020,100,"Lao PDR","Asia",5.03,4.941,5.119,0.808,0.598,0.33,0.643,0.268,0.179,2.204,"LAO","Lao PDR",2583.77730696131,68.339,159.156730844236,1.91597273223857,36.6185033569111,103.763758990264,18.1172827368733,7.85700767967213,5.06988944528894,FALSE,FALSE,0.427999999999997
2021,95,"Lao PDR","Asia",5.14,5.018,5.263,1.239,0.654,0.479,0.679,0.197,0.184,1.709,"LAO","Lao PDR",2526.05105018529,67.807,219.494773993884,1.85949176876536,37.338778268357,103.763758990264,18.1172827368733,7.83441251259747,5.3913284235479,FALSE,FALSE,-0.531999999999996
2022,89,"Lao PDR","Asia",5.111,4.952,5.269,1.232,0.853,0.257,0.715,0.185,0.162,1.707,"LAO","Lao PDR",2046.40440255621,68.715,177.126778730814,1.46083440434069,38.0682382805397,103.763758990264,18.1172827368733,7.62383958218867,5.17686574019508,FALSE,FALSE,0.908000000000001
2023,94,"Lao PDR","Asia",5.139,5.017,5.261,1.208,0.846,0.423,0.796,0.17,0.167,1.529,"LAO","Lao PDR",2066.94979776957,68.964,123.253987719582,1.23375160355741,38.8070088517156,103.763758990264,18.1172827368733,7.63382927190234,4.81424716712217,FALSE,FALSE,0.248999999999995
2016,88,"Lebanon","Asia",5.225,NA,NA,NA,NA,NA,NA,NA,NA,NA,"LBN","Lebanon",8089.012088155,78.306,1500.83443130369,2.17820270841405,88.835892633396,35.8965194632475,33.9116017072209,8.99826188741108,7.31377651995554,TRUE,TRUE,NA
2017,88,"Lebanon","Asia",5.199,NA,NA,NA,NA,NA,NA,NA,NA,NA,"LBN","Lebanon",8608.21084982387,78.192,1636.00512329959,2.21606844423238,89.0519233886895,35.8965194632475,33.9116017072209,9.06047177673725,7.400012648759,TRUE,TRUE,-0.114000000000004
2018,91,"Lebanon","Asia",5.197,NA,NA,NA,NA,NA,NA,NA,NA,NA,"LBN","Lebanon",9174.53666204759,78.263,1774.23340985972,2.6165251225734,89.272833088641,35.8965194632475,33.9116017072209,9.12418717159829,7.48112372685255,TRUE,TRUE,0.0710000000000122
2019,111,"Lebanon","Asia",4.77150011062622,4.68574237823486,4.85725784301758,0.889232516288757,1.19249331951141,0.788671135902405,0.18551667034626,0.158524140715599,0.0215181466192007,1.53554224967957,"LBN","Lebanon",8905.88005497437,78.208,1887.44589664451,2.51957250612723,89.4986743521503,35.8965194632475,33.9116017072209,9.09446701790126,7.54297981668296,TRUE,TRUE,-0.0550000000000068
2020,123,"Lebanon","Asia",4.584,4.477,4.691,1.045,0.868,0.595,0.175,0.14,0.026,1.736,"LBN","Lebanon",5561.19166950397,76.299,1008.03918944587,2.4354185601396,89.729499798117,35.8965194632475,33.9116017072209,8.62356769332692,6.91576232629409,TRUE,TRUE,-1.90899999999999
2021,145,"Lebanon","Asia",2.955,2.862,3.049,1.392,0.498,0.631,0.103,0.082,0.034,0.216,"LBN","Lebanon",4045.37391066234,73.65,460.948680112214,NA,89.965362045441,35.8965194632475,33.9116017072209,8.30532926296149,6.13328671383279,TRUE,TRUE,-2.649
2022,136,"Lebanon","Asia",2.392,2.305,2.479,1.417,0.476,0.398,0.123,0.061,0.027,-0.11,"LBN","Lebanon",3654.35845534878,78.003,696.508149069305,1.33151427628711,90.206313713022,35.8965194632475,33.9116017072209,8.20367583156515,6.54607949317913,TRUE,TRUE,4.35299999999999
2023,142,"Lebanon","Asia",2.707,2.616,2.797,1.377,0.577,0.556,0.173,0.068,0.029,-0.073,"LBN","Lebanon",3477.72489842684,77.817,643.849749450606,1.50416361108086,90.4524074197598,35.8965194632475,33.9116017072209,8.15413359415124,6.46746539057722,TRUE,TRUE,-0.186000000000007
2016,148,"Liberia","Africa",3.533,NA,NA,NA,NA,NA,NA,NA,NA,NA,"LBR","Liberia",714.613063145659,60.483,157.762615323847,2.11479684223088,51.2687310234384,-9.25898893549762,6.52012979398834,6.57174122578279,5.06109146858106,TRUE,TRUE,NA
2017,149,"Liberia","Africa",3.495,NA,NA,NA,NA,NA,NA,NA,NA,NA,"LBR","Liberia",699.269095727404,60.777,161.616668084279,2.66330003738403,51.7957569553849,-9.25898893549762,6.52012979398834,6.55003564057927,5.08522728485389,TRUE,TRUE,0.294000000000004
2018,141,"Liberia","Africa",3.975,NA,NA,NA,NA,NA,NA,NA,NA,NA,"LBR","Liberia",692.203127129794,60.999,179.382782608198,2.50391006469727,52.3245795497906,-9.25898893549762,6.52012979398834,6.53987944885905,5.18952197293546,TRUE,TRUE,0.222000000000001
2019,124,"Liberia","Africa",4.55789995193481,4.39726543426514,4.71853446960449,0.174103006720543,0.92073392868042,0.392284274101257,0.405943095684052,0.226967871189117,0.0511398762464523,2.38675785064697,"LBR","Liberia",658.164180770507,61.232,147.957332868758,2.16508193926132,52.85526226447,-9.25898893549762,6.52012979398834,6.48945441505046,4.99692394077284,TRUE,TRUE,0.232999999999997
2020,120,"Liberia","Africa",4.625,4.417,4.833,0.228,0.58,0.253,0.43,0.221,0.057,2.857,"LBR","Liberia",616.787867006715,61.267,204.597033553926,2.13601415111746,53.3878685572381,-9.25898893549762,6.52012979398834,6.42452515118456,5.3210423546535,TRUE,TRUE,0.0350000000000037
2021,97,"Liberia","Africa",5.122,4.815,5.428,0.636,0.67,0.309,0.405,0.178,0.08,2.844,"LBR","Liberia",667.96610514319,61.166,204.029204799176,2.4235999584198,53.9224618859098,-9.25898893549762,6.52012979398834,6.50423743144568,5.31826314437796,TRUE,TRUE,-0.101000000000006
2022,125,"Liberia","Africa",4.042,3.76,4.325,0.628,0.644,0.141,0.471,0.219,0.071,1.869,"LBR","Liberia",744.617175237387,61.934,229.443081656853,2.2760960068702,54.4591057083,-9.25898893549762,6.52012979398834,6.61287022756715,5.43565498853119,TRUE,TRUE,0.768000000000001
2023,121,"Liberia","Africa",4.269,4.063,4.474,0.619,0.673,0.301,0.546,0.178,0.075,1.878,"LBR","Liberia",799.194470229642,62.163,233.052087652106,2.2665256232687,54.997863482224,-9.25898893549762,6.52012979398834,6.68360430817833,5.4512619807366,TRUE,TRUE,0.228999999999999
2016,68,"Libya","Africa",5.525,NA,NA,NA,NA,NA,NA,NA,NA,NA,"LBY","Libya",7525.80299308216,71.799,1046.79491512027,NA,87.8160056703177,17.9113339245424,27.2029157716908,8.92609279396811,6.95348831309764,FALSE,TRUE,NA
2017,70,"Libya","Africa",5.566,NA,NA,NA,NA,NA,NA,NA,NA,NA,"LBY","Libya",9965.83236729757,72.721,843.046920643763,NA,87.8166729870528,17.9113339245424,27.2029157716908,9.20691775824008,6.73702261557959,FALSE,TRUE,0.921999999999997
2018,72,"Libya","Africa",5.525,NA,NA,NA,NA,NA,NA,NA,NA,NA,"LBY","Libya",11196.5854810844,73.151,918.759866574137,NA,87.818484275334,17.9113339245424,27.2029157716908,9.32336414304124,6.82302478959769,FALSE,TRUE,0.429999999999993
2019,80,"Libya","Africa",5.48880004882813,5.36987257003784,5.60772752761841,1.02191376686096,1.19628369808197,0.615626633167267,0.451354056596756,0.142757698893547,0.172258079051971,1.88856315612793,"LBY","Libya",9963.19489084483,72.941,898.406175017023,NA,87.8220115209342,17.9113339245424,27.2029157716908,9.20665307131543,6.80062227674992,FALSE,TRUE,-0.209999999999994
2020,80,"Libya","Africa",5.41,5.262,5.558,1.044,0.821,0.435,0.474,0.131,0.174,2.331,"LBY","Libya",6650.33810585348,72.388,778.5291872509,NA,87.8278267096263,17.9113339245424,27.2029157716908,8.80242297534292,6.65740648222303,FALSE,TRUE,-0.552999999999997
2021,86,"Libya","Africa",5.33,5.118,5.543,1.476,0.943,0.606,0.477,0.106,0.179,1.544,"LBY","Libya",4935.82787349801,72.062,765.389625763618,NA,87.8365018271835,17.9113339245424,27.2029157716908,8.50427569331958,6.6403850188935,FALSE,TRUE,-0.326000000000008
2023,66,"Libya","Africa",5.866,5.746,5.987,1.526,1.1,0.55,0.592,0.111,0.204,1.785,"LBY","Libya",6026.51518708812,69.339,1055.35713644896,NA,87.8647197919848,17.9113339245424,27.2029157716908,8.70392421007635,6.96163450658699,FALSE,TRUE,NA
2016,120,"Sri Lanka","Asia",4.44,NA,NA,NA,NA,NA,NA,NA,NA,NA,"LKA","Sri Lanka",4149.19189391879,76.136,458.012241088255,3.22929000854492,18.9747679368162,80.6693116977062,7.69663093932994,8.33066886990658,6.12689591102395,TRUE,TRUE,NA
2017,116,"Sri Lanka","Asia",4.471,NA,NA,NA,NA,NA,NA,NA,NA,NA,"LKA","Sri Lanka",4398.88828786059,76.239,440.332064852212,2.59316992759705,19.1507693078088,80.6693116977062,7.69663093932994,8.3891071261321,6.0875291351208,TRUE,TRUE,0.103000000000009
2018,120,"Sri Lanka","Asia",4.366,NA,NA,NA,NA,NA,NA,NA,NA,NA,"LKA","Sri Lanka",4358.56095905888,76.485,502.817357470847,1.98781001567841,19.3241083384127,80.6693116977062,7.69663093932994,8.37989722660113,6.22022699774085,TRUE,TRUE,0.245999999999995
2019,130,"Sri Lanka","Asia",4.3270001411438,4.22295236587524,4.43104791641235,0.897986948490143,1.19494009017944,0.792036712169647,0.528632462024689,0.252666145563126,0.0494445636868477,0.611288547515869,"LKA","Sri Lanka",4081.94772178134,76.698,508.187128619671,NA,19.4946326418437,80.6693116977062,7.69663093932994,8.31432953627684,6.23084974317388,TRUE,TRUE,0.212999999999994
2020,129,"Sri Lanka","Asia",4.325,4.196,4.454,0.99,0.82,0.593,0.559,0.239,0.049,1.075,"LKA","Sri Lanka",3847.60136741182,76.928,537.375793065718,1.55792392223723,19.6621898312161,80.6693116977062,7.69663093932994,8.25520521167184,6.28669765062967,TRUE,TRUE,0.230000000000004
2021,127,"Sri Lanka","Asia",4.362,4.237,4.487,1.415,0.934,0.66,0.529,0.15,0.079,0.595,"LKA","Sri Lanka",3996.96240531688,76.278,725.787163303289,1.50650579603928,19.8266275195269,80.6693116977062,7.69663093932994,8.29328995294201,6.58725680834989,TRUE,TRUE,-0.649999999999991
2022,112,"Sri Lanka","Asia",4.442,4.28,4.603,1.422,1.224,0.426,0.539,0.12,0.086,0.625,"LKA","Sri Lanka",3342.63650438046,77.3,549.144012505185,1.20397218661186,19.9877933196367,80.6693116977062,7.69663093932994,8.11451514714908,6.3083607249703,TRUE,TRUE,1.02199999999999
2023,128,"Sri Lanka","Asia",3.898,3.778,4.018,1.361,1.179,0.586,0.583,0.144,0.031,0.014,"LKA","Sri Lanka",3815.41531767474,77.483,507.058585747743,1.82774571561927,20.1455348442463,80.6693116977062,7.69663093932994,8.24680480219031,6.22862655065845,TRUE,TRUE,0.183000000000007
2016,139,"Lesotho","Africa",3.808,NA,NA,NA,NA,NA,NA,NA,NA,NA,"LSO","Lesotho",992.491840678465,52.908,269.801639658203,7.55247411216023,35.5077950709441,28.2447531786423,-29.6016811692482,6.90021879154868,5.59768702106506,FALSE,TRUE,NA
2017,141,"Lesotho","Africa",3.808,NA,NA,NA,NA,NA,NA,NA,NA,NA,"LSO","Lesotho",1069.36673247542,53.874,282.689367218042,8.1553201675415,36.5283648068846,28.2447531786423,-29.6016811692482,6.97482191344221,5.64434865245363,FALSE,TRUE,0.966000000000001
2018,144,"Lesotho","Africa",3.802,NA,NA,NA,NA,NA,NA,NA,NA,NA,"LSO","Lesotho",1170.65569702819,54.638,294.417590053725,7.28360986709595,37.569092747415,28.2447531786423,-29.6016811692482,7.06531929562288,5.68499913389363,FALSE,TRUE,0.763999999999996
2019,143,"Lesotho","Africa",3.6528000831604,3.4918429851532,3.8137571811676,0.454938739538193,1.08894002437592,0.100934810936451,0.40936753153801,0.102627642452717,0.0504838228225708,1.44551396369934,"LSO","Lesotho",1082.05706777516,55.249,560.029550106124,NA,38.6040920446259,28.2447531786423,-29.6016811692482,6.98661920087616,6.32798955038366,FALSE,TRUE,0.611000000000004
2020,145,"Lesotho","Africa",3.512,3.276,3.748,0.451,0.731,0.007,0.405,0.103,0.015,1.8,"LSO","Lesotho",918.582574704447,55.133,269.803471257751,NA,39.6329305425532,28.2447531786423,-29.6016811692482,6.82283180230664,5.59769380973148,FALSE,TRUE,-0.116
2021,141,"Lesotho","Africa",3.512,3.276,3.748,0.839,0.848,0,0.419,0.076,0.018,1.312,"LSO","Lesotho",1066.58645143823,54.209,276.323284672363,NA,40.6551760851997,28.2447531786423,-29.6016811692482,6.97221859551525,5.62157150153227,FALSE,TRUE,-0.923999999999999
2023,141,"Lesotho","Africa",3.186,2.904,3.469,0.771,0.851,0,0.523,0.082,0.085,0.875,"LSO","Lesotho",921.435141557056,57.375,385.602726182804,7.29011355590957,42.6781596804785,28.2447531786423,-29.6016811692482,6.82593239108108,5.95480763268755,FALSE,TRUE,NA
2016,52,"Lithuania","Europe",5.902,NA,NA,NA,NA,NA,NA,NA,NA,NA,"LTU","Lithuania",14934.2702840428,74.6707317073171,2033.26878203374,4.01143980026245,67.1894226074219,23.9460216050135,55.2943739341718,9.61141387000176,7.61740001444858,TRUE,TRUE,NA
2017,50,"Lithuania","Europe",5.952,NA,NA,NA,NA,NA,NA,NA,NA,NA,"LTU","Lithuania",16800.1510246099,75.4804878048781,2152.43769622925,3.81236004829407,67.1012954711914,23.9460216050135,55.2943739341718,9.72914315491106,7.67435629104174,TRUE,TRUE,0.809756097560992
2018,42,"Lithuania","Europe",6.149,NA,NA,NA,NA,NA,NA,NA,NA,NA,"LTU","Lithuania",19247.2315367967,75.6804878048781,2354.8026423149,3.85628008842468,67.1464742010457,23.9460216050135,55.2943739341718,9.86512251310308,7.76421219925085,TRUE,TRUE,0.200000000000003
2019,41,"Lithuania","Europe",6.21549987792969,6.12888145446777,6.3021183013916,1.19355964660645,1.43286573886871,0.795421183109283,0.420460790395737,0.0536910407245159,0.0813502743840218,2.23814606666565,"LTU","Lithuania",19608.7943945553,76.2829268292683,2815.93414305712,3.9415500164032,67.245735168457,23.9460216050135,55.2943739341718,9.8837334381855,7.94304933030599,TRUE,TRUE,0.602439024390208
2020,38,"Lithuania","Europe",6.255,6.167,6.344,1.35,1.065,0.612,0.476,0.056,0.073,2.624,"LTU","Lithuania",20428.6478157394,75.0292682926829,3060.54937496123,4.47348022460938,67.4254608154297,23.9460216050135,55.2943739341718,9.92469349941174,8.02634971313313,TRUE,TRUE,-1.25365853658541
2021,34,"Lithuania","Europe",6.446,6.356,6.535,1.804,1.204,0.659,0.496,0.053,0.077,2.153,"LTU","Lithuania",23882.8668916753,74.0365853658537,3543.98604307225,4.23977994918823,68.1912117004395,23.9460216050135,55.2943739341718,10.0809166143909,8.17300737353219,TRUE,TRUE,-0.992682926829204
2022,20,"Lithuania","Europe",6.763,6.677,6.849,1.808,1.511,0.432,0.487,0.059,0.089,2.377,"LTU","Lithuania",24946.5724005188,75.6439024390244,3691.36682145752,4.25285005569458,68.2866452426813,23.9460216050135,55.2943739341718,10.1244917130056,8.21375208076798,TRUE,TRUE,1.60731707317071
2023,19,"Lithuania","Europe",6.818,6.739,6.896,1.766,1.454,0.598,0.533,0.044,0.116,2.307,"LTU","Lithuania",27983.3658256887,77.290243902439,3818.700368081,NA,68.575454583199,23.9460216050135,55.2943739341718,10.2393655349693,8.24766542593358,TRUE,TRUE,1.6463414634146
2016,18,"Luxembourg","Europe",6.863,NA,NA,NA,NA,NA,NA,NA,NA,NA,"LUX","Luxembourg",106899.293549552,82.6853658536585,5806.30467269822,NA,91.5357090052649,6.10323033845888,49.7752345454237,11.5796424884745,8.66669961869835,TRUE,TRUE,NA
2017,17,"Luxembourg","Europe",6.91,NA,NA,NA,NA,NA,NA,NA,NA,NA,"LUX","Luxembourg",110193.213797228,82.0951219512195,5961.60261392162,3.48645997047424,92.0963768119916,6.10323033845888,49.7752345454237,11.6099905930174,8.69309461886692,TRUE,TRUE,-0.590243902438999
2018,14,"Luxembourg","Europe",7.09,NA,NA,NA,NA,NA,NA,NA,NA,NA,"LUX","Luxembourg",116926.759593905,82.2951219512195,6211.73061211437,3.65772008895874,92.6709441899184,6.10323033845888,49.7752345454237,11.6693030313917,8.73419481760295,TRUE,TRUE,0.200000000000003
2019,10,"Luxembourg","Europe",7.23750019073486,7.17703056335449,7.29796981811523,1.53667604923248,1.38752841949463,0.986442685127258,0.610137045383453,0.195953920483589,0.3670414686203,2.15370035171509,"LUX","Luxembourg",112696.649059674,82.6390243902439,6700.66965094926,3.73705005645752,93.2589839734767,6.10323033845888,49.7752345454237,11.6324549663088,8.80996274828747,TRUE,TRUE,0.343902439024404
2020,8,"Luxembourg","Europe",7.324,7.252,7.396,1.751,1.003,0.76,0.639,0.166,0.353,2.653,"LUX","Luxembourg",116860.02817236,82.1439024390244,7088.20370765635,3.85499000549316,93.8600689970981,6.10323033845888,49.7752345454237,11.6687321571863,8.86618723166544,TRUE,TRUE,-0.495121951219502
2021,6,"Luxembourg","Europe",7.404,7.307,7.501,2.209,1.155,0.79,0.7,0.12,0.388,2.042,"LUX","Luxembourg",134965.815442152,82.5975609756098,7734.7397617275,3.68531990051269,94.5861743396533,6.10323033845888,49.7752345454237,11.8127768064082,8.95347711819135,TRUE,TRUE,0.453658536585394
2022,9,"Luxembourg","Europe",7.228,7.093,7.363,2.2,1.357,0.549,0.71,0.149,0.418,1.845,"LUX","Luxembourg",123719.658915996,82.9463414634147,8202.77381418416,3.74451994895935,94.7605400940185,6.10323033845888,49.7752345454237,11.7257734698925,9.0122276460744,TRUE,TRUE,0.348780487804902
2023,8,"Luxembourg","Europe",7.122,7.031,7.213,2.141,1.355,0.708,0.801,0.146,0.432,1.54,"LUX","Luxembourg",133230.619178899,83.309756097561,8329.0974382745,NA,94.8015300320787,6.10323033845888,49.7752345454237,11.799836884387,9.02751037854316,TRUE,TRUE,0.363414634146309
2016,54,"Latvia","Europe",5.85,NA,NA,NA,NA,NA,NA,NA,NA,NA,"LVA","Latvia",13838.5266823272,74.580487804878,1631.07362884453,4.82350015640259,67.9307110858472,24.6936713256544,56.8138530475542,9.535211769916,7.39699374497702,TRUE,TRUE,NA
2017,53,"Latvia","Europe",5.933,NA,NA,NA,NA,NA,NA,NA,NA,NA,"LVA","Latvia",15132.4958333982,74.6292682926829,1703.60435677457,4.52905988693237,67.9706866054779,24.6936713256544,56.8138530475542,9.62459975242453,7.4405014954387,TRUE,TRUE,0.0487804878048905
2018,53,"Latvia","Europe",5.94,NA,NA,NA,NA,NA,NA,NA,NA,NA,"LVA","Latvia",17252.1710428626,74.7829268292683,1903.76637656496,4.39430999755859,68.0160346376376,24.6936713256544,56.8138530475542,9.75569327209736,7.55158950643893,TRUE,TRUE,0.153658536585411
2019,57,"Latvia","Europe",5.94999980926514,5.88171720504761,6.01828241348267,1.14139544963837,1.41439878940582,0.77790242433548,0.329198807477951,0.0754079446196556,0.0903915241360664,2.12128305435181,"LVA","Latvia",17294.9751600969,75.3878048780488,2202.67592921734,4.58675003051758,68.066323694246,24.6936713256544,56.8138530475542,9.75817128512259,7.69742823167701,TRUE,TRUE,0.604878048780492
2020,51,"Latvia","Europe",6.032,5.961,6.103,1.285,1.047,0.587,0.405,0.082,0.089,2.536,"LVA","Latvia",17564.2321549354,75.1853658536585,2448.21758518679,4.99749994277954,68.1211222872228,24.6936713256544,56.8138530475542,9.7736198492517,7.80311552252011,TRUE,TRUE,-0.202439024390301
2021,42,"Latvia","Europe",6.18,6.106,6.255,1.732,1.221,0.637,0.502,0.075,0.09,1.923,"LVA","Latvia",20261.8887788916,72.9804878048781,3457.58688652365,4.76774978637695,68.1808791463693,24.6936713256544,56.8138530475542,9.91649700045097,8.14832619309262,TRUE,TRUE,-2.2048780487804
2022,41,"Latvia","Europe",6.213,6.131,6.295,1.737,1.505,0.405,0.58,0.107,0.071,1.808,"LVA","Latvia",20221.103686109,74.2780487804878,3244.86120268095,4.3196702003479,68.2570218109034,24.6936713256544,56.8138530475542,9.91448207496756,8.0848278555519,TRUE,TRUE,1.2975609756097
2023,46,"Latvia","Europe",6.234,6.155,6.314,1.7,1.508,0.564,0.666,0.127,0.078,1.59,"LVA","Latvia",22710.2637544197,75.4268292682927,3033.87411302447,NA,68.3586316343061,24.6936713256544,56.8138530475542,10.0305722490533,8.01759566696607,TRUE,TRUE,1.14878048780491
2016,84,"Morocco","Africa",5.235,NA,NA,NA,NA,NA,NA,NA,NA,NA,"MAR","Morocco",3140.85546875,73.228,405.591247839095,5.08530197423073,60.9657656537179,-8.81721258725081,28.6875981349793,8.05225048407371,6.00534587373818,TRUE,TRUE,NA
2017,85,"Morocco","Africa",5.254,NA,NA,NA,NA,NA,NA,NA,NA,NA,"MAR","Morocco",3296.52661132813,73.608,410.737776959502,4.73564982004448,61.2761057031842,-8.81721258725081,28.6875981349793,8.10062465112145,6.01795499861581,TRUE,TRUE,0.38000000000001
2018,89,"Morocco","Africa",5.208,NA,NA,NA,NA,NA,NA,NA,NA,NA,"MAR","Morocco",3501.69799804688,73.946,391.436808427118,4.96022713486949,61.5695822753314,-8.81721258725081,28.6875981349793,8.16100327213314,5.96982409353234,TRUE,TRUE,0.337999999999994
2019,97,"Morocco","Africa",5.09479999542236,4.98572492599487,5.20387506484985,0.758622109889984,0.645208477973938,0.745096921920776,0.450054138898849,0.0400325506925583,0.0773856043815613,2.37840247154236,"MAR","Morocco",3508.09765625,74.245,409.959564651381,5.0032567210502,61.8430450233765,-8.81721258725081,28.6875981349793,8.16282919126024,6.0160585320333,TRUE,TRUE,0.299000000000007
2020,106,"Morocco","Africa",4.918,4.8,5.036,0.792,0.219,0.558,0.477,0.034,0.088,2.749,"MAR","Morocco",3268.0302734375,73.133,452.762832337618,6.28428263644307,62.0933436005366,-8.81721258725081,28.6875981349793,8.09194271953475,6.11536843945986,TRUE,TRUE,-1.11200000000001
2021,100,"Morocco","Africa",5.06,4.938,5.181,1.208,0.268,0.565,0.492,0.02,0.102,2.405,"MAR","Morocco",3785.93627929688,73.385,477.347548141266,5.64273401285138,62.3173276600289,-8.81721258725081,28.6875981349793,8.23904850101402,6.16824483803463,TRUE,TRUE,0.25200000000001
2022,100,"Morocco","Africa",4.903,4.783,5.023,1.236,0.535,0.337,0.54,0.013,0.085,2.158,"MAR","Morocco",3463.1376953125,75.161,542.223890580291,5.91224674061277,62.5118468550703,-8.81721258725081,28.6875981349793,8.14993030546943,6.29567899839612,TRUE,TRUE,1.776
2023,107,"Morocco","Africa",4.795,4.677,4.912,1.213,0.471,0.495,0.631,0.042,0.082,1.861,"MAR","Morocco",3813.72607421875,75.313,606.044278328875,6.02096928801329,62.673750838878,-8.81721258725081,28.6875981349793,8.24636196245335,6.40695304994938,TRUE,TRUE,0.152000000000001
2016,56,"Republic of Moldova","Europe",5.838,NA,NA,NA,NA,NA,NA,NA,NA,NA,"MDA","Moldova",2847.08794770479,70.179,620.854217678566,5.67210006713867,39.7373237609863,28.3911118659413,47.0725674580696,7.95405197816192,6.43109630023362,TRUE,TRUE,NA
2017,67,"Republic of Moldova","Europe",5.64,NA,NA,NA,NA,NA,NA,NA,NA,NA,"MDA","Moldova",3453.26727720294,70.375,794.869290604907,5.71017980575562,39.9736557006836,28.3911118659413,47.0725674580696,8.14707609873933,6.67817768680336,TRUE,TRUE,0.195999999999998
2018,71,"Republic of Moldova","Europe",5.529,NA,NA,NA,NA,NA,NA,NA,NA,NA,"MDA","Moldova",4156.44981956646,70.236,789.42537807563,5.53886985778809,40.3258094787598,28.3911118659413,47.0725674580696,8.33241658013668,6.67130531127499,TRUE,TRUE,-0.138999999999996
2019,70,"Republic of Moldova","Europe",5.60750007629395,5.52464008331299,5.6903600692749,0.707916796207428,1.23731219768524,0.713299453258514,0.389571487903595,0.174049183726311,0.0143787441775203,2.37096834182739,"MDA","Moldova",4405.33418162155,70.181,864.662968865747,6.22578001022339,40.772289276123,28.3911118659413,47.0725674580696,8.390571399652,6.76233979963678,TRUE,TRUE,-0.0550000000000068
2020,65,"Republic of Moldova","Europe",5.766,5.677,5.856,0.985,0.888,0.542,0.536,0.137,0.013,2.665,"MDA","Moldova",4375.7788930524,69.914,944.398271281347,6.60125017166138,41.3368530273438,28.3911118659413,47.0725674580696,8.38383981564347,6.85054797471556,TRUE,TRUE,-0.266999999999996
2021,62,"Republic of Moldova","Europe",5.857,5.766,5.948,1.417,1.008,0.597,0.561,0.102,0.028,2.142,"MDA","Moldova",5274.60582195352,68.991,1200.78340748975,5.82405996322632,41.8115425109863,28.3911118659413,47.0725674580696,8.57065922985615,7.09072946234383,TRUE,TRUE,-0.923000000000002
2022,63,"Republic of Moldova","Europe",5.819,5.717,5.922,1.425,1.302,0.375,0.61,0.093,0.02,1.995,"MDA","Moldova",5744.29618434435,71.546,1125.95005458115,6.10430002212524,42.4048843383789,28.3911118659413,47.0725674580696,8.65596267352548,7.02638245121599,TRUE,TRUE,2.55500000000001
2023,71,"Republic of Moldova","Europe",5.816,5.702,5.93,1.385,1.277,0.542,0.695,0.077,0.044,1.795,"MDA","Moldova",6799.58594644576,71.198,1181.23602968629,6.55709981918335,43.0011825561523,28.3911118659413,47.0725674580696,8.82461699908175,7.07431665201742,TRUE,TRUE,-0.348000000000013
2016,144,"Madagascar","Africa",3.644,NA,NA,NA,NA,NA,NA,NA,NA,NA,"MDG","Madagascar",453.970714522463,63.431,83.2678618325415,2.68719005584717,29.4239466316878,46.6849346683254,-19.0416361249304,6.11803269050365,4.42206266239363,TRUE,TRUE,NA
2017,143,"Madagascar","Africa",3.774,NA,NA,NA,NA,NA,NA,NA,NA,NA,"MDG","Madagascar",491.866848718929,63.433,74.2851924638939,2.70137416707567,29.671033028335,46.6849346683254,-19.0416361249304,6.19820804717957,4.30791163797098,TRUE,TRUE,0.00200000000000244
2018,143,"Madagascar","Africa",3.933,NA,NA,NA,NA,NA,NA,NA,NA,NA,"MDG","Madagascar",500.45718552916,63.491,65.2911445126751,2.84409999847412,29.9181125346909,46.6849346683254,-19.0416361249304,6.21552205169795,4.17885641472288,TRUE,TRUE,0.0579999999999998
2019,137,"Madagascar","Africa",4.16559982299805,4.05281734466553,4.27838230133057,0.244553208351135,0.823694348335266,0.500617027282715,0.192967548966408,0.1911900639534,0.0762486383318901,2.13629841804504,"MDG","Madagascar",499.818837622534,63.504,50.0020813837951,3.01338389897728,30.3046972370204,46.6849346683254,-19.0416361249304,6.21424570801179,3.91206463223764,TRUE,TRUE,0.0129999999999981
2020,135,"Madagascar","Africa",4.208,4.068,4.349,0.266,0.503,0.341,0.207,0.185,0.087,2.62,"MDG","Madagascar",450.771615205157,62.706,55.4871302523983,3.25443385103636,30.7019474167548,46.6849346683254,-19.0416361249304,6.1109608147998,4.01615110651819,TRUE,TRUE,-0.797999999999995
2021,128,"Madagascar","Africa",4.339,4.148,4.53,0.67,0.645,0.378,0.202,0.143,0.154,2.148,"MDG","Madagascar",483.469463351195,62.516,56.0517826493822,3.19807542117225,31.1137123216036,46.6849346683254,-19.0416361249304,6.18098815540389,4.02627595364011,TRUE,TRUE,-0.190000000000005
2022,127,"Madagascar","Africa",4.019,3.839,4.199,0.632,0.779,0.178,0.187,0.177,0.134,1.932,"MDG","Madagascar",504.059106969168,63.068,55.4378093277817,3.06772823003204,31.5397813465886,46.6849346683254,-19.0416361249304,6.22269353692758,4.01526183981129,TRUE,TRUE,0.552
2023,123,"Madagascar","Africa",4.228,4.097,4.359,0.628,0.823,0.333,0.25,0.172,0.123,1.897,"MDG","Madagascar",514.064076551927,63.632,62.8407588151018,3.04770386693564,31.9799438860946,46.6849346683254,-19.0416361249304,6.24234792023782,4.14060388866623,TRUE,TRUE,0.564
2019,87,"Maldives","Asia",5.1975998878479,5.05650854110718,5.33869123458862,0.937864303588867,1.40228760242462,0.914439558982849,0.548203647136688,0.224198251962662,0.0719064921140671,1.09867477416992,"MDV","Maldives",11740.2724029785,79.707,1731.33965747565,4.12356944795488,40.0492764783282,73.1007624514048,-0.606557716800992,9.37078029609233,7.45665075630628,FALSE,FALSE,NA
2020,89,"Maldives","Asia",5.198,5.057,5.339,1.115,1.015,0.697,0.575,0.204,0.073,1.52,"MDV","Maldives",7393.8886543933,78.713,1535.79575546077,5.84760793108804,40.3985147902839,73.1007624514048,-0.606557716800992,8.90840908046965,7.33680393316087,FALSE,FALSE,-0.994
2016,25,"Mexico","North America",6.578,NA,NA,NA,NA,NA,NA,NA,NA,NA,"MEX","Mexico",9097.92397674769,74.376,1082.62991948582,4.75795984268188,77.4405087351486,-101.553997316301,23.8743606809359,9.11580153205499,6.98714847067582,TRUE,TRUE,NA
2017,24,"Mexico","North America",6.488,NA,NA,NA,NA,NA,NA,NA,NA,NA,"MEX","Mexico",9649.27816729586,74.261,1088.31824132971,4.39752006530762,77.7206924598541,-101.553997316301,23.8743606809359,9.17463839021878,6.99238888586791,TRUE,TRUE,-0.115000000000009
2018,23,"Mexico","North America",6.595,NA,NA,NA,NA,NA,NA,NA,NA,NA,"MEX","Mexico",10084.7937570364,74.301,1095.91173650131,4.13944005966187,78.0271223924494,-101.553997316301,23.8743606809359,9.21878399971181,6.99934193187574,TRUE,TRUE,0.0400000000000063
2019,24,"Mexico","North America",6.46500015258789,6.37068033218384,6.55931997299194,1.02438747882843,1.22633349895477,0.831601023674011,0.553892552852631,0.083094485104084,0.0831336677074432,2.66254019737244,"MEX","Mexico",10369.5553593527,74.53,1111.3888501635,NA,78.355984332992,-101.553997316301,23.8743606809359,9.24662942271054,7.01336572855103,TRUE,TRUE,0.228999999999999
2020,36,"Mexico","North America",6.317,6.213,6.42,1.126,0.83,0.634,0.585,0.092,0.089,2.961,"MEX","Mexico",8841.27074929751,70.449,1171.40563850852,4.4996600151062,78.677960602824,-101.553997316301,23.8743606809359,9.08718589522119,7.06595970712243,TRUE,TRUE,-4.081
2021,46,"Mexico","North America",6.128,6.017,6.238,1.552,0.886,0.623,0.621,0.092,0.115,2.239,"MEX","Mexico",10314.0506733708,69.75,1221.3470494428,4.23823976516724,78.9324007418057,-101.553997316301,23.8743606809359,9.24126238766562,7.10770966750182,TRUE,TRUE,-0.698999999999998
2022,36,"Mexico","North America",6.33,6.218,6.441,1.55,1.169,0.389,0.632,0.086,0.115,2.389,"MEX","Mexico",11405.7940469896,73.973,1334.79507710936,4.05987977981567,79.199683215791,-101.553997316301,23.8743606809359,9.34187675500337,7.19653305875936,TRUE,TRUE,4.223
2023,25,"Mexico","North America",6.678,6.575,6.781,1.521,1.241,0.544,0.722,0.086,0.127,2.437,"MEX","Mexico",13830.843848864,75.069,1367.99293806662,NA,79.4734935748046,-101.553997316301,23.8743606809359,9.53465643862272,7.22109993593717,TRUE,TRUE,1.096
2016,92,"North Macedonia","Europe",5.175,NA,NA,NA,NA,NA,NA,NA,NA,NA,"MKD","North Macedonia",5598.48622617967,75.4,1020.48589956132,NA,59.3823070989891,21.7099892387277,41.5940289014311,8.63025152342745,6.92803416496808,TRUE,TRUE,NA
2017,89,"North Macedonia","Europe",5.185,NA,NA,NA,NA,NA,NA,NA,NA,NA,"MKD","North Macedonia",5955.2973863451,75.9536585365854,1080.98605724113,NA,59.7437719356273,21.7099892387277,41.5940289014311,8.69203641947534,6.98562891953672,TRUE,TRUE,0.553658536585388
2018,84,"North Macedonia","Europe",5.274,NA,NA,NA,NA,NA,NA,NA,NA,NA,"MKD","North Macedonia",6713.98925398989,76.6487804878049,1172.94149598749,NA,60.1580316016216,21.7099892387277,41.5940289014311,8.811948577001,7.06726997186616,TRUE,TRUE,0.695121951219505
2019,90,"North Macedonia","Europe",5.15980005264282,5.06814765930176,5.25145244598389,0.935371994972229,1.18317353725433,0.802994132041931,0.410224586725235,0.18586353957653,0.0245950594544411,1.61759495735168,"MKD","North Macedonia",6718.85826635458,76.6024390243903,1412.93528345454,NA,60.6286848102132,21.7099892387277,41.5940289014311,8.81267351824232,7.25342458082498,TRUE,TRUE,-0.046341463414592
2020,94,"North Macedonia","Europe",5.101,5.001,5.202,1.068,0.772,0.535,0.45,0.212,0.022,2.042,"MKD","North Macedonia",6659.59651070776,74.3951219512195,1530.39550138846,NA,61.1593302746435,21.7099892387277,41.5940289014311,8.80381417772134,7.33328147862124,TRUE,TRUE,-2.20731707317081
2021,89,"North Macedonia","Europe",5.199,5.095,5.303,1.505,0.863,0.637,0.488,0.215,0.031,1.461,"MKD","North Macedonia",7620.80296977508,73.2463414634146,1850.12654841187,NA,61.6841975628139,21.7099892387277,41.5940289014311,8.93863701973987,7.52300932027984,TRUE,TRUE,-1.1487804878049
2022,87,"North Macedonia","Europe",5.254,5.146,5.361,1.498,1.171,0.408,0.515,0.207,0.02,1.435,"MKD","North Macedonia",7606.2375253797,74.4248780487805,1777.9334115155,NA,61.9530566607267,21.7099892387277,41.5940289014311,8.93672391668581,7.48320696403142,TRUE,TRUE,1.1785365853659
2023,84,"North Macedonia","Europe",5.369,5.27,5.468,1.475,1.277,0.569,0.58,0.194,0.015,1.26,"MKD","North Macedonia",8674.35846327485,75.3160975609756,1807.61394141913,NA,62.2518322545779,21.7099892387277,41.5940289014311,9.0681266497202,7.49976299017563,TRUE,TRUE,0.891219512195107
2016,127,"Mali","Africa",4.19,NA,NA,NA,NA,NA,NA,NA,NA,NA,"MLI","Mali",872.468587171653,58.286,80.0365339758319,2.59244990348816,26.4468586077195,-4.34639984178115,17.1681462085848,6.77132665018679,4.38248320512763,TRUE,TRUE,NA
2017,118,"Mali","Africa",4.447,NA,NA,NA,NA,NA,NA,NA,NA,NA,"MLI","Mali",924.057531692284,58.562,80.3813146139896,3.18063998222351,27.0646702892896,-4.34639984178115,17.1681462085848,6.82877433343962,4.38678174387599,TRUE,TRUE,0.275999999999996
2018,128,"Mali","Africa",4.39,NA,NA,NA,NA,NA,NA,NA,NA,NA,"MLI","Mali",996.379292136901,58.873,83.9761350649616,2.98218989372253,27.6999185916288,-4.34639984178115,17.1681462085848,6.90412800049131,4.43053265210795,TRUE,TRUE,0.311
2019,114,"Mali","Africa",4.72930002212524,4.60314893722534,4.85545110702515,0.352462649345398,0.973141729831696,0.234981521964073,0.377534449100494,0.169667050242424,0.0621462762355804,2.55933523178101,"MLI","Mali",971.949318638092,59.217,91.125148472922,3.00001001358032,28.3520715749509,-4.34639984178115,17.1681462085848,6.8793036617822,4.51223381965997,TRUE,TRUE,0.344000000000001
2020,117,"Mali","Africa",4.723,4.563,4.884,0.387,0.59,0.11,0.384,0.164,0.072,3.016,"MLI","Mali",953.242943290974,58.858,80.581904430579,3.3367600440979,29.0205972994693,-4.34639984178115,17.1681462085848,6.85986979592084,4.3892741135194,TRUE,TRUE,-0.359000000000002
2021,123,"Mali","Africa",4.479,4.347,4.611,0.792,0.483,0.311,0.35,0.128,0.042,2.373,"MLI","Mali",1027.27345365357,59.116,83.1808303762911,3.66363000869751,29.7049638253978,-4.34639984178115,17.1681462085848,6.93466343899821,4.42101691714894,TRUE,TRUE,0.258000000000003
2022,120,"Mali","Africa",4.198,4.076,4.319,0.763,0.637,0.106,0.441,0.121,0.059,2.07,"MLI","Mali",976.914116406452,60.035,96.4689057012785,4.04512227529275,30.4015705681899,-4.34639984178115,17.1681462085848,6.88439874276071,4.56922073570855,TRUE,TRUE,0.918999999999997
2023,122,"Mali","Africa",4.232,4.117,4.347,0.747,0.688,0.267,0.586,0.12,0.09,1.734,"MLI","Mali",1042.44223444837,60.439,103.891453893696,4.18465094218116,31.0031889023235,-4.34639984178115,17.1681462085848,6.94932154153665,4.64334664153352,TRUE,TRUE,0.404000000000003
2016,27,"Malta","Europe",6.527,NA,NA,NA,NA,NA,NA,NA,NA,NA,"MLT","Malta",26459.0644285369,82.3536585365854,3605.32616100169,4.95570993423462,94.4800033569336,14.4419224425085,35.8905226508993,10.1833540790898,8.19016752024552,TRUE,TRUE,NA
2017,22,"Malta","Europe",6.627,NA,NA,NA,NA,NA,NA,NA,NA,NA,"MLT","Malta",30317.2611769875,82.1951219512195,3868.69149314605,4.34281015396118,94.5691806330314,14.4419224425085,35.8905226508993,10.319472505102,8.26067161338377,TRUE,TRUE,-0.158536585365894
2018,22,"Malta","Europe",6.726,NA,NA,NA,NA,NA,NA,NA,NA,NA,"MLT","Malta",33382.280781103,82.2487804878049,3983.17941400563,NA,94.7242373261706,14.4419224425085,35.8905226508993,10.4157805226558,8.28983562710956,TRUE,TRUE,0.0536585365853881
2019,22,"Malta","Europe",6.77279996871948,6.68860197067261,6.85699796676636,1.2525132894516,1.44295692443848,0.97204202413559,0.633239030838013,0.341180831193924,0.178864076733589,1.95201206207275,"MLT","Malta",32421.9087471186,82.6585365853659,4671.73258558382,4.79941987991333,94.9332032524644,14.4419224425085,35.8905226508993,10.3865896691617,8.44928528519523,TRUE,TRUE,0.409756097561001
2020,23,"Malta","Europe",6.602,6.516,6.688,1.411,1.055,0.747,0.664,0.275,0.183,2.268,"MLT","Malta",31823.422001724,82.0975609756098,4931.8948613276,NA,95.1841082280263,14.4419224425085,35.8905226508993,10.3679578385898,8.50347854640243,TRUE,TRUE,-0.560975609756099
2021,33,"Malta","Europe",6.447,6.359,6.535,1.838,1.169,0.789,0.679,0.174,0.166,1.631,"MLT","Malta",38078.0064279067,82.2585365853659,5198.92539967781,4.92963981628418,95.5145343617045,14.4419224425085,35.8905226508993,10.5473921353265,8.55620722930554,TRUE,TRUE,0.160975609756107
2022,37,"Malta","Europe",6.3,6.212,6.388,1.841,1.468,0.547,0.671,0.2,0.143,1.429,"MLT","Malta",35658.8318250199,82.2975609756098,5469.68581898828,4.71258020401001,95.6003155132879,14.4419224425085,35.8905226508993,10.4817521321879,8.60697645665279,TRUE,TRUE,0.0390243902438954
2023,40,"Malta","Europe",6.346,6.261,6.43,1.827,1.444,0.707,0.727,0.25,0.125,1.267,"MLT","Malta",40932.5238774461,83.3560975609756,5706.08612341606,NA,95.6272277147965,14.4419224425085,35.8905226508993,10.6196802308506,8.6492886251429,TRUE,TRUE,1.0585365853658
2016,114,"Myanmar","Asia",4.545,NA,NA,NA,NA,NA,NA,NA,NA,NA,"MMR","Myanmar",1229.19713515893,65.64,212.372626598124,NA,29.8129165582094,97.0889228539734,19.9012279313999,7.11411649959866,5.35834240440581,TRUE,TRUE,NA
2017,130,"Myanmar","Asia",4.308,NA,NA,NA,NA,NA,NA,NA,NA,NA,"MMR","Myanmar",1272.82241830603,65.909,220.83173177914,2.16652989387512,29.9051727703437,97.0889228539734,19.9012279313999,7.14899209024529,5.39740101684509,TRUE,TRUE,0.269000000000005
2018,131,"Myanmar","Asia",4.36,NA,NA,NA,NA,NA,NA,NA,NA,NA,"MMR","Myanmar",1298.21310320785,66.232,253.139121964291,1.99249005317688,29.993574050729,97.0889228539734,19.9012279313999,7.16874406191451,5.53393922678078,TRUE,TRUE,0.322999999999993
2019,133,"Myanmar","Asia",4.30800008773804,4.22381973266602,4.39218044281006,0.678090929985046,1.09817826747894,0.495443075895309,0.597478866577148,0.56981372833252,0.187530353665352,0.681462526321411,"MMR","Myanmar",1425.98954211903,66.457,232.581456277481,1.99976003170013,30.0782436945232,97.0889228539734,19.9012279313999,7.26262126722998,5.44924051324989,TRUE,TRUE,0.224999999999994
2020,126,"Myanmar","Asia",4.426,4.324,4.527,0.666,0.713,0.341,0.601,0.52,0.178,1.407,"MMR","Myanmar",1490.21683548367,66.612,257.272201540423,NA,30.1593049968842,97.0889228539734,19.9012279313999,7.3066769155217,5.55013467435437,TRUE,TRUE,0.155000000000001
2021,126,"Myanmar","Asia",4.394,4.277,4.511,1.038,0.829,0.491,0.513,0.452,0.194,0.877,"MMR","Myanmar",1242.72134419599,65.553,274.398869692102,NA,30.2368812529698,97.0889228539734,19.9012279313999,7.12505888632711,5.61458277664537,TRUE,TRUE,-1.059
2022,117,"Myanmar","Asia",4.372,4.212,4.533,1.032,1.125,0.269,0.46,0.4,0.194,0.893,"MMR","Myanmar",1158.05005034332,66.506,274.113606087623,NA,30.311095757938,97.0889228539734,19.9012279313999,7.05449287856621,5.61354264121438,TRUE,TRUE,0.953000000000003
2023,118,"Myanmar","Asia",4.354,4.208,4.501,0.978,0.988,0.436,0.45,0.401,0.174,0.928,"MMR","Myanmar",1233.19666209269,66.889,283.191811325701,NA,30.3820718069466,97.0889228539734,19.9012279313999,7.11736498930438,5.64612444659115,TRUE,TRUE,0.382999999999996
2016,83,"Montenegro","Europe",5.237,NA,NA,NA,NA,NA,NA,NA,NA,NA,"MNE","Montenegro",6968.01202883651,76.5414634146342,1566.17858849711,NA,64.9101692293409,19.2950508715676,42.7369483521045,8.84908524482771,7.35639391123444,TRUE,TRUE,NA
2017,81,"Montenegro","Europe",5.347,NA,NA,NA,NA,NA,NA,NA,NA,NA,"MNE","Montenegro",7674.2856571219,76.6853658536585,1576.84444425745,NA,64.9992438680584,19.2950508715676,42.7369483521045,8.94563049413311,7.36318094180445,TRUE,TRUE,0.143902439024302
2018,73,"Montenegro","Europe",5.523,NA,NA,NA,NA,NA,NA,NA,NA,NA,"MNE","Montenegro",8673.59469069858,77.8853658536585,1813.66918331414,NA,65.0854068937869,19.2950508715676,42.7369483521045,9.06803859638388,7.50310724541884,TRUE,TRUE,1.2
2019,72,"Montenegro","Europe",5.54610013961792,5.4500880241394,5.64211225509644,1.0101500749588,1.26565790176392,0.839028894901276,0.303223848342896,0.149010330438614,0.0984351113438606,1.88056588172913,"MNE","Montenegro",8749.25629734676,76.6829268292683,2045.05965601786,NA,65.1686759904159,19.2950508715676,42.7369483521045,9.07672398115047,7.62318223969829,TRUE,TRUE,-1.2024390243902
2020,72,"Montenegro","Europe",5.581,5.475,5.686,1.155,0.891,0.637,0.397,0.166,0.081,2.254,"MNE","Montenegro",7555.48699036321,75.9317073170732,2452.12107330568,NA,65.2490688418027,19.2950508715676,42.7369483521045,8.93002933197598,7.80470867320481,TRUE,TRUE,-0.751219512195092
2021,75,"Montenegro","Europe",5.547,5.413,5.681,1.573,1.023,0.659,0.46,0.135,0.077,1.619,"MNE","Montenegro",9315.86435643142,73.8243902439024,2604.37604020427,NA,65.3266031317675,19.2950508715676,42.7369483521045,9.13947407061822,7.86494840158313,TRUE,TRUE,-2.1073170731708
2022,67,"Montenegro","Europe",5.722,5.503,5.941,1.537,1.385,0.424,0.563,0.17,0.061,1.581,"MNE","Montenegro",10038.1849482517,76.1878048780488,2853.27898339273,NA,65.4012965440866,19.2950508715676,42.7369483521045,9.21415159485603,7.95622413240989,TRUE,TRUE,2.36341463414639
2023,76,"Montenegro","Europe",5.707,5.599,5.815,1.571,1.318,0.587,0.632,0.11,0.132,1.357,"MNE","Montenegro",12258.1600477339,77.5878048780488,2907.99537216869,NA,65.4731667624849,19.2950508715676,42.7369483521045,9.41394712055482,7.97521924723835,TRUE,TRUE,1.40000000000001
2016,100,"Mongolia","Asia",4.955,NA,NA,NA,NA,NA,NA,NA,NA,NA,"MNG","Mongolia",3619.90026383792,70.2239024390244,489.036877585581,5.18311023712158,67.9776754820979,103.398736032746,47.0864445460485,8.19420175301428,6.1924379009168,TRUE,TRUE,NA
2017,94,"Mongolia","Asia",5.125,NA,NA,NA,NA,NA,NA,NA,NA,NA,"MNG","Mongolia",3645.96708669551,70.5434146341463,488.427796308164,4.06898021697998,67.9260583223672,103.398736032746,47.0864445460485,8.2013769279613,6.19119165361495,TRUE,TRUE,0.319512195121902
2018,83,"Mongolia","Asia",5.285,NA,NA,NA,NA,NA,NA,NA,NA,NA,"MNG","Mongolia",4107.64288528468,70.8270731707317,565.673398471365,NA,67.8683444833372,103.398736032746,47.0864445460485,8.3206046357421,6.33801687715181,TRUE,TRUE,0.283658536585392
2019,81,"Mongolia","Asia",5.45620012283325,5.37718629837036,5.53521394729614,0.90487277507782,1.45893061161041,0.615788161754608,0.355703115463257,0.263885736465454,0.0465331263840199,1.81052756309509,"MNG","Mongolia",4347.54610314873,71.0531707317073,618.269176527698,NA,67.8277299551557,103.398736032746,47.0864445460485,8.37736685069176,6.42692392335308,TRUE,TRUE,0.226097560975603
2020,70,"Mongolia","Asia",5.677,5.595,5.76,0.966,1.065,0.442,0.397,0.263,0.053,2.492,"MNG","Mongolia",4001.25193077703,71.3490243902439,646.029106133253,NA,68.0894771770775,103.398736032746,47.0864445460485,8.29436257382742,6.47084455870144,TRUE,TRUE,0.295853658536601
2021,68,"Mongolia","Asia",5.761,5.676,5.845,1.393,1.197,0.467,0.398,0.247,0.059,1.999,"MNG","Mongolia",4517.61578018785,71.6451219512195,1080.65806755941,NA,69.2153244018555,103.398736032746,47.0864445460485,8.41573965139924,6.98532545637137,TRUE,TRUE,0.296097560975596
2022,61,"Mongolia","Asia",5.84,5.75,5.93,1.379,1.494,0.244,0.425,0.239,0.058,2.001,"MNG","Mongolia",4993.51487463495,71.9007317073171,1472.3221075773,NA,69.783805847168,103.398736032746,47.0864445460485,8.51589532447818,7.29459609843295,TRUE,TRUE,0.255609756097613
2023,77,"Mongolia","Asia",5.696,5.61,5.783,1.353,1.511,0.4,0.501,0.237,0.055,1.64,"MNG","Mongolia",5838.63108083902,72.1224390243902,1108.94503872546,3.65764999389648,70.4464492797852,103.398736032746,47.0864445460485,8.67225164437945,7.01116442681249,TRUE,TRUE,0.221707317073097
2016,113,"Mozambique","Africa",4.55,NA,NA,NA,NA,NA,NA,NA,NA,NA,"MOZ","Mozambique",441.489734819071,59.455,99.5028745650914,5.80086994171143,32.3819234395234,35.2085770312902,-17.5252303094887,6.09015476908078,4.60018653384866,TRUE,TRUE,NA
2017,123,"Mozambique","Africa",4.417,NA,NA,NA,NA,NA,NA,NA,NA,NA,"MOZ","Mozambique",470.93856305196,60.148,100.122707355274,5.48664999008179,32.6274411492675,35.2085770312902,-17.5252303094887,6.15472764612833,4.60639650730139,TRUE,TRUE,0.693000000000005
2018,123,"Mozambique","Africa",4.466,NA,NA,NA,NA,NA,NA,NA,NA,NA,"MOZ","Mozambique",517.507260258101,60.79,105.768990611897,5.38976001739502,32.9902559073541,35.2085770312902,-17.5252303094887,6.24902355452537,4.66125738205813,TRUE,TRUE,0.641999999999996
2019,120,"Mozambique","Africa",4.62360000610352,4.46820306777954,4.77899694442749,0.178741365671158,0.955202877521515,0.324223637580872,0.560775339603424,0.220422104001045,0.163064315915108,2.22121620178223,"MOZ","Mozambique",519.09255091362,61.306,109.743746034701,5.99969523584354,33.4177241517032,35.2085770312902,-17.5252303094887,6.25208219272756,4.69814806659316,TRUE,TRUE,0.515999999999998
2020,115,"Mozambique","Africa",4.794,4.592,4.997,0.183,0.634,0.196,0.608,0.228,0.163,2.783,"MOZ","Mozambique",462.433876479921,61.39,106.604111887793,6.17059556957808,33.9044006416285,35.2085770312902,-17.5252303094887,6.13650357695818,4.66912208404404,TRUE,TRUE,0.0840000000000032
2021,101,"Mozambique","Africa",5.048,4.823,5.273,0.578,0.66,0.191,0.593,0.185,0.2,2.641,"MOZ","Mozambique",509.907829475551,60.268,126.027779636603,6.34063583505687,34.4499259401554,35.2085770312902,-17.5252303094887,6.23422998286684,4.83650235595718,TRUE,TRUE,-1.122
2022,97,"Mozambique","Africa",4.954,4.727,5.181,0.57,0.885,0,0.625,0.161,0.192,2.519,"MOZ","Mozambique",578.273222184503,63.011,130.489531205809,5.97607342054314,35.0536638047945,35.2085770312902,-17.5252303094887,6.36004645972499,4.87129300289976,TRUE,TRUE,2.743
2023,90,"Mozambique","Africa",5.216,5.027,5.406,0.56,0.883,0.156,0.728,0.158,0.196,2.536,"MOZ","Mozambique",622.191133245967,63.611,142.624131867611,NA,35.7149783148407,35.2085770312902,-17.5252303094887,6.43324733371263,4.96021272134591,TRUE,TRUE,0.599999999999994
2016,123,"Mauritania","Africa",4.292,NA,NA,NA,NA,NA,NA,NA,NA,NA,"MRT","Mauritania",1568.00551190332,66.823,149.237388481686,1.94405996799469,52.9185627319946,-10.4950790450357,20.46673121282,7.35755971614864,5.00553824941726,TRUE,TRUE,NA
2017,126,"Mauritania","Africa",4.356,NA,NA,NA,NA,NA,NA,NA,NA,NA,"MRT","Mauritania",1617.93401542267,67.088,183.046116710118,NA,54.1970448502004,-10.4950790450357,20.46673121282,7.38890531521866,5.2097381249742,TRUE,TRUE,0.265000000000001
2018,122,"Mauritania","Africa",4.49,NA,NA,NA,NA,NA,NA,NA,NA,NA,"MRT","Mauritania",1723.37809442655,67.419,156.558958908098,NA,55.1305077000081,-10.4950790450357,20.46673121282,7.45204165205212,5.05343267327073,TRUE,TRUE,0.331000000000003
2019,129,"Mauritania","Africa",4.37459993362427,4.26661682128906,4.48258304595947,0.539684891700745,1.11332356929779,0.425184816122055,0.185714483261108,0.128899663686752,0.122257634997368,1.85955739021301,"MRT","Mauritania",1767.072710621,67.64,173.451859651611,1.82317996025085,56.0596215779146,-10.4950790450357,20.46673121282,7.47707962066438,5.15590009490115,TRUE,TRUE,0.221000000000004
2020,134,"Mauritania","Africa",4.227,4.09,4.365,0.666,0.749,0.273,0.218,0.119,0.133,2.069,"MRT","Mauritania",1795.72437324423,66.794,172.307891820478,1.80263996124268,56.9836701058893,-10.4950790450357,20.46673121282,7.49316377007164,5.14928294527358,TRUE,TRUE,-0.846000000000004
2021,133,"Mauritania","Africa",4.153,3.95,4.356,1.1,0.865,0.45,0.304,0.088,0.138,1.207,"MRT","Mauritania",1947.47413907209,66.762,220.635708396719,1.891970038414,57.901535141641,-10.4950790450357,20.46673121282,7.57428849861801,5.39651296315205,TRUE,TRUE,-0.0319999999999965
2022,103,"Mauritania","Africa",4.724,4.437,5.011,1.099,0.764,0.244,0.32,0.13,0.195,1.973,"MRT","Mauritania",1961.28166648869,68.281,302.817642923709,1.38966000080109,58.8120996197226,-10.4950790450357,20.46673121282,7.58135344999144,5.71313078579625,TRUE,TRUE,1.51900000000001
2023,111,"Mauritania","Africa",4.505,4.337,4.673,1.078,0.705,0.4,0.343,0.133,0.198,1.649,"MRT","Mauritania",2127.9576285973,68.484,301.696427214965,4.71521997451782,59.7142464747058,-10.4950790450357,20.46673121282,7.66291793888985,5.70942130391712,TRUE,TRUE,0.202999999999989
2016,64,"Mauritius","Africa",5.629,NA,NA,NA,NA,NA,NA,NA,NA,NA,"MUS","Mauritius",10095.1225574156,74.3948780487805,1175.08263655347,4.88207006454468,39.5578893260494,57.5641567106655,-20.281423174752,9.21980767108093,7.06909375308697,TRUE,TRUE,NA
2017,55,"Mauritius","Africa",5.891,NA,NA,NA,NA,NA,NA,NA,NA,NA,"MUS","Mauritius",10986.7034093005,74.5146341463415,1239.78175534862,4.87887001037598,39.4499348663789,57.5641567106655,-20.281423174752,9.30444103964283,7.12269063935749,TRUE,TRUE,0.119756097561009
2018,57,"Mauritius","Africa",5.888,NA,NA,NA,NA,NA,NA,NA,NA,NA,"MUS","Mauritius",11818.7480619272,74.4163414634146,1269.21370154106,4.67447996139526,39.3474905591359,57.5641567106655,-20.281423174752,9.37744236842386,7.14615285506604,TRUE,TRUE,-0.0982926829269104
2019,49,"Mauritius","Africa",6.10129976272583,5.9891357421875,6.21346378326416,1.07366394996643,1.39566683769226,0.763389408588409,0.590838134288788,0.186894550919533,0.0840882286429405,2.00672054290771,"MUS","Mauritius",11568.2533399824,74.2358536585366,1346.78438581637,4.54195022583008,39.2509492806955,57.5641567106655,-20.281423174752,9.35601984422638,7.20547509367677,TRUE,TRUE,-0.180487804877998
2020,50,"Mauritius","Africa",6.049,5.933,6.165,1.178,0.996,0.574,0.59,0.153,0.096,2.462,"MUS","Mauritius",9135.84773751062,74.1770731707317,1282.62476253103,4.35243988037109,39.1607039074325,57.5641567106655,-20.281423174752,9.11996126554748,7.15666385303941,TRUE,TRUE,-0.0587804878048956
2021,52,"Mauritius","Africa",6.071,5.958,6.184,1.591,1.116,0.568,0.589,0.131,0.107,1.969,"MUS","Mauritius",9177.71195973013,73.680243902439,1488.71367528824,4.67151021957397,39.077147315722,57.5641567106655,-20.281423174752,9.12453321068916,7.3056677209013,TRUE,TRUE,-0.4968292682927
2022,59,"Mauritius","Africa",5.902,5.791,6.013,1.589,1.382,0.336,0.574,0.121,0.11,1.79,"MUS","Mauritius",10246.5017455553,73.5146341463415,1535.1243405066,4.84085988998413,39.0000125885784,57.5641567106655,-20.281423174752,9.23469163319625,7.33636666032805,TRUE,TRUE,-0.165609756097496
2023,70,"Mauritius","Africa",5.816,5.706,5.927,1.57,1.358,0.49,0.641,0.123,0.118,1.517,"MUS","Mauritius",11269.9684462139,73.4121951219512,1565.91464740648,4.57479000091553,39.0039901092226,57.5641567106655,-20.281423174752,9.32989680722634,7.35622537149352,TRUE,TRUE,-0.102439024390307
2016,136,"Malawi","Africa",3.97,NA,NA,NA,NA,NA,NA,NA,NA,NA,"MWI","Malawi",450.506105510719,63.163,106.506745521317,3.28257989883423,15.899632938282,34.2344118229888,-13.128986464184,6.11037162969955,4.66820832137203,TRUE,TRUE,NA
2017,147,"Malawi","Africa",3.587,NA,NA,NA,NA,NA,NA,NA,NA,NA,"MWI","Malawi",495.769683367165,63.914,104.682218083719,2.76899003982544,15.9634281867266,34.2344118229888,-13.128986464184,6.20611147083192,4.65092926662086,TRUE,TRUE,0.751000000000005
2018,150,"Malawi","Africa",3.41,NA,NA,NA,NA,NA,NA,NA,NA,NA,"MWI","Malawi",533.202567189331,64.464,93.8768674078598,3.32295989990234,16.0221486554255,34.2344118229888,-13.128986464184,6.27890140297663,4.54198400238029,TRUE,TRUE,0.549999999999997
2019,145,"Malawi","Africa",3.53800010681152,3.40028953552246,3.67571067810059,0.176534727215767,0.530368089675903,0.446163296699524,0.487389832735062,0.213185057044029,0.131633952260017,1.55271828174591,"MWI","Malawi",580.889139762475,64.995,92.1473593931542,NA,16.1383746619001,34.2344118229888,-13.128986464184,6.36455992928658,4.5233890281779,TRUE,TRUE,0.531000000000006
2020,144,"Malawi","Africa",3.6,3.419,3.781,0.113,0.168,0.298,0.484,0.213,0.134,2.19,"MWI","Malawi",602.507478176106,65.216,106.452852690425,NA,16.2961471756409,34.2344118229888,-13.128986464184,6.40110007719833,4.66770218938742,TRUE,TRUE,0.220999999999989
2021,138,"Malawi","Africa",3.75,3.56,3.941,0.648,0.279,0.388,0.477,0.14,0.157,1.661,"MWI","Malawi",617.446994451007,64.782,126.847340407645,NA,16.4881925800694,34.2344118229888,-13.128986464184,6.42559322587202,4.8429843193899,TRUE,TRUE,-0.433999999999997
2022,131,"Malawi","Africa",3.495,3.32,3.671,0.637,0.479,0.189,0.49,0.139,0.129,1.432,"MWI","Malawi",604.269740360317,66.037,117.81767367638,2.74888371105811,16.7146031979436,34.2344118229888,-13.128986464184,6.40402068824371,4.76913829117259,TRUE,TRUE,1.25500000000001
2023,136,"Malawi","Africa",3.421,3.281,3.561,0.617,0.41,0.349,0.571,0.135,0.136,1.203,"MWI","Malawi",633.214767978695,67.353,125.339832634507,NA,16.9748746665356,34.2344118229888,-13.128986464184,6.45080965050604,4.83102870950369,TRUE,TRUE,1.31599999999999
2016,42,"Malaysia","Asia",6.084,NA,NA,NA,NA,NA,NA,NA,NA,NA,"MYS","Malaysia",9476.53409809923,75.371,935.790627376657,4.75191020965576,73.8588978909614,114.633303039929,3.67166085563879,9.15657392693423,6.84139176275539,TRUE,TRUE,NA
2017,35,"Malaysia","Asia",6.322,NA,NA,NA,NA,NA,NA,NA,NA,NA,"MYS","Malaysia",9862.54806612235,75.542,981.266335713221,4.6753101348877,74.2354806421432,114.633303039929,3.67166085563879,9.19649983876683,6.88884391681865,TRUE,TRUE,0.171000000000006
2018,80,"Malaysia","Asia",5.339,NA,NA,NA,NA,NA,NA,NA,NA,NA,"MYS","Malaysia",10901.8019954421,75.734,1044.88356956259,4.47865009307861,74.5634625145296,114.633303039929,3.67166085563879,9.29668337523604,6.9516607415051,TRUE,TRUE,0.191999999999993
2019,82,"Malaysia","Asia",5.38430023193359,5.28864717483521,5.47995328903198,1.168421626091,1.17400228977203,0.788511872291565,0.596941530704498,0.274886161088943,0.062163133174181,1.31942081451416,"MYS","Malaysia",10920.191763972,75.9,1111.03714581917,4.15775012969971,74.8377707734042,114.633303039929,3.67166085563879,9.298368809948,7.01304922366142,TRUE,TRUE,0.166000000000011
2020,81,"Malaysia","Asia",5.384,5.289,5.48,1.259,0.797,0.587,0.624,0.27,0.064,1.784,"MYS","Malaysia",9957.52626697613,76.057,1121.66726983617,3.91176009178162,75.0511895575672,114.633303039929,3.67166085563879,9.20608395296104,7.02257149115456,TRUE,TRUE,0.156999999999996
2021,70,"Malaysia","Asia",5.711,5.578,5.845,1.689,0.938,0.62,0.654,0.213,0.126,1.471,"MYS","Malaysia",10903.1037480772,73.917,1304.56591532032,4.26109393398867,75.5088628191907,114.633303039929,3.67166085563879,9.29680277521437,7.17362563248407,TRUE,TRUE,-2.14
2022,55,"Malaysia","Asia",6.012,5.858,6.167,1.665,1.155,0.385,0.659,0.222,0.122,1.804,"MYS","Malaysia",11754.5678336248,75.444,1340.41280330364,3.49933781956284,75.9741357073003,114.633303039929,3.67166085563879,9.37199719582576,7.20073290767045,TRUE,TRUE,1.527
2023,59,"Malaysia","Asia",5.975,5.872,6.078,1.646,1.143,0.54,0.829,0.226,0.119,1.473,"MYS","Malaysia",11386.0395636528,76.657,1441.22067100948,3.51481008529663,76.4434752105739,114.633303039929,3.67166085563879,9.3401432842681,7.27324572168634,TRUE,TRUE,1.21299999999999
2016,111,"Namibia","Africa",4.574,NA,NA,NA,NA,NA,NA,NA,NA,NA,"NAM","Namibia",4395.68776162376,60.81,950.890601470854,10.5927948535144,46.1751725648784,18.1645134584527,-21.9085816328147,8.38837928516283,6.8573990206716,TRUE,TRUE,NA
2017,119,"Namibia","Africa",4.441,NA,NA,NA,NA,NA,NA,NA,NA,NA,"NAM","Namibia",5143.96072323076,61.661,861.58405416557,1.39524534605831,46.8135799686288,18.1645134584527,-21.9085816328147,8.5455786304355,6.75877261843504,TRUE,TRUE,0.850999999999999
2018,113,"Namibia","Africa",4.639,NA,NA,NA,NA,NA,NA,NA,NA,NA,"NAM","Namibia",5308.60813408705,62.579,849.538036294453,8.88112249415185,47.4232814423189,18.1645134584527,-21.9085816328147,8.57708495823525,6.74469271502952,TRUE,TRUE,0.917999999999999
2019,122,"Namibia","Africa",4.57110023498535,4.45157241821289,4.69062805175781,0.840081989765167,1.24573814868927,0.406871169805527,0.444598972797394,0.0764544829726219,0.0543203428387642,1.50303316116333,"NAM","Namibia",4731.9210318831,63.546,851.214593142513,9.32253195522987,48.0019807724839,18.1645134584527,-21.9085816328147,8.46208653685318,6.7466642626398,TRUE,TRUE,0.966999999999999
2020,124,"Namibia","Africa",4.574,4.448,4.7,0.882,0.801,0.262,0.411,0.091,0.059,2.068,"NAM","Namibia",3878.58982993966,64.071,894.311030174257,9.27799879073429,48.547381745659,18.1645134584527,-21.9085816328147,8.26322692066301,6.79605362313972,TRUE,TRUE,0.524999999999999
2021,124,"Namibia","Africa",4.459,4.326,4.593,1.292,0.877,0.354,0.384,0.067,0.071,1.414,"NAM","Namibia",4412.8355693052,60.85,989.981644527768,10.3914477380895,49.0571881483796,18.1645134584527,-21.9085816328147,8.39227274805082,6.89768640207571,TRUE,TRUE,-3.221
2022,105,"Namibia","Africa",4.631,4.496,4.766,1.289,1.126,0.145,0.383,0.069,0.071,1.549,"NAM","Namibia",4349.79908493314,64.19,1025.66333748429,9.3919470845238,49.5291037671807,18.1645134584527,-21.9085816328147,8.37788493564437,6.93309484077699,TRUE,TRUE,3.34
2023,106,"Namibia","Africa",4.832,4.705,4.958,1.266,1.212,0.307,0.47,0.069,0.061,1.446,"NAM","Namibia",4225.99102418102,67.385,1068.44630021516,NA,49.9545837830821,18.1645134584527,-21.9085816328147,8.34900907422226,6.97396081632749,TRUE,TRUE,3.19500000000001
2016,135,"Niger","Africa",4.028,NA,NA,NA,NA,NA,NA,NA,NA,NA,"NER","Niger",499.910520068193,59.228,53.6339011496023,2.95843005180359,16.3898280543236,8.86863247002646,17.0810539240729,6.21442912254335,3.98218135227734,TRUE,TRUE,NA
2017,134,"Niger","Africa",4.166,NA,NA,NA,NA,NA,NA,NA,NA,NA,"NER","Niger",529.929418934868,59.524,67.3673334143531,2.57818007469177,16.5036987906896,8.86863247002646,17.0810539240729,6.27274382585701,4.2101602329862,TRUE,TRUE,0.295999999999999
2018,114,"Niger","Africa",4.628,NA,NA,NA,NA,NA,NA,NA,NA,NA,"NER","Niger",576.927536415462,59.765,67.5165256872818,3.44956994056702,16.6449011799221,8.86863247002646,17.0810539240729,6.35771667181979,4.2123723929105,TRUE,TRUE,0.241
2019,103,"Niger","Africa",4.90959978103638,4.75827169418335,5.0609278678894,0.108330331742764,0.703800141811371,0.298816353082657,0.435311615467072,0.208176895976067,0.13755476474762,3.0176305770874,"NER","Niger",541.265819870273,60.031,80.5839260541877,3.53358621816013,16.813146499685,8.86863247002646,17.0810539240729,6.29391050728729,4.38929920101596,TRUE,TRUE,0.265999999999998
2020,96,"Niger","Africa",5.074,4.875,5.273,0.162,0.402,0.167,0.516,0.2,0.157,3.47,"NER","Niger",575.451340306915,59.89,92.3532033154183,3.81906792754322,17.0081420003794,8.86863247002646,17.0810539240729,6.35515467255753,4.52562039272931,TRUE,TRUE,-0.140999999999998
2021,104,"Niger","Africa",5.003,4.76,5.247,0.57,0.56,0.326,0.571,0.165,0.145,2.667,"NER","Niger",609.585703670137,59.542,92.1943948237305,3.82175828133515,17.2295936666686,8.86863247002646,17.0810539240729,6.41277955211275,4.52389933504567,TRUE,TRUE,-0.347999999999999
2022,109,"Niger","Africa",4.501,4.291,4.712,0.561,0.628,0.137,0.54,0.154,0.14,2.341,"NER","Niger",613.614736429298,60.398,79.987061522157,3.71231832079626,17.477207007512,8.86863247002646,17.0810539240729,6.41936726610967,4.38186489062098,TRUE,TRUE,0.856000000000002
2023,109,"Niger","Africa",4.556,4.401,4.712,0.573,0.677,0.293,0.615,0.145,0.147,2.107,"NER","Niger",647.930108509567,61.183,76.4890960444129,4.07412707618114,17.7506873295237,8.86863247002646,17.0810539240729,6.47378283329694,4.33714819530621,TRUE,TRUE,0.784999999999997
2016,95,"Nigeria","Africa",5.074,NA,NA,NA,NA,NA,NA,NA,NA,NA,"NGA","Nigeria",2070.4127339595,52.189,183.201497764993,0.393045646249364,56.541038793347,8.14771484525619,9.61029352034213,7.63550325477042,5.21058662777972,TRUE,TRUE,NA
2017,91,"Nigeria","Africa",5.155,NA,NA,NA,NA,NA,NA,NA,NA,NA,"NGA","Nigeria",1876.34027111773,52.397,187.264875900133,0.396354013591345,57.3486345560101,8.14771484525619,9.61029352034213,7.53707849431141,5.23252406330127,TRUE,TRUE,0.207999999999998
2018,85,"Nigeria","Africa",5.265,NA,NA,NA,NA,NA,NA,NA,NA,NA,"NGA","Nigeria",2057.87944554011,52.669,157.105270993209,0.419998493796127,58.1553347527729,8.14771484525619,9.61029352034213,7.62943133622345,5.05691609653328,TRUE,TRUE,0.271999999999998
2019,115,"Nigeria","Africa",4.72410011291504,4.62195205688477,4.82624816894531,0.64590185880661,0.986717939376831,0.167835935950279,0.435079455375671,0.221328124403954,0.047589935362339,2.21963548660278,"NGA","Nigeria",3189.81286496183,53.009,160.09311654049,0.358479005206684,58.9611186427056,8.14771484525619,9.61029352034213,8.06771753103678,5.07575562432815,TRUE,TRUE,0.340000000000003
2020,116,"Nigeria","Africa",4.759,4.658,4.861,0.663,0.625,0.051,0.433,0.212,0.039,2.736,"NGA","Nigeria",2797.184580679,53.072,180.989195655141,0.35963763718498,59.7659654848781,8.14771484525619,9.61029352034213,7.93636868340175,5.19843733697112,TRUE,TRUE,0.0630000000000024
2021,118,"Nigeria","Africa",4.552,4.453,4.651,1.079,0.732,0.3,0.444,0.175,0.038,1.784,"NGA","Nigeria",2787.48779220991,53.455,223.855835573472,0.381919104397325,60.5698545383604,8.14771484525619,9.61029352034213,7.93289603628252,5.41100225347147,TRUE,TRUE,0.382999999999996
2022,95,"Nigeria","Africa",4.981,4.825,5.136,1.065,1.007,0.092,0.448,0.176,0.013,2.181,"NGA","Nigeria",2899.16047469267,54.079,250.453375868746,0.348516707890877,61.3727650622225,8.14771484525619,9.61029352034213,7.97217648257853,5.52327277892518,TRUE,TRUE,0.624000000000002
2023,102,"Nigeria","Africa",4.881,4.744,5.018,1.042,1.075,0.256,0.566,0.201,0.019,1.722,"NGA","Nigeria",2138.76383718757,54.462,260.144634681531,0.319069049792343,62.1746763155343,8.14771484525619,9.61029352034213,7.66798329494004,5.5612377635818,TRUE,TRUE,0.383000000000003
2016,43,"Nicaragua","North America",6.071,NA,NA,NA,NA,NA,NA,NA,NA,NA,"NIC","Nicaragua",2131.68704828322,73.18,473.458808670543,4.08114004135132,58.0043880782023,-85.016088327669,12.8935666319306,7.66466898665169,6.16006491553797,TRUE,TRUE,NA
2017,41,"Nicaragua","North America",6.141,NA,NA,NA,NA,NA,NA,NA,NA,NA,"NIC","Nicaragua",2182.61380995674,73.389,518.418452994573,4.35768985748291,58.1892567408822,-85.016088327669,12.8935666319306,7.6882784329552,6.25078274045889,TRUE,TRUE,0.208999999999989
2018,45,"Nicaragua","North America",6.105,NA,NA,NA,NA,NA,NA,NA,NA,NA,"NIC","Nicaragua",2035.16549390507,73.879,504.45122712888,4.47380693256251,58.3683858659405,-85.016088327669,12.8935666319306,7.61833241835637,6.22347115945898,TRUE,TRUE,0.490000000000009
2019,46,"Nicaragua","North America",6.13710021972656,6.01188182830811,6.26231861114502,0.620033144950867,1.27081274986267,0.803093254566193,0.560117304325104,0.212871477007866,0.174084573984146,2.49608111381531,"NIC","Nicaragua",1958.62051528095,73.764,508.41669907259,4.59991969121332,58.5405671448072,-85.016088327669,12.8935666319306,7.57999568569367,6.23130138510276,TRUE,TRUE,-0.115000000000009
2020,55,"Nicaragua","North America",5.972,5.81,6.134,0.693,0.904,0.604,0.553,0.201,0.176,2.841,"NIC","Nicaragua",1938.44704754382,70.766,536.898505397354,4.58034059162685,58.7045922689128,-85.016088327669,12.8935666319306,7.56964244053661,6.28580907366111,TRUE,TRUE,-2.99799999999999
2021,45,"Nicaragua","North America",6.165,6.017,6.312,1.105,1.029,0.617,0.617,0.168,0.212,2.418,"NIC","Nicaragua",2138.38573878237,70.478,679.870322722145,4.08717467298944,58.8592529296875,-85.016088327669,12.8935666319306,7.66780649569584,6.52190207810504,TRUE,TRUE,-0.288000000000011
2022,40,"Nicaragua","North America",6.259,6.109,6.408,1.109,1.292,0.385,0.66,0.148,0.218,2.448,"NIC","Nicaragua",2322.89069619459,74.463,697.5265351792,3.80001496174069,58.9954376220703,-85.016088327669,12.8935666319306,7.75056767879838,6.54754055623956,TRUE,TRUE,3.985
2023,43,"Nicaragua","North America",6.284,6.135,6.433,1.097,1.263,0.542,0.793,0.133,0.251,2.203,"NIC","Nicaragua",2609.44491147975,74.947,688.670661909422,2.86954998970032,59.1250953674316,-85.016088327669,12.8935666319306,7.86689280010369,6.53476316241201,TRUE,TRUE,0.484000000000009
2016,6,"Netherlands","Europe",7.377,NA,NA,NA,NA,NA,NA,NA,NA,NA,"NLD","Netherlands",46808.5291492503,81.5609756097561,5274.39381296365,5.38952016830444,90.5803239452777,5.55413642612849,52.1340541289239,10.7538207120797,8.57061903476709,TRUE,TRUE,NA
2017,6,"Netherlands","Europe",7.441,NA,NA,NA,NA,NA,NA,NA,NA,NA,"NLD","Netherlands",49513.6817346384,81.7609756097561,5584.75454072083,5.08747005462646,91.1219700676602,5.55413642612849,52.1340541289239,10.8100043090453,8.62779576080084,TRUE,TRUE,0.200000000000003
2018,5,"Netherlands","Europe",7.488,NA,NA,NA,NA,NA,NA,NA,NA,NA,"NLD","Netherlands",53955.0770024266,81.8121951219512,5811.23524725746,5.26723003387451,92.6062472401044,5.55413642612849,52.1340541289239,10.895907071957,8.66754843434938,TRUE,TRUE,0.0512195121951038
2019,6,"Netherlands","Europe",7.44890022277832,7.39442825317383,7.50337219238281,1.33894634246826,1.46364593505859,0.975675344467163,0.613626480102539,0.33631756901741,0.368569761514664,2.35211706161499,"NLD","Netherlands",53554.9007491475,82.1121951219512,6217.20444233328,5.0559401512146,93.8898028856479,5.55413642612849,52.1340541289239,10.8884625889461,8.73507563813163,TRUE,TRUE,0.299999999999997
2020,5,"Netherlands","Europe",7.464,7.41,7.518,1.501,1.079,0.753,0.647,0.302,0.384,2.798,"NLD","Netherlands",53467.9277413737,81.3585365853659,6867.40111314407,5.29139995574951,94.2532277765935,5.55413642612849,52.1340541289239,10.8868372716536,8.8345410186148,TRUE,TRUE,-0.753658536585306
2021,5,"Netherlands","Europe",7.415,7.359,7.471,1.945,1.206,0.787,0.651,0.271,0.419,2.137,"NLD","Netherlands",60141.9880911492,81.309756097561,7660.83958993544,5.37661981582642,94.6294783220315,5.55413642612849,52.1340541289239,11.0044635137139,8.9438768637694,TRUE,TRUE,-0.0487804878048905
2022,5,"Netherlands","Europe",7.403,7.346,7.46,1.942,1.488,0.545,0.672,0.251,0.394,2.11,"NLD","Netherlands",59123.318556487,81.6146341463415,7787.74276516365,5.17918014526367,94.9856177734136,5.55413642612849,52.1340541289239,10.9873806865989,8.9603063363066,TRUE,TRUE,0.304878048780495
2023,6,"Netherlands","Europe",7.319,7.256,7.383,1.901,1.462,0.706,0.725,0.247,0.372,1.906,"NLD","Netherlands",63515.6030780019,81.8634146341464,7727.03679910335,NA,95.3221682092129,5.55413642612849,52.1340541289239,11.0590408724609,8.95248073032723,TRUE,TRUE,0.248780487804893
2016,1,"Norway","Europe",7.537,NA,NA,NA,NA,NA,NA,NA,NA,NA,"NOR","Norway",73222.4006864905,82.4073170731707,6267.08488170414,7.98443984985352,81.6800003051758,16.6702592723909,64.9777588294775,11.201256673442,8.7430665943653,TRUE,TRUE,NA
2017,2,"Norway","Europe",7.594,NA,NA,NA,NA,NA,NA,NA,NA,NA,"NOR","Norway",78771.2151264554,82.609756097561,6630.84188021868,7.84599018096924,81.9699745912375,16.6702592723909,64.9777588294775,11.2743029188378,8.79948705554372,TRUE,TRUE,0.202439024390301
2018,3,"Norway","Europe",7.554,NA,NA,NA,NA,NA,NA,NA,NA,NA,"NOR","Norway",85579.0776455494,82.7585365853659,7019.0837494867,7.59564018249512,82.2452112401723,16.6702592723909,64.9777588294775,11.3571961122258,8.85638796848524,TRUE,TRUE,0.148780487804899
2019,5,"Norway","Europe",7.48799991607666,7.41971874237061,7.55628108978271,1.42420732975006,1.49517250061035,1.00807189941406,0.670200884342194,0.28798508644104,0.434100568294525,2.16826629638672,"NOR","Norway",79329.3075190012,82.9585365853659,7432.08519121522,7.86455011367798,82.4935894878281,16.6702592723909,64.9777588294775,11.2813629171391,8.91356174318568,TRUE,TRUE,0.200000000000003
2020,6,"Norway","Europe",7.392,7.323,7.462,1.543,1.108,0.782,0.703,0.249,0.427,2.58,"NOR","Norway",71057.5879471399,83.209756097561,7683.81607700436,8.37281036376953,82.7029885700532,16.6702592723909,64.9777588294775,11.1712459251084,8.94687158776184,TRUE,TRUE,0.251219512195092
2021,8,"Norway","Europe",7.365,7.29,7.44,1.997,1.239,0.786,0.728,0.217,0.474,1.925,"NOR","Norway",96442.5552173002,83.1634146341463,8760.59605022262,6.9602198600769,82.8612877226956,16.6702592723909,64.9777588294775,11.4767028273537,9.07801922387852,TRUE,TRUE,-0.0463414634146915
2022,7,"Norway","Europe",7.315,7.229,7.402,1.994,1.521,0.544,0.752,0.212,0.463,1.829,"NOR","Norway",113122.130765691,82.509756097561,9796.80549359451,5.43234014511108,82.9563661816034,16.6702592723909,64.9777588294775,11.6362233172834,9.1898116414775,TRUE,TRUE,-0.653658536585311
2023,7,"Norway","Europe",7.302,7.215,7.389,1.952,1.517,0.704,0.835,0.224,0.484,1.586,"NOR","Norway",90984.4087141111,83.0121951219512,9523.30517462555,NA,83.0718560702166,16.6702592723909,64.9777588294775,11.4184434380079,9.16149724974018,TRUE,TRUE,0.502439024390199
2016,99,"Nepal","Asia",4.962,NA,NA,NA,NA,NA,NA,NA,NA,NA,"NPL","Nepal",877.256454696737,68.444,161.418749208597,3.90320992469788,65.2895168835553,84.1338898313567,28.3009206997557,6.77679937231227,5.08400191518944,TRUE,TRUE,NA
2017,101,"Nepal","Asia",4.88,NA,NA,NA,NA,NA,NA,NA,NA,NA,"NPL","Nepal",1034.28374906846,68.74,170.204968572494,4.76723003387451,65.5768928085184,84.1338898313567,28.3009206997557,6.94146443625071,5.13700340826602,TRUE,TRUE,0.295999999999992
2018,100,"Nepal","Asia",4.913,NA,NA,NA,NA,NA,NA,NA,NA,NA,"NPL","Nepal",1179.19843190389,69.036,179.151252330732,4.43446016311646,65.8104229225551,84.1338898313567,28.3009206997557,7.07259019163762,5.18823043412972,TRUE,TRUE,0.296000000000006
2019,92,"Nepal","Asia",5.13719987869263,5.0241231918335,5.25027656555176,0.444050371646881,1.10078930854797,0.668879389762878,0.480608254671097,0.300971806049347,0.127502962946892,2.01438689231873,"NPL","Nepal",1203.14294706401,69.299,189.397470625068,3.89212886881753,65.9873929484157,84.1338898313567,28.3009206997557,7.09269253440511,5.24384782599051,TRUE,TRUE,0.263000000000005
2020,87,"Nepal","Asia",5.269,5.132,5.406,0.519,0.702,0.496,0.488,0.287,0.135,2.642,"NPL","Nepal",1154.21517578318,69.106,220.592842559729,4.24355670934502,66.1050886088505,84.1338898313567,28.3009206997557,7.0511758905037,5.3963186609609,TRUE,TRUE,-0.193000000000012
2021,84,"Nepal","Asia",5.377,5.251,5.502,0.984,0.784,0.499,0.519,0.237,0.13,2.224,"NPL","Nepal",1252.75076731986,68.385,251.63303094647,4.42801034633091,66.144235274522,84.1338898313567,28.3009206997557,7.13309702634802,5.52797179978038,TRUE,TRUE,-0.720999999999989
2022,78,"Nepal","Asia",5.36,5.214,5.507,0.979,1.027,0.281,0.567,0.215,0.104,2.187,"NPL","Nepal",1385.91066002922,70.087,333.200052388189,4.13645081690396,66.2992968721053,84.1338898313567,28.3009206997557,7.23411271881891,5.80874306752013,TRUE,TRUE,1.702
2023,93,"Nepal","Asia",5.158,5.027,5.29,0.965,0.99,0.443,0.653,0.209,0.115,1.783,"NPL","Nepal",1382.38300895424,70.354,332.162753551408,3.95641148036706,66.5432933453944,84.1338898313567,28.3009206997557,7.23156410699787,5.80562507033755,TRUE,TRUE,0.266999999999996
2016,8,"New Zealand","Oceania",7.314,NA,NA,NA,NA,NA,NA,NA,NA,NA,"NZL","New Zealand",40088.3205470499,81.6585365853659,3505.99363874375,5.49972009658813,84.691365594,170.690355414287,-43.8276543254443,10.5988403126925,8.16222925108813,TRUE,TRUE,NA
2017,8,"New Zealand","Oceania",7.324,NA,NA,NA,NA,NA,NA,NA,NA,NA,"NZL","New Zealand",42912.1537002148,81.8585365853659,3641.16995624678,5.27543020248413,84.1701025874108,170.690355414287,-43.8276543254443,10.6669103678287,8.20006032553887,TRUE,TRUE,0.200000000000003
2018,8,"New Zealand","Oceania",7.307,NA,NA,NA,NA,NA,NA,NA,NA,NA,"NZL","New Zealand",43204.1305124872,81.7073170731707,3644.26369262413,5.1896800994873,83.8017846685577,170.690355414287,-43.8276543254443,10.6736913833765,8.20090961927001,TRUE,TRUE,-0.151219512195198
2019,8,"New Zealand","Oceania",7.29960012435913,7.22224760055542,7.37695264816284,1.24231791496277,1.48721837997437,1.00813829898834,0.646789908409119,0.325726211071014,0.461268275976181,2.12810802459717,"NZL","New Zealand",42872.2681243427,82.0560975609756,3887.60313149013,5.1741099357605,83.804965871667,170.690355414287,-43.8276543254443,10.6659804652217,8.26554808513628,TRUE,TRUE,0.348780487804902
2020,9,"New Zealand","Oceania",7.277,7.198,7.355,1.4,1.094,0.785,0.665,0.276,0.445,2.612,"NZL","New Zealand",42054.6743136586,82.2560975609756,4213.14229007728,5.64268016815185,83.8138977095908,170.690355414287,-43.8276543254443,10.6467258200712,8.34596403545978,TRUE,TRUE,0.200000000000003
2021,10,"New Zealand","Oceania",7.2,7.12,7.279,1.852,1.235,0.752,0.68,0.245,0.483,1.954,"NZL","New Zealand",49902.154346032,82.2073170731707,4587.2514270549,5.5409197807312,83.8299382585905,170.690355414287,-43.8276543254443,10.8178194540748,8.4310363060566,TRUE,TRUE,-0.0487804878049047
2022,10,"New Zealand","Oceania",7.123,7.048,7.198,1.842,1.544,0.513,0.672,0.23,0.471,1.852,"NZL","New Zealand",49141.6316294227,81.9585365853658,5653.36141187355,5.16741991043091,83.8547305017812,170.690355414287,-43.8276543254443,10.8024618492159,8.64000558738837,TRUE,TRUE,-0.248780487804893
2023,11,"New Zealand","Oceania",7.029,6.954,7.105,1.81,1.527,0.673,0.746,0.226,0.48,1.567,"NZL","New Zealand",49302.341876493,81.7585365853659,5531.25100312979,5.21326017379761,83.8898991461229,170.690355414287,-43.8276543254443,10.8057268614684,8.61816929011302,TRUE,TRUE,-0.199999999999903
2016,80,"Pakistan","Asia",5.269,NA,NA,NA,NA,NA,NA,NA,NA,NA,"PAK","Pakistan",1424.69161195897,65.943,119.022003421659,2.66805005073547,36.1597184900333,69.0883509076965,30.1161883714109,7.26171065662178,4.77930837872215,TRUE,TRUE,NA
2017,75,"Pakistan","Asia",5.472,NA,NA,NA,NA,NA,NA,NA,NA,NA,"PAK","Pakistan",1519.23459514248,66.223,133.450895237765,2.57617998123169,36.4351548223399,69.0883509076965,30.1161883714109,7.32596193118619,4.89373358424141,TRUE,TRUE,0.280000000000001
2018,67,"Pakistan","Asia",5.653,NA,NA,NA,NA,NA,NA,NA,NA,NA,"PAK","Pakistan",1569.33814626355,66.481,140.839066362795,2.33216949688293,36.7478511550359,69.0883509076965,30.1161883714109,7.35840924657028,4.94761786520208,TRUE,TRUE,0.257999999999996
2019,66,"Pakistan","Asia",5.69329977035522,5.59879589080811,5.78780364990234,0.616799473762512,0.872979581356049,0.469933241605759,0.405421733856201,0.228705063462257,0.122592121362686,2.97687673568726,"PAK","Pakistan",1390.41690981745,66.729,143.437200359894,2.21492004394531,37.1091631735769,69.0883509076965,30.1161883714109,7.23735891627366,4.96589731125848,TRUE,TRUE,0.248000000000005
2020,105,"Pakistan","Asia",4.934,4.802,5.066,0.637,0.423,0.322,0.418,0.252,0.097,2.784,"PAK","Pakistan",1278.39735206896,65.701,149.054448169153,2.05718240718423,37.5080192948099,69.0883509076965,30.1161883714109,7.15336250372463,5.00431166314843,TRUE,TRUE,-1.02800000000001
2021,121,"Pakistan","Asia",4.516,4.397,4.634,1.049,0.413,0.374,0.448,0.181,0.112,1.94,"PAK","Pakistan",1455.31922370186,65.773,160.48997721451,1.68746129213991,37.9333395514173,69.0883509076965,30.1161883714109,7.28298055327467,5.07823149335854,TRUE,TRUE,0.0720000000000027
2022,108,"Pakistan","Asia",4.555,4.404,4.707,1.081,0.657,0.158,0.511,0.141,0.102,1.907,"PAK","Pakistan",1538.3228133171,67.417,171.897989066566,1.97300945756988,38.3740439760816,69.0883509076965,30.1161883714109,7.33844801966503,5.1469012140456,TRUE,TRUE,1.64400000000001
2023,108,"Pakistan","Asia",4.657,4.535,4.779,1.069,0.6,0.321,0.542,0.144,0.074,1.907,"PAK","Pakistan",1360.32417758419,67.649,152.104499152766,1.94658005237579,38.8191861872791,69.0883509076965,30.1161883714109,7.2154783161962,5.02456777905633,TRUE,TRUE,0.231999999999999
2016,30,"Panama","North America",6.452,NA,NA,NA,NA,NA,NA,NA,NA,NA,"PAN","Panama",14832.3611608191,77.772,2156.96874093884,3.32278990745544,65.5971555296656,-80.144287614828,8.43953674957689,9.60456663761834,7.67645915436891,TRUE,TRUE,NA
2017,27,"Panama","North America",6.43,NA,NA,NA,NA,NA,NA,NA,NA,NA,"PAN","Panama",15694.6297454295,77.901,2407.87885995687,3.37834000587463,65.6577712475758,-80.144287614828,8.43953674957689,9.6610738783912,7.78650149783637,TRUE,TRUE,0.128999999999991
2018,31,"Panama","North America",6.321,NA,NA,NA,NA,NA,NA,NA,NA,NA,"PAN","Panama",16151.3273478476,78.266,2466.83642513601,3.4524199962616,65.7099285144924,-80.144287614828,8.43953674957689,9.68975751399471,7.81069180915718,TRUE,TRUE,0.365000000000009
2019,36,"Panama","North America",6.30480003356934,6.18773937225342,6.42186069488525,1.09766781330109,1.37614929676056,0.878546535968781,0.579849779605865,0.0972073078155518,0.0542305260896683,2.22117614746094,"PAN","Panama",16477.9066285687,78.514,2701.98235560497,3.28122011579173,65.752985396379,-80.144287614828,8.43953674957689,9.70977577042962,7.90174098837483,TRUE,TRUE,0.24799999999999
2020,41,"Panama","North America",6.18,6.036,6.323,1.298,0.976,0.667,0.596,0.079,0.053,2.509,"PAN","Panama",13290.5608347594,76.33,2761.45182470466,4.30487012863159,65.7862999591993,-80.144287614828,8.43953674957689,9.49480935057307,7.92351184385308,TRUE,TRUE,-2.184
2021,37,"Panama","North America",6.309,6.154,6.464,1.715,1.107,0.709,0.592,0.049,0.051,2.086,"PAN","Panama",15509.8069109784,77.004,2826.37265295582,3.71198010444641,65.8092302689169,-80.144287614828,8.43953674957689,9.64922780676868,7.94674942042348,TRUE,TRUE,0.674000000000007
2022,38,"Panama","North America",6.265,6.105,6.424,1.714,1.402,0.475,0.63,0.065,0.036,1.943,"PAN","Panama",17378.6070083597,79.324,3289.27137613278,3.37781000137329,65.8211343914956,-80.144287614828,8.43953674957689,9.76299524649103,8.09842135301111,TRUE,TRUE,2.31999999999999
2023,39,"Panama","North America",6.358,6.227,6.489,1.702,1.392,0.633,0.72,0.063,0.043,1.806,"PAN","Panama",18797.1933894611,79.594,3318.24774938406,2.47225999832153,65.8601271176084,-80.144287614828,8.43953674957689,9.84146284987889,8.1071921362522,TRUE,TRUE,0.269999999999996
2016,63,"Peru","South America",5.715,NA,NA,NA,NA,NA,NA,NA,NA,NA,"PER","Peru",6217.03599995447,75.951,604.265407844917,3.81316995620727,81.4192362241943,-74.1141619678188,-8.52271798424029,8.73504854481948,6.40401351838124,TRUE,TRUE,NA
2017,65,"Peru","South America",5.663,NA,NA,NA,NA,NA,NA,NA,NA,NA,"PER","Peru",6736.16693725487,75.958,621.620109136811,3.93130993843079,82.1931650502403,-74.1141619678188,-8.52271798424029,8.8152463384617,6.43232914913636,TRUE,TRUE,0.007000000000005
2018,65,"Peru","South America",5.697,NA,NA,NA,NA,NA,NA,NA,NA,NA,"PER","Peru",6978.49121548627,76.018,679.840135403432,3.71392011642456,82.6854929960921,-74.1141619678188,-8.52271798424029,8.85058801415107,6.52185767553604,TRUE,TRUE,0.0600000000000023
2019,63,"Peru","South America",5.79680013656616,5.6766300201416,5.91697025299072,0.918549180030823,1.2084059715271,0.824444174766541,0.51321005821228,0.0916118174791336,0.0270326603204012,2.21349954605103,"PER","Peru",7037.00803692604,76.275,709.342868059496,3.822429895401,83.1033003087105,-74.1141619678188,-8.52271798424029,8.8589383640614,6.56433900351628,TRUE,TRUE,0.257000000000005
2020,63,"Peru","South America",5.84,5.692,5.988,0.986,0.833,0.623,0.536,0.087,0.031,2.744,"PER","Peru",6133.32552410183,73.832,817.581330350486,4.25937986373901,83.5267437189637,-74.1141619678188,-8.52271798424029,8.72149238168389,6.7063503844902,TRUE,TRUE,-2.44300000000001
2021,74,"Peru","South America",5.559,5.439,5.679,1.397,0.865,0.735,0.545,0.09,0.037,1.89,"PER","Peru",6828.53422535638,71.596,1019.321046243,3.92765998840332,83.9480118272361,-74.1141619678188,-8.52271798424029,8.82886532123982,6.92689204370279,TRUE,TRUE,-2.23599999999999
2022,75,"Peru","South America",5.526,5.412,5.64,1.39,1.153,0.499,0.549,0.073,0.027,1.835,"PER","Peru",7353.74598721667,76.834,1006.93394191318,3.83975005149841,84.3663554951194,-74.1141619678188,-8.52271798424029,8.90296512050001,6.9146652916723,TRUE,TRUE,5.238
2023,68,"Peru","South America",5.841,5.736,5.946,1.371,1.18,0.662,0.615,0.078,0.029,1.907,"PER","Peru",7919.04634828547,77.74,956.47844506314,4.24538993835449,84.7810255849745,-74.1141619678188,-8.52271798424029,8.97702606698852,6.8632582534075,TRUE,TRUE,0.905999999999992
2016,72,"Philippines","Asia",5.43,NA,NA,NA,NA,NA,NA,NA,NA,NA,"PHL","Philippines",2985.19564024046,69.49,291.97294660237,3.30128109042443,51.9114748151175,121.822089414167,15.5865422510942,8.00142056479806,5.67666114935411,TRUE,TRUE,NA
2017,71,"Philippines","Asia",5.524,NA,NA,NA,NA,NA,NA,NA,NA,NA,"PHL","Philippines",3038.12124959289,69.966,307.875665292074,3.96384087403915,52.6010482354344,121.822089414167,15.5865422510942,8.01899459335103,5.72969601735456,TRUE,TRUE,0.475999999999999
2018,69,"Philippines","Asia",5.631,NA,NA,NA,NA,NA,NA,NA,NA,NA,"PHL","Philippines",3168.51036609727,69.761,330.45005495488,3.85502760745456,53.2088897464754,121.822089414167,15.5865422510942,8.06101684036853,5.80045552821961,TRUE,TRUE,-0.204999999999998
2019,52,"Philippines","Asia",6.00600004196167,5.90827751159668,6.10372257232666,0.775120675563812,1.24538171291351,0.602189481258392,0.62191516160965,0.129260212182999,0.130385726690292,2.50174188613892,"PHL","Philippines",3400.78949767074,69.68,371.819121076887,3.40748649142134,53.7157859948017,121.822089414167,15.5865422510942,8.13176288884607,5.91840750235894,TRUE,TRUE,-0.0809999999999889
2020,61,"Philippines","Asia",5.88,5.778,5.982,0.853,0.828,0.426,0.651,0.125,0.126,2.872,"PHL","Philippines",3227.57910235199,70.097,425.276155233165,3.85829051308063,54.1077719895977,121.822089414167,15.5865422510942,8.07948763128242,6.05273873492994,TRUE,TRUE,0.416999999999987
2021,60,"Philippines","Asia",5.904,5.8,6.007,1.268,0.912,0.514,0.678,0.107,0.142,2.283,"PHL","Philippines",3484.38593882819,66.675,529.25347872163,3.87249754784633,54.4504102510776,121.822089414167,15.5865422510942,8.15604710647229,6.2714674829204,TRUE,TRUE,-3.422
2022,76,"Philippines","Asia",5.523,5.371,5.675,1.238,1.108,0.286,0.714,0.104,0.141,1.931,"PHL","Philippines",3548.06930572116,69.472,522.346960161346,3.57960089528426,54.7902343568327,121.822089414167,15.5865422510942,8.17415887698197,6.25833204172288,TRUE,TRUE,2.797
2023,53,"Philippines","Asia",6.048,5.929,6.166,1.232,1.146,0.441,0.826,0.099,0.136,2.167,"PHL","Philippines",3804.08274131718,69.833,560.418506292015,3.6236863467978,55.1242716168851,121.822089414167,15.5865422510942,8.24383017456363,6.3286838372795,TRUE,TRUE,0.361000000000004
2016,46,"Poland","Europe",5.973,NA,NA,NA,NA,NA,NA,NA,NA,NA,"POL","Poland",12464.0121044827,77.8512195121951,1856.86220963737,4.62726020812988,60.2402284228997,19.4357327923447,52.0684805569247,9.4306007392656,7.52664335808133,TRUE,TRUE,NA
2017,42,"Poland","Europe",6.123,NA,NA,NA,NA,NA,NA,NA,NA,NA,"POL","Poland",13913.3415190124,77.7536585365854,1972.36793970352,4.54246997833252,60.145888199417,19.4357327923447,52.0684805569247,9.54060348029634,7.58699009975808,TRUE,TRUE,-0.0975609756096958
2018,40,"Poland","Europe",6.182,NA,NA,NA,NA,NA,NA,NA,NA,NA,"POL","Poland",15658.210586693,77.6024390243903,2021.77060101869,4.55985021591187,60.0533306480907,19.4357327923447,52.0684805569247,9.65875069652118,7.61172894162041,TRUE,TRUE,-0.151219512195098
2019,43,"Poland","Europe",6.1862998008728,6.11671924591064,6.25588035583496,1.16922914981842,1.31039977073669,0.868038475513458,0.557903528213501,0.0633742436766624,0.160541251301765,2.05679798126221,"POL","Poland",15874.5220531254,77.9048780487805,2292.10627205968,4.62736988067627,59.9626184068963,19.4357327923447,52.0684805569247,9.67247071641793,7.73722644327792,TRUE,TRUE,0.302439024390196
2020,44,"Poland","Europe",6.166,6.087,6.245,1.309,0.982,0.668,0.558,0.08,0.13,2.438,"POL","Poland",16150.9304813473,76.4,2356.09113851299,4.80081987380981,59.8738141138092,19.4357327923447,52.0684805569247,9.68973294193523,7.76475922760265,TRUE,TRUE,-1.5048780487805
2021,48,"Poland","Europe",6.123,6.04,6.205,1.758,1.174,0.712,0.523,0.124,0.14,1.693,"POL","Poland",18635.5104895754,75.3512195121951,2607.16810590306,4.61998987197876,59.8096513205543,19.4357327923447,52.0684805569247,9.83282420566615,7.8660198943644,TRUE,TRUE,-1.0487804878049
2022,39,"Poland","Europe",6.26,6.177,6.343,1.767,1.474,0.477,0.511,0.12,0.139,1.772,"POL","Poland",18891.2121169279,77.1560975609756,2973.96202447251,4.31372976303101,59.8315488048321,19.4357327923447,52.0684805569247,9.84645212555858,7.99765035776322,TRUE,TRUE,1.80487804878049
2023,35,"Poland","Europe",6.442,6.37,6.513,1.738,1.417,0.639,0.6,0.081,0.175,1.791,"POL","Poland",22145.2660647429,78.2585365853659,3331.75281821589,NA,59.8859561370214,19.4357327923447,52.0684805569247,10.0053790309495,8.11125381632603,TRUE,TRUE,1.10243902439031
2016,89,"Portugal","Europe",5.195,NA,NA,NA,NA,NA,NA,NA,NA,NA,"PRT","Portugal",19980.2808866516,81.1243902439025,2957.01364650161,NA,61.1343011242723,-7.93366218387401,39.6752921470214,9.9025011104947,7.99193513482377,TRUE,TRUE,NA
2017,77,"Portugal","Europe",5.41,NA,NA,NA,NA,NA,NA,NA,NA,NA,"PRT","Portugal",21442.3842768879,81.4243902439025,3061.95497198541,5.02685022354126,61.1296726507436,-7.93366218387401,39.6752921470214,9.9731248159461,8.02680887068344,TRUE,TRUE,0.299999999999997
2018,66,"Portugal","Europe",5.693,NA,NA,NA,NA,NA,NA,NA,NA,NA,"PRT","Portugal",23541.1401075289,81.3243902439024,3271.17675042273,4.6793999671936,61.1233069673808,-7.93366218387401,39.6752921470214,10.0665048124167,8.09290506167091,TRUE,TRUE,-0.100000000000094
2019,59,"Portugal","Europe",5.9109001159668,5.8067102432251,6.0150899887085,1.16880083084106,1.33953034877777,0.979315280914307,0.589895188808441,0.0530369468033314,0.0277334656566381,1.75255870819092,"PRT","Portugal",23343.3628970034,81.6756097560976,3584.05951113954,4.6275200843811,61.114927250613,-7.93366218387401,39.6752921470214,10.0580679784523,8.1842513786276,TRUE,TRUE,0.3512195121952
2020,58,"Portugal","Europe",5.929,5.821,6.037,1.323,0.939,0.76,0.621,0.029,0.033,2.225,"PRT","Portugal",22299.4044062173,81.3292682926829,3755.40305114384,4.86407995223999,61.1042566768691,-7.93366218387401,39.6752921470214,10.0123152488502,8.23095089562678,TRUE,TRUE,-0.346341463414703
2021,56,"Portugal","Europe",6.016,5.911,6.122,1.76,1.078,0.777,0.655,0.016,0.039,1.691,"PRT","Portugal",24711.4510062111,81.3780487804878,4323.96455273746,4.77341985702515,61.0951249296597,-7.93366218387401,39.6752921470214,10.1150220186755,8.3719279809312,TRUE,TRUE,0.0487804878049047
2022,56,"Portugal","Europe",5.968,5.86,6.076,1.758,1.356,0.537,0.693,0.031,0.037,1.556,"PRT","Portugal",24620.5197587181,81.6317073170732,4706.40789869071,4.55160999298096,61.1259255772782,-7.93366218387401,39.6752921470214,10.1113355107552,8.456680241836,TRUE,TRUE,0.253658536585391
2023,55,"Portugal","Europe",6.03,5.925,6.134,1.728,1.368,0.699,0.757,0.047,0.035,1.397,"PRT","Portugal",27634.6183139773,82.3292682926829,4678.84807603454,NA,61.2048652633664,-7.93366218387401,39.6752921470214,10.2268245524831,8.4508072210154,TRUE,TRUE,0.697560975609704
2016,70,"Paraguay","South America",5.493,NA,NA,NA,NA,NA,NA,NA,NA,NA,"PRY","Paraguay",5775.1596339946,73.487,889.795309247411,3.43498992919922,62.0827613208606,-58.3890635742865,-23.4219055925943,8.6613211772581,6.79099144666487,TRUE,TRUE,NA
2017,64,"Paraguay","South America",5.681,NA,NA,NA,NA,NA,NA,NA,NA,NA,"PRY","Paraguay",6152.26711537703,73.45,923.766064349854,3.09062070242279,62.9526389826574,-58.3890635742865,-23.4219055925943,8.72457592951744,6.8284588624764,TRUE,TRUE,-0.0369999999999919
2018,63,"Paraguay","South America",5.743,NA,NA,NA,NA,NA,NA,NA,NA,NA,"PRY","Paraguay",6258.44991640954,73.627,953.678569417218,3.2961960606943,63.9248988239553,-58.3890635742865,-23.4219055925943,8.74168781624497,6.86032668534279,TRUE,TRUE,0.176999999999992
2019,67,"Paraguay","South America",5.69210004806519,5.5902624130249,5.79393768310547,0.897990822792053,1.36819756031036,0.735869646072388,0.586510062217712,0.204299241304398,0.0650773793458939,1.83412528038025,"PRY","Paraguay",5821.18199548637,73.668,1013.22716269637,3.48983027194334,64.9845298299929,-58.3890635742865,-23.4219055925943,8.66925861211306,6.92089572658812,TRUE,TRUE,0.041000000000011
2020,71,"Paraguay","South America",5.653,5.473,5.832,0.983,0.97,0.549,0.602,0.206,0.037,2.306,"PRY","Paraguay",5365.47220721191,72.72,1098.25363252278,3.93615007400513,66.116520986009,-58.3890635742865,-23.4219055925943,8.58773966744731,7.00147659040588,TRUE,TRUE,-0.948000000000008
2021,73,"Paraguay","South America",5.578,5.467,5.689,1.409,1.13,0.624,0.629,0.171,0.059,1.555,"PRY","Paraguay",5974.9057185863,68.108,1237.54205586195,3.41070008277893,67.3058612772421,-58.3890635742865,-23.4219055925943,8.69532359735912,7.12088247840029,TRUE,TRUE,-4.61199999999999
2022,66,"Paraguay","South America",5.738,5.625,5.851,1.428,1.427,0.392,0.678,0.148,0.062,1.604,"PRY","Paraguay",6189.10205375331,72.319,1264.50563612264,3.39619994163513,68.6396537819458,-58.3890635742865,-23.4219055925943,8.73054529114184,7.14243652329474,TRUE,TRUE,4.211
2023,57,"Paraguay","South America",5.977,5.868,6.085,1.398,1.408,0.549,0.788,0.131,0.065,1.637,"PRY","Paraguay",6303.26495017292,73.844,1469.44739737129,3.393709897995,69.3466081733694,-58.3890635742865,-23.4219055925943,8.74882302419571,7.2926416889415,TRUE,TRUE,1.52499999999999
2016,103,"State of Palestine","Asia",4.775,NA,NA,NA,NA,NA,NA,NA,NA,NA,"PSE","West Bank and Gaza",3527.61382413178,74.917,514.542791976022,4.98296022415161,85.3377390706351,35.2425118415459,31.9308187364539,8.16837695085536,6.24327872378057,TRUE,TRUE,NA
2017,104,"State of Palestine","Asia",4.743,NA,NA,NA,NA,NA,NA,NA,NA,NA,"PSE","West Bank and Gaza",3620.36048715937,75.216,523.249404940482,4.72153997421265,85.3782255354,35.2425118415459,31.9308187364539,8.19432888195007,6.26005822408797,TRUE,TRUE,0.298999999999992
2018,110,"State of Palestine","Asia",4.696,NA,NA,NA,NA,NA,NA,NA,NA,NA,"PSE","West Bank and Gaza",3562.33094270256,75.38,565.376816612453,NA,85.5351131070872,35.2425118415459,31.9308187364539,8.17817036877091,6.33749244090353,TRUE,TRUE,0.164000000000001
2019,125,"State of Palestine","Asia",4.55280017852783,4.44328546524048,4.66231489181519,0.587819218635559,1.19475555419922,0.61382657289505,0.298700749874115,0.0918162614107132,0.0719136521220207,1.6939857006073,"PSE","West Bank and Gaza",3656.85827137011,75.811,564.995186886873,NA,85.8136174183656,35.2425118415459,31.9308187364539,8.20435966196225,6.33681721232586,TRUE,TRUE,0.431000000000012
2020,125,"State of Palestine","Asia",4.517,4.384,4.649,0.646,0.819,0.434,0.33,0.082,0.075,2.131,"PSE","West Bank and Gaza",3233.56863835858,74.998,579.908263104133,NA,86.0741183743925,35.2425118415459,31.9308187364539,8.08134164792549,6.3628699239689,TRUE,TRUE,-0.813000000000002
2021,122,"State of Palestine","Asia",4.483,4.3,4.665,1.148,0.957,0.521,0.336,0.073,0.079,1.368,"PSE","West Bank and Gaza",3678.63565662194,73.89,561.006843254824,5.43442010879517,86.334956387337,35.2425118415459,31.9308187364539,8.21029721693671,6.32973310376349,TRUE,TRUE,-1.108
2022,99,"State of Palestine","Asia",4.908,4.727,5.089,1.144,1.309,NA,0.416,0.065,0.067,NA,"PSE","West Bank and Gaza",3799.95527015163,76.662,568.709357459153,NA,86.5961423216016,35.2425118415459,31.9308187364539,8.24274457463247,6.34336950829934,TRUE,TRUE,2.77200000000001
2023,103,"State of Palestine","Asia",4.879,4.753,5.006,NA,NA,NA,NA,NA,NA,NA,"PSE","West Bank and Gaza",3607.41611858821,65.17,604.437015973915,NA,86.8576870415886,35.2425118415459,31.9308187364539,8.19074703842709,6.40429747268921,TRUE,TRUE,-11.492
2016,35,"Qatar","Asia",6.375,NA,NA,NA,NA,NA,NA,NA,NA,NA,"QAT","Qatar",61253.6375482797,82.147,3042.27123414266,NA,98.9855265345423,51.197949187432,25.3185284864254,11.0227785151869,8.02035963194197,FALSE,FALSE,NA
2017,32,"Qatar","Asia",6.374,NA,NA,NA,NA,NA,NA,NA,NA,NA,"QAT","Qatar",63279.8556949332,82.458,3002.03810876146,2.96745991706848,99.0310125265978,51.197949187432,25.3185284864254,11.0553223220175,8.00704670657035,FALSE,FALSE,0.310999999999993
2018,29,"Qatar","Asia",6.374,NA,NA,NA,NA,NA,NA,NA,NA,NA,"QAT","Qatar",71039.8490579352,82.714,3045.97515429022,NA,99.0755684762244,51.197949187432,25.3185284864254,11.1709962529163,8.02157637659,FALSE,FALSE,0.256
2016,57,"Romania","Europe",5.825,NA,NA,NA,NA,NA,NA,NA,NA,NA,"ROU","Romania",9404.54005870715,75.209756097561,1210.83316276544,3.0255401134491,53.5528171972639,25.0941582015633,45.8245489439759,9.14894783662724,7.09906396590813,TRUE,TRUE,NA
2017,52,"Romania","Europe",5.945,NA,NA,NA,NA,NA,NA,NA,NA,NA,"ROU","Romania",10727.9822007426,75.209756097561,1394.10595037734,3.11819005012512,53.3648643239046,25.0941582015633,45.8245489439759,9.28061076581981,7.24000859300712,TRUE,TRUE,0
2018,48,"Romania","Europe",6.07,NA,NA,NA,NA,NA,NA,NA,NA,NA,"ROU","Romania",12416.134317959,75.3585365853659,1626.59128981218,3.31710004806519,53.1445711571868,25.0941582015633,45.8245489439759,9.42675206049907,7.39424187087522,TRUE,TRUE,0.148780487804899
2019,47,"Romania","Europe",6.12370014190674,6.03073215484619,6.21666812896729,1.12040162086487,1.19443809986115,0.792294859886169,0.53485232591629,0.0681816190481186,0.00082956883125007,2.41274976730347,"ROU","Romania",12909.6104013244,75.6073170731707,1912.92415472355,3.55761003494263,52.8931835224862,25.0941582015633,45.8245489439759,9.46572730533144,7.5563883213587,TRUE,TRUE,0.248780487804808
2020,46,"Romania","Europe",6.14,6.027,6.253,1.275,0.832,0.595,0.564,0.045,0.001,2.83,"ROU","Romania",13009.1525348396,74.2536585365854,2128.20841549029,3.57968997955322,52.611947245178,25.0941582015633,45.8245489439759,9.47340842986448,7.66303578527586,TRUE,TRUE,-1.3536585365853
2021,28,"Romania","Europe",6.477,6.379,6.575,1.719,1.006,0.655,0.605,0.039,0.006,2.446,"ROU","Romania",14908.0412813921,72.809756097561,2424.5885706092,3.31562995910644,52.2321512130811,25.0941582015633,45.8245489439759,9.60965602967179,7.79341712737297,TRUE,TRUE,-1.4439024390244
2022,24,"Romania","Europe",6.589,6.488,6.69,1.726,1.28,0.423,0.631,0.044,0,2.485,"ROU","Romania",15503.4691366242,75.1536585365854,2448.67492495905,3.2788200378418,52.1634832477272,25.0941582015633,45.8245489439759,9.64881909313052,7.80330231027281,TRUE,TRUE,2.34390243902439
2023,32,"Romania","Europe",6.491,6.39,6.592,1.699,1.236,0.583,0.717,0.041,0.006,2.21,"ROU","Romania",18244.4186876321,76.4048780487805,2614.09426055762,NA,52.1645747011867,25.0941582015633,45.8245489439759,9.81161448690131,7.868672953426,TRUE,TRUE,1.25121951219511
2016,49,"Russian Federation","Europe",5.963,NA,NA,NA,NA,NA,NA,NA,NA,NA,"RUS","Russian Federation",8663.158203125,71.6512195121951,1284.14735597687,3.76044011116028,74.3703138709243,98.6704990698032,59.0394342141062,9.06683462365633,7.15785024088697,TRUE,TRUE,NA
2017,59,"Russian Federation","Europe",5.81,NA,NA,NA,NA,NA,NA,NA,NA,NA,"RUS","Russian Federation",10658.9130859375,72.4514634146342,1395.60260403165,4.68990993499756,74.460036813029,98.6704990698032,59.0394342141062,9.27415173060181,7.2410815751977,TRUE,TRUE,0.800243902439107
2018,68,"Russian Federation","Europe",5.648,NA,NA,NA,NA,NA,NA,NA,NA,NA,"RUS","Russian Federation",11211.8876953125,72.6621951219512,1547.65846553133,4.67819023132324,74.5442926137992,98.6704990698032,59.0394342141062,9.32472989576221,7.34449840030568,TRUE,TRUE,0.210731707316995
2019,73,"Russian Federation","Europe",5.5460000038147,5.46836519241333,5.62363481521606,1.12699961662292,1.37864410877228,0.680445909500122,0.399499595165253,0.0990419164299965,0.0456993617117405,1.81571674346924,"RUS","Russian Federation",11447.701171875,73.0839024390244,1759.39899967257,3.69561429198336,74.6222859951926,98.6704990698032,59.0394342141062,9.3455442178099,7.47272755225673,TRUE,TRUE,0.421707317073199
2020,76,"Russian Federation","Europe",5.477,5.413,5.541,1.241,0.992,0.511,0.409,0.115,0.06,2.148,"RUS","Russian Federation",10108.3271484375,71.3387804878049,2538.82360457465,4.01641864383637,74.6932216791674,98.6704990698032,59.0394342141062,9.22111483328286,7.83945610492125,TRUE,TRUE,-1.7451219512195
2021,80,"Russian Federation","Europe",5.459,5.392,5.525,1.685,1.095,0.586,0.401,0.117,0.08,1.494,"RUS","Russian Federation",12425.029296875,69.900243902439,2741.98337078669,3.99480697864774,74.7516840220252,98.6704990698032,59.0394342141062,9.42746820885943,7.91643679547465,TRUE,TRUE,-1.4385365853659
2022,70,"Russian Federation","Europe",5.661,5.588,5.734,1.68,1.383,0.366,0.449,0.12,0.091,1.572,"RUS","Russian Federation",15625.6328125,72.5456097560976,2873.80331473142,4.05402755323777,74.8544893625017,98.6704990698032,59.0394342141062,9.6566679737845,7.96339162822593,TRUE,TRUE,2.6453658536586
2023,72,"Russian Federation","Europe",5.785,5.712,5.859,1.642,1.351,0.531,0.551,0.138,0.121,1.451,"RUS","Russian Federation",13986.9951171875,73.2546341463415,3203.80624404722,4.16454853394225,74.9805047873279,98.6704990698032,59.0394342141062,9.54588325668276,8.07209483321586,TRUE,TRUE,0.709024390243897
2016,151,"Rwanda","Africa",3.471,NA,NA,NA,NA,NA,NA,NA,NA,NA,"RWA","Rwanda",721.258515833094,65.733,111.397438778553,3.43482995033264,19.1213951786548,29.9194396817641,-2.01468746004715,6.58099762480022,4.71310433601302,FALSE,FALSE,NA
2017,151,"Rwanda","Africa",3.408,NA,NA,NA,NA,NA,NA,NA,NA,NA,"RWA","Rwanda",751.049039527547,66.14,105.7980752588,3.1247398853302,20.2477568101111,29.9194396817641,-2.01468746004715,6.62147094860368,4.66153232699785,FALSE,FALSE,0.406999999999996
2018,152,"Rwanda","Africa",3.334,NA,NA,NA,NA,NA,NA,NA,NA,NA,"RWA","Rwanda",772.754982959354,66.354,115.991216590163,3.07376003265381,21.5418444579064,29.9194396817641,-2.01468746004715,6.64996202933741,4.75351446918921,FALSE,FALSE,0.213999999999999
2019,150,"Rwanda","Africa",3.31229996681213,3.20954656600952,3.41505336761475,0.343242675065994,0.52287632226944,0.572383284568787,0.604087889194489,0.235704988241196,0.485542476177216,0.548444986343384,"RWA","Rwanda",823.355304065304,66.691,114.814024310661,3.23821222605582,22.9711026997362,29.9194396817641,-2.01468746004715,6.71338782569743,4.74331363940903,FALSE,FALSE,0.337000000000003
2020,147,"Rwanda","Africa",3.415,3.282,3.548,0.364,0.202,0.407,0.627,0.227,0.493,1.095,"RWA","Rwanda",802.638686936204,66.953,132.488857137092,3.33309745728459,24.5029761132966,29.9194396817641,-2.01468746004715,6.68790465868485,4.88649854481137,FALSE,FALSE,0.262
2021,143,"Rwanda","Africa",3.268,3.074,3.462,0.785,0.133,0.462,0.621,0.187,0.544,0.536,"RWA","Rwanda",842.581492947672,66.85,170.181440853356,5.58984994888306,26.1049092762833,29.9194396817641,-2.01468746004715,6.73647038508304,5.13686516702886,FALSE,FALSE,-0.103000000000009
2016,37,"Saudi Arabia","Asia",6.344,NA,NA,NA,NA,NA,NA,NA,NA,NA,"SAU","Saudi Arabia",22267.7217050387,78.354,3034.69504464027,NA,83.129128630626,44.6009581782256,24.1360381447579,10.010893451697,8.01786621891975,TRUE,TRUE,NA
2017,33,"Saudi Arabia","Asia",6.371,NA,NA,NA,NA,NA,NA,NA,NA,NA,"SAU","Saudi Arabia",23929.2907135982,78.721,3109.85545125676,NA,83.300690534822,44.6009581782256,24.1360381447579,10.0828585404129,8.04233152539754,TRUE,TRUE,0.367000000000004
2018,28,"Saudi Arabia","Asia",6.375,NA,NA,NA,NA,NA,NA,NA,NA,NA,"SAU","Saudi Arabia",29360.0658968566,78.75,3011.30378763351,NA,83.4708425884849,44.6009581782256,24.1360381447579,10.2873907271693,8.01012841599737,TRUE,TRUE,0.0289999999999964
2019,27,"Saudi Arabia","Asia",6.4064998626709,6.29569387435913,6.51730585098267,1.33432853221893,1.30995011329651,0.759818136692047,0.548477470874786,0.0874406844377518,0.163322314620018,2.20311880111694,"SAU","Saudi Arabia",29566.7933827436,78.313,3030.81669592521,NA,83.6394643268678,44.6009581782256,24.1360381447579,10.2944071653952,8.01658739879393,TRUE,TRUE,-0.436999999999998
2020,26,"Saudi Arabia","Asia",6.494,6.384,6.604,1.435,0.964,0.571,0.603,0.09,0.163,2.668,"SAU","Saudi Arabia",24338.8307301067,77.596,3074.40387689995,NA,83.8064352851942,44.6009581782256,24.1360381447579,10.0998283263616,8.03086630027637,TRUE,TRUE,-0.716999999999999
2021,25,"Saudi Arabia","Asia",6.523,6.409,6.637,1.87,1.092,0.577,0.651,0.078,0.18,2.075,"SAU","Saudi Arabia",31920.7653655643,77.089,3249.81850247356,NA,83.9716349986538,44.6009581782256,24.1360381447579,10.3710120288942,8.08635442837162,TRUE,TRUE,-0.507000000000005
2022,30,"Saudi Arabia","Asia",6.463,6.344,6.581,1.861,1.37,0.351,0.682,0.093,0.17,1.936,"SAU","Saudi Arabia",38510.2276211037,77.31,3264.95300960415,NA,84.1349430023993,44.6009581782256,24.1360381447579,10.5586791374927,8.09100064944897,TRUE,TRUE,0.221000000000004
2023,28,"Saudi Arabia","Asia",6.594,6.48,6.707,1.842,1.361,0.511,0.787,0.114,0.188,1.79,"SAU","Saudi Arabia",36156.8562500172,78.732,3475.05778671586,4.48087978363037,84.2962388315415,44.6009581782256,24.1360381447579,10.4956218707381,8.15336638713138,TRUE,TRUE,1.422
2016,130,"Sudan","Africa",4.139,NA,NA,NA,NA,NA,NA,NA,NA,NA,"SDN","Sudan",1033.21594238281,64.677,295.637808958523,NA,34.1881958841213,29.9514582835941,15.6706023098426,6.94043149120602,5.68913508670847,FALSE,FALSE,NA
2017,137,"Sudan","Africa",4.139,NA,NA,NA,NA,NA,NA,NA,NA,NA,"SDN","Sudan",966.505676269531,65.146,257.267417620149,NA,34.2872225663509,29.9514582835941,15.6706023098426,6.87368717164669,5.55011607940037,FALSE,FALSE,0.468999999999994
2016,115,"Senegal","Africa",4.535,NA,NA,NA,NA,NA,NA,NA,NA,NA,"SEN","Senegal",1266.43957151587,66.724,131.985944069484,5.11309003829956,47.0553579909929,-14.6108753683523,14.2288614917634,7.14396475532741,4.88269543259442,TRUE,TRUE,NA
2017,109,"Senegal","Africa",4.631,NA,NA,NA,NA,NA,NA,NA,NA,NA,"SEN","Senegal",1354.77007193387,67.059,134.665685998117,4.74007987976074,47.9338349639053,-14.6108753683523,14.2288614917634,7.21138703030537,4.90279530707432,TRUE,TRUE,0.334999999999994
2018,111,"Senegal","Africa",4.681,NA,NA,NA,NA,NA,NA,NA,NA,NA,"SEN","Senegal",1452.55612562445,67.379,149.805101797199,5.11019992828369,48.9001692274485,-14.6108753683523,14.2288614917634,7.28108012868483,5.00933512789436,TRUE,TRUE,0.320000000000007
2019,101,"Senegal","Africa",4.98080015182495,4.87737274169922,5.08422756195068,0.504061818122864,0.954593420028687,0.518391907215118,0.352400898933411,0.16439713537693,0.0818659365177155,2.4051239490509,"SEN","Senegal",1431.18128932159,67.668,163.988432134395,5.03525018692017,49.9443321273477,-14.6108753683523,14.2288614917634,7.26625545868926,5.09979588957055,TRUE,TRUE,0.289000000000001
2020,92,"Senegal","Africa",5.132,4.998,5.266,0.518,0.558,0.357,0.381,0.158,0.088,3.071,"SEN","Senegal",1461.08720350553,67.496,193.067873600183,5.6869797706604,51.0562950093282,-14.6108753683523,14.2288614917634,7.28693609751603,5.26304180376602,TRUE,TRUE,-0.172000000000011
2021,103,"Senegal","Africa",5.046,4.921,5.171,0.933,0.53,0.447,0.494,0.143,0.081,2.419,"SEN","Senegal",1598.10676952274,66.868,185.744004272729,5.61201000213623,52.2260292191155,-14.6108753683523,14.2288614917634,7.37657493856403,5.224369404599,TRUE,TRUE,-0.628
2022,102,"Senegal","Africa",4.855,4.727,4.983,0.943,0.727,0.231,0.519,0.142,0.06,2.234,"SEN","Senegal",1574.0281059306,67.788,183.651215860883,5.95222997665405,53.4435061024348,-14.6108753683523,14.2288614917634,7.36139328519061,5.21303839277675,TRUE,TRUE,0.920000000000002
2023,99,"Senegal","Africa",4.969,4.841,5.096,0.927,0.751,0.392,0.607,0.152,0.069,2.071,"SEN","Senegal",1698.03387300843,68.683,205.610253935047,6.16277045366329,54.6992276190794,-14.6108753683523,14.2288614917634,7.43722631544053,5.32598240556232,TRUE,TRUE,0.89500000000001
2016,26,"Singapore","Asia",6.572,NA,NA,NA,NA,NA,NA,NA,NA,NA,"SGP","Singapore",57204.0340105222,82.8463414634146,3958.32382350048,2.94466258946576,100,103.810257576341,1.35282518900063,10.9543796995406,8.28357593774776,TRUE,TRUE,NA
2017,34,"Singapore","Asia",6.343,NA,NA,NA,NA,NA,NA,NA,NA,NA,"SGP","Singapore",61436.1325502558,83.0951219512195,4180.32763407743,2.87916382421742,100,103.810257576341,1.35282518900063,11.0257534190671,8.33814490380538,TRUE,TRUE,0.248780487804893
2018,34,"Singapore","Asia",6.262,NA,NA,NA,NA,NA,NA,NA,NA,NA,"SGP","Singapore",67032.8225769734,83.2975609756098,4237.40946621123,2.85314011573792,100,103.810257576341,1.35282518900063,11.1129376676251,8.35170738655457,TRUE,TRUE,0.202439024390301
2019,31,"Singapore","Asia",6.37709999084473,6.31191253662109,6.44228744506836,1.51958012580872,1.39545691013336,1.13781428337097,0.635317206382751,0.218770906329155,0.533162236213684,0.937031745910645,"SGP","Singapore",66068.7003106378,83.5951219512195,4670.46220567088,2.72783994674683,100,103.810257576341,1.35282518900063,11.098450393431,8.44901331914246,TRUE,TRUE,0.297560975609699
2020,32,"Singapore","Asia",6.377,6.293,6.46,1.695,1.019,0.897,0.664,0.176,0.547,1.379,"SGP","Singapore",61772.5036492256,83.5439024390244,5854.30406536757,2.69227004051208,100,103.810257576341,1.35282518900063,11.0312136196676,8.67493240737329,TRUE,TRUE,-0.0512195121951038
2021,27,"Singapore","Asia",6.48,6.392,6.569,2.149,1.127,0.851,0.672,0.163,0.587,0.932,"SGP","Singapore",80884.8565369236,83.0926829268293,6710.39084545712,2.82732009887695,100,103.810257576341,1.35282518900063,11.300781898095,8.8114124764746,TRUE,TRUE,-0.451219512195095
2022,25,"Singapore","Asia",6.587,6.454,6.72,2.168,1.354,0.607,0.66,0.17,0.561,1.067,"SGP","Singapore",91227.6970426492,82.8951219512195,6262.28708683209,2.47478008270264,100,103.810257576341,1.35282518900063,11.4211138255993,8.74230074670453,TRUE,TRUE,-0.197560975609804
2023,30,"Singapore","Asia",6.523,6.44,6.605,2.118,1.361,0.769,0.743,0.168,0.575,0.788,"SGP","Singapore",86382.5900499252,83.0975609756098,6551.26185012408,2.1037700176239,100,103.810257576341,1.35282518900063,11.3665414304357,8.78741295894879,TRUE,TRUE,0.202439024390301
2016,106,"Sierra Leone","Africa",4.709,NA,NA,NA,NA,NA,NA,NA,NA,NA,"SLE","Sierra Leone",844.416411175476,56.937,262.825738388584,1.84832000732422,41.229411538771,-11.7865669573112,8.56133038475059,6.73864575109496,5.5714912208885,TRUE,TRUE,NA
2017,113,"Sierra Leone","Africa",4.571,NA,NA,NA,NA,NA,NA,NA,NA,NA,"SLE","Sierra Leone",779.186007841728,57.761,152.097540853594,3.0150101184845,41.7106682105058,-11.7865669573112,8.56133038475059,6.65824979508512,5.02452203117658,TRUE,TRUE,0.824000000000005
2018,129,"Sierra Leone","Africa",4.374,NA,NA,NA,NA,NA,NA,NA,NA,NA,"SLE","Sierra Leone",845.914540460932,59.059,139.926057014635,4.46809005737305,42.2011025267803,-11.7865669573112,8.56133038475059,6.74041833850014,4.94111411890029,TRUE,TRUE,1.29799999999999
2019,139,"Sierra Leone","Africa",3.92639994621277,3.80654430389404,4.04625558853149,0.240560382604599,0.747984945774078,0.203953966498375,0.382027685642242,0.257647007703781,0.0479409359395504,2.04627180099487,"SLE","Sierra Leone",843.71251730417,59.593,154.274229757054,4.65177011489868,42.7018444914441,-11.7865669573112,8.56133038475059,6.73781181726417,5.03873173153256,TRUE,TRUE,0.534000000000006
2020,138,"Sierra Leone","Africa",3.849,3.698,4.001,0.279,0.377,0.1,0.408,0.243,0.047,2.396,"SLE","Sierra Leone",845.277558236182,59.694,154.039296964456,5.34702014923096,43.2129659123546,-11.7865669573112,8.56133038475059,6.73966504470771,5.03720774495587,TRUE,TRUE,0.100999999999999
2021,140,"Sierra Leone","Africa",3.574,3.416,3.732,0.686,0.416,0.273,0.387,0.202,0.055,1.556,"SLE","Sierra Leone",885.396401613729,60.26,144.499071479513,5.59322023391724,43.7345385973699,-11.7865669573112,8.56133038475059,6.78603545615349,4.97327308178453,TRUE,TRUE,0.565999999999995
2022,135,"Sierra Leone","Africa",3.138,2.976,3.299,0.67,0.54,0.092,0.371,0.193,0.051,1.221,"SLE","Sierra Leone",860.371067874555,61.275,150.992791499807,4.90762996673584,44.2666343543487,-11.7865669573112,8.56133038475059,6.75736377046204,5.01723209726354,TRUE,TRUE,1.015
2023,140,"Sierra Leone","Africa",3.245,3.124,3.366,0.654,0.566,0.253,0.469,0.181,0.053,1.068,"SLE","Sierra Leone",758.329137301888,61.786,158.90709007593,2.62455277942046,44.809324991151,-11.7865669573112,8.56133038475059,6.63111750947335,5.06831969228248,TRUE,TRUE,0.511000000000003
2016,45,"El Salvador","North America",6.003,NA,NA,NA,NA,NA,NA,NA,NA,NA,"SLV","El Salvador",3901.34014965811,70.908,736.857034491996,3.82523989677429,70.3990173339844,-88.8591148923899,13.7580415170554,8.26907540120858,6.60239389032198,TRUE,TRUE,NA
2017,40,"El Salvador","North America",6.167,NA,NA,NA,NA,NA,NA,NA,NA,NA,"SLV","El Salvador",4020.12671373919,71.007,755.122853753257,3.7252299785614,71.0856704711914,-88.8591148923899,13.7580415170554,8.29906870194694,6.62688045621452,TRUE,TRUE,0.0990000000000038
2018,35,"El Salvador","North America",6.253,NA,NA,NA,NA,NA,NA,NA,NA,NA,"SLV","El Salvador",4183.54620971358,71.384,766.010657011516,3.60575008392334,71.7577209472656,-88.8591148923899,13.7580415170554,8.33891454138125,6.64119608219148,TRUE,TRUE,0.376999999999995
2019,34,"El Salvador","North America",6.34829998016357,6.23413324356079,6.46246671676636,0.748940408229828,1.14939761161804,0.752730011940002,0.524043917655945,0.11893630027771,0.11703035235405,2.93719172477722,"SLV","El Salvador",4320.11671534627,71.725,859.415342428711,3.38710999488831,72.4148941040039,-88.8591148923899,13.7580415170554,8.37103769831446,6.75625232367015,TRUE,TRUE,0.340999999999994
2020,49,"El Salvador","North America",6.061,5.933,6.188,0.845,0.675,0.565,0.615,0.116,0.16,3.085,"SLV","El Salvador",3997.19279583709,70.244,840.737911267358,3.66088008880615,73.0570220947266,-88.8591148923899,13.7580415170554,8.29334759268367,6.73427997200658,TRUE,TRUE,-1.48099999999999
2021,49,"El Salvador","North America",6.12,5.99,6.25,1.265,0.768,0.607,0.666,0.089,0.212,2.514,"SLV","El Salvador",4642.60743101342,69.941,1094.6610441134,3.57766008377075,73.6838531494141,-88.8591148923899,13.7580415170554,8.44303143372668,6.99820004557561,TRUE,TRUE,-0.302999999999997
2022,50,"El Salvador","North America",6.122,5.986,6.257,1.278,1.044,0.383,0.713,0.079,0.222,2.403,"SLV","El Salvador",5074.60050994225,71.969,1164.50916634463,3.26848006248474,74.1465021298679,-88.8591148923899,13.7580415170554,8.53200308355886,7.06005496077871,TRUE,TRUE,2.02799999999999
2023,33,"El Salvador","North America",6.469,6.338,6.599,1.265,1.08,0.549,0.816,0.083,0.253,2.424,"SLV","El Salvador",5319.7195268688,72.099,1175.52067026246,3.18734002113342,74.6080675149903,-88.8591148923899,13.7580415170554,8.57917586043253,7.0694664520556,TRUE,TRUE,0.13000000000001
2016,93,"Somalia","Africa",5.151,NA,NA,NA,NA,NA,NA,NA,NA,NA,"SOM","Somalia, Fed. Rep.",460.928490585175,55.283,37.4867276163693,NA,45.942842729174,45.4003786724397,6.52453457310392,6.1332429129281,3.62398694009813,FALSE,FALSE,NA
2017,98,"Somalia","Africa",4.982,NA,NA,NA,NA,NA,NA,NA,NA,NA,"SOM","Somalia, Fed. Rep.",510.939952317726,52.19,42.2444179689043,NA,48.3639630032265,45.4003786724397,6.52453457310392,6.23625207315741,3.7434722259955,FALSE,FALSE,-3.093
2018,112,"Somalia","Africa",4.668,NA,NA,NA,NA,NA,NA,NA,NA,NA,"SOM","Somalia, Fed. Rep.",509.497273804534,54.767,39.4856095260646,4.00990834307e-06,50.9506215336872,45.4003786724397,6.52453457310392,6.23342450192135,3.67593628973212,FALSE,FALSE,2.57700000000001
2016,73,"Serbia","Europe",5.395,NA,NA,NA,NA,NA,NA,NA,NA,NA,"SRB","Serbia",5982.37030126471,75.6878048780488,1338.00127952034,3.50275993347168,60.3853870034026,20.8567744439574,44.0267987013197,8.69657213985922,7.19893219698095,TRUE,TRUE,NA
2017,78,"Serbia","Europe",5.398,NA,NA,NA,NA,NA,NA,NA,NA,NA,"SRB","Serbia",6548.03653824187,75.5390243902439,1361.73048306877,3.56539011001587,60.621208190918,20.8567744439574,44.0267987013197,8.78692051853683,7.21651158391857,TRUE,TRUE,-0.148780487804899
2018,70,"Serbia","Europe",5.603,NA,NA,NA,NA,NA,NA,NA,NA,NA,"SRB","Serbia",7559.86165747394,75.890243902439,1507.56363488042,3.43663001060486,60.8433609008789,20.8567744439574,44.0267987013197,8.93060816973021,7.31825013990308,TRUE,TRUE,0.351219512195101
2019,64,"Serbia","Europe",5.77820014953613,5.67880392074585,5.87759637832642,0.988181829452515,1.32744896411896,0.828403294086456,0.395428419113159,0.150282889604568,0.0594471469521523,2.02904009819031,"SRB","Serbia",7755.632986437,75.9365853658537,1701.65775251246,3.45865988731384,61.0492248535156,20.8567744439574,44.0267987013197,8.95617469528895,7.43935820343258,TRUE,TRUE,0.0463414634147057
2020,48,"Serbia","Europe",6.078,5.974,6.181,1.101,0.924,0.634,0.482,0.189,0.066,2.682,"SRB","Serbia",8098.70955668849,74.4780487804878,1738.4812257015,NA,61.223201751709,20.8567744439574,44.0267987013197,8.99946001397963,7.46076715225328,TRUE,TRUE,-1.45853658536591
2021,43,"Serbia","Europe",6.178,6.062,6.294,1.55,1.086,0.658,0.546,0.219,0.088,2.031,"SRB","Serbia",9680.52798074468,72.780487804878,2149.73648195303,3.14615988731384,61.363899230957,20.8567744439574,44.0267987013197,9.17787172224854,7.67310054707634,TRUE,TRUE,-1.69756097560979
2022,45,"Serbia","Europe",6.144,5.988,6.299,1.552,1.343,0.424,0.617,0.246,0.081,1.881,"SRB","Serbia",10024.8191112596,75.2365853658537,2208.67151923395,3.08255004882812,61.9013813540396,20.8567744439574,44.0267987013197,9.21281920824735,7.70014649124665,TRUE,TRUE,2.45609756097569
2023,37,"Serbia","Europe",6.411,6.3,6.522,1.538,1.391,0.585,0.663,0.2,0.101,1.932,"SRB","Serbia",12281.707946167,76.1414634146341,2302.62447828459,3.40377998352051,62.1434649229738,20.8567744439574,44.0267987013197,9.415866275594,7.74180482889816,TRUE,TRUE,0.904878048780404
2016,147,"South Sudan","Africa",3.591,NA,NA,NA,NA,NA,NA,NA,NA,NA,"SSD","South Sudan",NA,36.72,NA,1.56539228959694,19.0769476614377,30.3851856901788,7.6577820417633,NA,NA,FALSE,FALSE,NA
2017,154,"South Sudan","Africa",3.254,NA,NA,NA,NA,NA,NA,NA,NA,NA,"SSD","South Sudan",NA,35.351,85.7357375945615,NA,19.3489927232944,30.3851856901788,7.6577820417633,NA,4.45126974678459,FALSE,FALSE,-1.369
2018,156,"South Sudan","Africa",2.853,NA,NA,NA,NA,NA,NA,NA,NA,NA,"SSD","South Sudan",NA,51.905,73.8580968928116,NA,19.6254143932663,30.3851856901788,7.6577820417633,NA,4.30214564268048,FALSE,FALSE,16.554
2019,152,"South Sudan","Africa",2.81660008430481,2.60568380355835,3.02751636505127,0.28908297419548,0.553278505802155,0.208809033036232,0.0656092539429665,0.20993460714817,0.111156798899174,1.37875127792358,"SSD","South Sudan",NA,58.129,67.813202984697,NA,19.9062299188719,30.3851856901788,7.6577820417633,NA,4.21675691027566,FALSE,FALSE,6.224
2016,40,"Slovakia","Europe",6.098,NA,NA,NA,NA,NA,NA,NA,NA,NA,"SVK","Slovak Republic",16636.0769133073,77.1658536585366,2110.68929808851,3.88375997543335,53.7399327086517,19.581015362491,48.6980839052048,9.71932892415743,7.65476985467985,TRUE,TRUE,NA
2017,39,"Slovakia","Europe",6.173,NA,NA,NA,NA,NA,NA,NA,NA,NA,"SVK","Slovak Republic",17645.5298716761,77.1658536585366,2038.17442479971,3.91876006126404,53.6126018237016,19.581015362491,48.6980839052048,9.77823776522359,7.61980979638127,TRUE,TRUE,0
2018,38,"Slovakia","Europe",6.198,NA,NA,NA,NA,NA,NA,NA,NA,NA,"SVK","Slovak Republic",19573.3717031314,77.2658536585366,2092.63844486791,3.93534994125366,53.4881496935559,19.581015362491,48.6980839052048,9.88192533492821,7.64618096259693,TRUE,TRUE,0.0999999999999943
2019,37,"Slovakia","Europe",6.28060007095337,6.20436096191406,6.35683917999268,1.19483768939972,1.4243311882019,0.853465259075165,0.423542529344559,0.116729773581028,0.0112914405763149,2.25642204284668,"SVK","Slovak Republic",19406.0589683582,77.6658536585366,2350.36598550736,4.26779985427856,53.3666558664583,19.581015362491,48.6980839052048,9.87334061424693,7.76232633352599,TRUE,TRUE,0.400000000000006
2020,34,"Slovakia","Europe",6.331,6.251,6.411,1.304,1.066,0.653,0.468,0.107,0.018,2.714,"SVK","Slovak Republic",19735.4858280801,76.8658536585366,2494.68704539571,4.720290184021,53.2481998906526,19.581015362491,48.6980839052048,9.89017360538097,7.82191856761115,TRUE,TRUE,-0.800000000000011
2021,35,"Slovakia","Europe",6.391,6.306,6.475,1.736,1.232,0.707,0.479,0.118,0.025,2.094,"SVK","Slovak Republic",22123.3342114545,74.6146341463415,2918.54660555695,4.71766996383667,53.1901479870605,19.581015362491,48.6980839052048,10.0043881771639,7.97884103352678,TRUE,TRUE,-2.25121951219509
2022,29,"Slovakia","Europe",6.469,6.36,6.578,1.731,1.544,0.472,0.494,0.128,0.022,2.078,"SVK","Slovak Republic",21317.7943982363,76.9658536585366,3163.67734417391,4.65688991546631,53.1902831072528,19.581015362491,48.6980839052048,9.9672974206879,8.05949034649849,TRUE,TRUE,2.3512195121951
2023,45,"Slovakia","Europe",6.257,6.182,6.332,1.706,1.54,0.638,0.566,0.096,0.058,1.653,"SVK","Slovak Republic",24614.8734642794,78.119512195122,3230.2453507094,NA,53.190805019646,19.581015362491,48.6980839052048,10.1111061515851,8.08031337330384,TRUE,TRUE,1.1536585365854
2016,62,"Slovenia","Europe",5.758,NA,NA,NA,NA,NA,NA,NA,NA,NA,"SVN","Slovenia",21447.8377796036,81.1756097560976,2878.2903397979,4.84419012069702,53.647274017334,14.8906368999738,46.137592295645,9.97337911645953,7.96495176484613,TRUE,TRUE,NA
2017,51,"Slovenia","Europe",5.948,NA,NA,NA,NA,NA,NA,NA,NA,NA,"SVN","Slovenia",23303.077705959,81.0292682926829,2988.78390180399,4.82381010055542,55.2451133728027,14.8906368999738,46.137592295645,10.0563407212151,8.0026218618463,TRUE,TRUE,-0.1463414634147
2018,44,"Slovenia","Europe",6.118,NA,NA,NA,NA,NA,NA,NA,NA,NA,"SVN","Slovenia",25888.0481065655,81.3780487804878,3236.61402075633,4.97948980331421,55.1913430955675,14.8906368999738,46.137592295645,10.1615366781138,8.08228300701319,TRUE,TRUE,0.348780487804902
2019,33,"Slovenia","Europe",6.36339998245239,6.27747106552124,6.44932889938354,1.20865249633789,1.46467769145966,0.932548046112061,0.646700143814087,0.145701497793198,0.0765163227915764,1.88858652114868,"SVN","Slovenia",25814.1687167572,81.5292682926829,3642.58734890772,4.93479013442993,55.4523277282715,14.8906368999738,46.137592295645,10.1586787952364,8.20044951826439,TRUE,TRUE,0.151219512195098
2020,29,"Slovenia","Europe",6.461,6.376,6.546,1.36,1.093,0.722,0.69,0.122,0.085,2.388,"SVN","Slovenia",25392.0651093612,80.5317073170732,3976.05047184126,5.41901016235352,55.384391784668,14.8906368999738,46.137592295645,10.1421920069312,8.28804426182096,TRUE,TRUE,-0.997560975609701
2021,22,"Slovenia","Europe",6.63,6.542,6.718,1.81,1.249,0.769,0.685,0.118,0.115,1.885,"SVN","Slovenia",29192.8401933019,80.6756097560976,4372.47761856351,5.39167022705078,55.3046289429588,14.8906368999738,46.137592295645,10.2816787593307,8.38308508819778,TRUE,TRUE,0.143902439024401
2022,22,"Slovenia","Europe",6.65,6.55,6.75,1.815,1.539,0.532,0.707,0.144,0.113,1.799,"SVN","Slovenia",28360.3041467268,81.2829268292683,4864.66217532305,5.28065013885498,55.3377817873563,14.8906368999738,46.137592295645,10.2527457050853,8.48975255239878,TRUE,TRUE,0.607317073170705
2023,21,"Slovenia","Europe",6.743,6.643,6.843,1.786,1.502,0.695,0.789,0.157,0.131,1.683,"SVN","Slovenia",32660.4753581346,81.9292682926829,4948.56888946586,NA,55.5378927789875,14.8906368999738,46.137592295645,10.3939209211685,8.50685370052223,TRUE,TRUE,0.646341463414601
2016,10,"Sweden","Europe",7.284,NA,NA,NA,NA,NA,NA,NA,NA,NA,"SWE","Sweden",51703.5088332851,82.3073170731707,5550.52327747152,7.63991022109985,87,17.062431988005,62.7342098610845,10.8532809273093,8.6216474865251,TRUE,TRUE,NA
2017,9,"Sweden","Europe",7.314,NA,NA,NA,NA,NA,NA,NA,NA,NA,"SWE","Sweden",53210.2233318965,82.409756097561,5670.29230803845,7.63849020004272,87.237373786911,17.062431988005,62.7342098610845,10.8820058247606,8.6429959488389,TRUE,TRUE,0.102439024390307
2018,7,"Sweden","Europe",7.343,NA,NA,NA,NA,NA,NA,NA,NA,NA,"SWE","Sweden",54018.4554391861,82.5585365853659,5923.98800416487,7.69825983047485,87.4737430925296,17.062431988005,62.7342098610845,10.8970810345496,8.68676515043035,TRUE,TRUE,0.148780487804899
2019,7,"Sweden","Europe",7.35349988937378,7.28248071670532,7.42451906204224,1.32223522663116,1.43334770202637,0.986470460891724,0.650297701358795,0.27282789349556,0.442066371440887,2.24629926681519,"SWE","Sweden",51648.9892820514,83.109756097561,6267.40709725547,7.66307020187378,87.7088420242759,17.062431988005,62.7342098610845,10.852225905761,8.74311800698768,TRUE,TRUE,0.551219512195104
2020,7,"Sweden","Europe",7.363,7.293,7.433,1.478,1.062,0.763,0.685,0.244,0.448,2.683,"SWE","Sweden",52568.5726980146,82.3560975609756,6584.35295644568,7.95333003997803,87.9424046895699,17.062431988005,62.7342098610845,10.8698737429411,8.79245134912868,TRUE,TRUE,-0.753658536585405
2021,7,"Sweden","Europe",7.384,7.315,7.454,1.92,1.204,0.803,0.724,0.218,0.512,2.003,"SWE","Sweden",60647.5416365347,83.0560975609756,7069.63988238581,7.60224008560181,88.1741651958315,17.062431988005,62.7342098610845,11.0128343799404,8.86356482158001,TRUE,TRUE,0.700000000000003
2022,6,"Sweden","Europe",7.395,7.322,7.468,1.921,1.51,0.562,0.754,0.225,0.52,1.903,"SWE","Sweden",54836.8907235124,83.0585365853659,7228.97213427169,7.31909990310669,88.4038576504809,17.062431988005,62.7342098610845,10.9121184348317,8.88585213827876,TRUE,TRUE,0.00243902439029853
2023,4,"Sweden","Europe",7.344,7.267,7.422,1.878,1.501,0.724,0.838,0.221,0.524,1.658,"SWE","Sweden",54950.2834725622,83.309756097561,7512.07018462638,NA,88.631216160938,17.062431988005,62.7342098610845,10.9141841185548,8.92426636384583,TRUE,TRUE,0.251219512195107
2018,135,"Swaziland","Africa",4.212,NA,NA,NA,NA,NA,NA,NA,NA,NA,"SWZ","Eswatini",3972.65450620357,58.707,627.798673592147,5.73687354676617,24.0579295404227,31.510685746082,-26.5625409356087,8.2871897916013,6.44221953161834,FALSE,FALSE,NA
2019,132,"Swaziland","Africa",4.30810022354126,4.16805458068848,4.44814586639404,0.82753974199295,1.06483519077301,0.215585827827454,0.299935787916183,0.0672648325562477,0.146765872836113,1.68620729446411,"SWZ","Eswatini",3913.14577547336,59.85,756.407619815981,5.69914824136892,24.3459549517751,31.510685746082,-26.5625409356087,8.27209687566251,6.62858041052518,FALSE,FALSE,1.143
2020,130,"Swaziland","Africa",4.308,4.168,4.448,0.849,0.693,0.074,0.323,0.067,0.147,2.155,"SWZ","Eswatini",3466.56936278145,59.862,637.808889184997,5.32546270122803,24.6652798922192,31.510685746082,-26.5625409356087,8.150920727639,6.45803869173973,FALSE,FALSE,0.0120000000000005
2021,125,"Eswatini","Africa",4.396,4.185,4.607,1.274,0.786,0.197,0.259,0.038,0.154,1.688,"SWZ","Eswatini",3984.00229174306,58.228,746.579310860445,5.28714899285221,25.0156180525173,31.510685746082,-26.5625409356087,8.29004219394104,6.61550185495327,FALSE,FALSE,-1.634
2023,135,"Eswatini","Africa",3.502,3.331,3.673,1.255,0.925,0.176,0.284,0.059,0.116,0.686,"SWZ","Eswatini",3755.52111232464,64.123,922.026572433391,5.00431592836751,25.8081878500755,31.510685746082,-26.5625409356087,8.23098233281833,6.82657404356797,FALSE,FALSE,NA
2016,152,"Syria","Asia",3.462,NA,NA,NA,NA,NA,NA,NA,NA,NA,"SYR","Syrian Arab Republic",656.349017520952,65.19,140.306631314019,NA,75.15400963398,38.5117323139514,35.0975110605832,6.48669268636546,4.94383025123749,FALSE,FALSE,NA
2017,150,"Syria","Asia",3.462,NA,NA,NA,NA,NA,NA,NA,NA,NA,"SYR","Syrian Arab Republic",851.501972646386,65.651,131.753554357242,NA,74.5395596323392,38.5117323139514,35.0975110605832,6.74700181677227,4.88093316510115,FALSE,FALSE,0.460999999999999
2018,149,"Syria","Asia",3.462,NA,NA,NA,NA,NA,NA,NA,NA,NA,"SYR","Syrian Arab Republic",1098.06667935023,67.371,142.539399813054,NA,74.0612602381775,38.5117323139514,35.0975110605832,7.00130634823128,4.95961845140858,FALSE,FALSE,1.72
2016,137,"Chad","Africa",3.936,NA,NA,NA,NA,NA,NA,NA,NA,NA,"TCD","Chad",861.831767630746,51.603,78.6218434069875,2.38847586229946,23.1119734707179,18.427113900363,15.2834935466545,6.75906008645495,4.36464956676777,TRUE,TRUE,NA
2017,131,"Chad","Africa",4.301,NA,NA,NA,NA,NA,NA,NA,NA,NA,"TCD","Chad",854.46120040098,51.875,73.614673995706,1.8390200138092,23.461349471105,18.427113900363,15.2834935466545,6.75047109532344,4.29884438080395,TRUE,TRUE,0.271999999999998
2018,132,"Chad","Africa",4.35,NA,NA,NA,NA,NA,NA,NA,NA,NA,"TCD","Chad",948.656629871231,52.447,73.2799515768197,2.25947501392013,23.8486084924975,18.427113900363,15.2834935466545,6.85504691002892,4.29428705956898,TRUE,TRUE,0.572000000000003
2019,127,"Chad","Africa",4.42269992828369,4.27524662017822,4.57015323638916,0.302287489175797,0.739118278026581,0.108744099736214,0.228601768612862,0.210805088281631,0.0857554078102112,2.74742650985718,"TCD","Chad",893.336441643325,52.993,79.5967933640388,2.37245795383591,24.2731047386633,18.427113900363,15.2834935466545,6.79496326428222,4.37697380766753,TRUE,TRUE,0.545999999999999
2020,128,"Chad","Africa",4.355,4.171,4.54,0.255,0.353,0,0.24,0.215,0.084,3.209,"TCD","Chad",866.947814890409,53.082,95.1376029859458,2.73960390423748,24.7341921795416,18.427113900363,15.2834935466545,6.7649787845312,4.55532429608874,TRUE,TRUE,0.0889999999999986
2021,130,"Chad","Africa",4.251,3.999,4.503,0.662,0.506,0.225,0.18,0.182,0.077,2.419,"TCD","Chad",946.358500208374,53.136,96.7267709002545,2.01648998260498,25.2312246423075,18.427113900363,15.2834935466545,6.85262146154252,4.57189020902848,TRUE,TRUE,0.054000000000002
2022,114,"Chad","Africa",4.397,4.16,4.633,0.622,0.962,0.043,0.393,0.255,0.088,2.034,"TCD","Chad",966.036468278568,54.528,108.171806546688,2.6016118897064,25.7635558629694,18.427113900363,15.2834935466545,6.8732015853411,4.68372076449828,TRUE,TRUE,1.392
2023,113,"Chad","Africa",4.471,4.313,4.63,0.603,0.805,0.199,0.411,0.218,0.113,2.122,"TCD","Chad",949.991054236266,55.069,129.912086167297,3.20149725837724,26.3305395171046,18.427113900363,15.2834935466545,6.85645256795685,4.86685796143691,TRUE,TRUE,0.541000000000004
2016,150,"Togo","Africa",3.495,NA,NA,NA,NA,NA,NA,NA,NA,NA,"TGO","Togo",843.114204338675,59.677,127.292865119562,3.6624801158905,40.1485878279739,0.899085757110968,8.66074303771781,6.73710242253748,4.84649045622799,TRUE,TRUE,NA
2017,139,"Togo","Africa",3.999,NA,NA,NA,NA,NA,NA,NA,NA,NA,"TGO","Togo",872.076408845752,60.145,129.101001104481,3.76526999473572,40.5809463430719,0.899085757110968,8.66074303771781,6.77087704489326,4.86059505231115,TRUE,TRUE,0.468000000000004
2018,139,"Togo","Africa",4.085,NA,NA,NA,NA,NA,NA,NA,NA,NA,"TGO","Togo",942.480774393154,60.608,127.348479655682,4.09162998199463,41.013328267781,0.899085757110968,8.66074303771781,6.84851552059226,4.84692726303997,TRUE,TRUE,0.462999999999994
2019,135,"Togo","Africa",4.18720006942749,4.06468677520752,4.30971336364746,0.268116265535355,0.547622859477997,0.342731177806854,0.303539037704468,0.200774252414703,0.114826455712318,2.40959525108337,"TGO","Togo",917.718016777619,61.061,130.948207354988,4.20164196626882,41.445731197295,0.899085757110968,8.66074303771781,6.82189017216752,4.87480188132194,TRUE,TRUE,0.453000000000003
2020,136,"Togo","Africa",4.107,3.956,4.258,0.254,0.239,0.203,0.289,0.209,0.107,2.806,"TGO","Togo",961.219781201934,61.14,145.650435885939,4.08528017372931,41.8781527268075,0.899085757110968,8.66074303771781,6.86820308334462,4.98120947609536,TRUE,TRUE,0.0790000000000006
2021,135,"Togo","Africa",4.112,3.953,4.272,0.771,0.322,0.36,0.292,0.174,0.132,2.061,"TGO","Togo",1076.29520076949,61.337,144.608614193537,4.22702442483079,42.3105904515122,0.899085757110968,8.66074303771781,6.98128005325213,4.9740308805197,TRUE,TRUE,0.197000000000003
2022,122,"Togo","Africa",4.137,3.986,4.289,0.77,0.642,0.161,0.367,0.149,0.136,1.913,"TGO","Togo",1071.61539220759,62.292,177.057906363698,3.77811083266775,42.7332327975627,0.899085757110968,8.66074303771781,6.97692250132951,5.1764768336676,TRUE,TRUE,0.954999999999998
2023,124,"Togo","Africa",4.214,4.098,4.33,0.758,0.586,0.32,0.453,0.127,0.156,1.814,"TGO","Togo",1182.32951436696,62.74,185.734057006991,4.14281885166484,43.2496853032436,0.899085757110968,8.66074303771781,7.07524193607517,5.22431584953464,TRUE,TRUE,0.448
2016,32,"Thailand","Asia",6.424,NA,NA,NA,NA,NA,NA,NA,NA,NA,"THA","Thailand",5833.57715617098,76.769,656.681703204639,3.76761756770937,47.8801095551247,101.086751162146,13.6622278474554,8.67138566857071,6.48719943108294,TRUE,TRUE,NA
2017,46,"Thailand","Asia",6.072,NA,NA,NA,NA,NA,NA,NA,NA,NA,"THA","Thailand",6413.09182530343,76.989,677.059967108563,3.46532147640365,49.2311973571777,101.086751162146,13.6622278474554,8.76609677766532,6.51775984669787,TRUE,TRUE,0.219999999999999
2018,52,"Thailand","Asia",6.008,NA,NA,NA,NA,NA,NA,NA,NA,NA,"THA","Thailand",7099.77650081458,77.19,730.379120444958,3.19769395901619,54.5843734741211,101.086751162146,13.6622278474554,8.86781858377543,6.59356374240578,TRUE,TRUE,0.200999999999993
2019,54,"Thailand","Asia",5.9987998008728,5.91531085968018,6.08228874206543,1.00702929496765,1.34751951694489,0.793855845928192,0.609449803829193,0.376709014177322,0.0318378619849682,1.83238410949707,"THA","Thailand",7605.69657797759,77.197,756.757118622001,3.02221411183282,55.9266166687012,101.086751162146,13.6622278474554,8.93665279523621,6.62904235469207,TRUE,TRUE,0.007000000000005
2020,54,"Thailand","Asia",5.985,5.893,6.077,1.107,0.957,0.596,0.611,0.375,0.028,2.309,"THA","Thailand",6983.03412836245,77.331,835.011548990053,3.15314171737183,57.2358779907227,101.086751162146,13.6622278474554,8.85123879018372,6.72744555588102,TRUE,TRUE,0.134
2021,61,"Thailand","Asia",5.891,5.788,5.994,1.535,1.096,0.697,0.617,0.321,0.026,1.6,"THA","Thailand",7055.18760721422,77.606,1043.31229823859,2.98212428478268,58.5087776184082,101.086751162146,13.6622278474554,8.86151845602608,6.95015583323018,TRUE,TRUE,0.274999999999991
2022,60,"Thailand","Asia",5.843,5.717,5.969,1.515,1.344,0.461,0.624,0.291,0.013,1.594,"THA","Thailand",6910.00995211206,75.291,1189.83103038127,2.61187022798634,59.742374420166,101.086751162146,13.6622278474554,8.84072635700844,7.08156658474762,TRUE,TRUE,-2.315
2023,58,"Thailand","Asia",5.976,5.858,6.094,1.484,1.347,0.62,0.756,0.283,0.024,1.463,"THA","Thailand",7210.54130832685,76.412,1066.75429251627,2.52122219628772,60.9341926574707,101.086751162146,13.6622278474554,8.88329930489867,6.97237594597965,TRUE,TRUE,1.12100000000001
2016,96,"Tajikistan","Asia",5.041,NA,NA,NA,NA,NA,NA,NA,NA,NA,"TJK","Tajikistan",788.710481734485,69.982,202.905221649611,5.73094142576332,26.3718509674072,70.942152810657,38.5693313838297,6.67039931020341,5.31273898158989,TRUE,TRUE,NA
2017,80,"Tajikistan","Asia",5.352,NA,NA,NA,NA,NA,NA,NA,NA,NA,"TJK","Tajikistan",829.45714764957,70.524,206.78412651806,5.54471764262202,26.2731513977051,70.942152810657,38.5693313838297,6.72077144783743,5.33167538203864,TRUE,TRUE,0.542000000000002
2018,74,"Tajikistan","Asia",5.467,NA,NA,NA,NA,NA,NA,NA,NA,NA,"TJK","Tajikistan",834.288404578801,70.737,215.260701328284,5.38508736377556,26.2338752746582,70.942152810657,38.5693313838297,6.72657915142813,5.37184985788289,TRUE,TRUE,0.212999999999994
2019,71,"Tajikistan","Asia",5.55569982528687,5.49234962463379,5.61905002593994,0.47487461566925,1.21837770938873,0.680594801902771,0.521141171455383,0.182417124509811,0.22177991271019,2.25650835037231,"TJK","Tajikistan",871.022372934846,70.962,240.388074935462,5.48427628435415,26.1300735473633,70.942152810657,38.5693313838297,6.76966766301497,5.48225459633693,TRUE,TRUE,0.225000000000009
2020,78,"Tajikistan","Asia",5.466,5.4,5.532,0.508,0.895,0.498,0.548,0.152,0.247,2.619,"TJK","Tajikistan",834.311715460625,68.605,324.848767100631,5.13516829187823,26.1925442328719,70.942152810657,38.5693313838297,6.72660709207316,5.78335974203115,TRUE,TRUE,-2.357
2021,83,"Tajikistan","Asia",5.377,5.287,5.468,0.966,1.005,0.518,0.572,0.118,0.304,1.895,"TJK","Tajikistan",896.748053372182,69.594,333.820942956589,4.38253082077599,26.1991525151375,70.942152810657,38.5693313838297,6.79877494565139,5.81060475029192,TRUE,TRUE,0.98899999999999
2022,80,"Tajikistan","Asia",5.33,5.207,5.452,0.972,1.248,0.291,0.599,0.104,0.292,1.823,"TJK","Tajikistan",1052.17949484894,71.562,337.27598174615,5.39829770599001,26.1957126615618,70.942152810657,38.5693313838297,6.95861900122328,5.82090153213867,TRUE,TRUE,1.968
2023,88,"Tajikistan","Asia",5.281,5.201,5.361,NA,NA,NA,NA,NA,NA,NA,"TJK","Tajikistan",1178.47990060249,71.79,364.084279440098,5.43682120015444,26.1890127571429,70.942152810657,38.5693313838297,7.07198066716286,5.89738537775955,TRUE,TRUE,0.228000000000009
2016,59,"Turkmenistan","Asia",5.822,NA,NA,NA,NA,NA,NA,NA,NA,NA,"TKM","Turkmenistan",5238.00827202546,69.142,855.665751812155,NA,47.0227025249994,58.4577357627054,39.0606911800143,8.56369660429998,6.75187982303084,FALSE,FALSE,NA
2017,68,"Turkmenistan","Asia",5.636,NA,NA,NA,NA,NA,NA,NA,NA,NA,"TKM","Turkmenistan",5125.54920055808,69.19,935.906104766592,NA,47.0334857399476,58.4577357627054,39.0606911800143,8.54199295934977,6.84151515602536,FALSE,FALSE,0.0480000000000018
2018,87,"Turkmenistan","Asia",5.247,NA,NA,NA,NA,NA,NA,NA,NA,NA,"TKM","Turkmenistan",3911.98557297865,69.272,964.908875567351,NA,47.0423948717765,58.4577357627054,39.0606911800143,8.27180034325901,6.87203366741636,FALSE,FALSE,0.0820000000000078
2019,95,"Turkmenistan","Asia",5.11910009384155,5.06151580810547,5.17668437957764,1.0089635848999,1.51047694683075,0.612448036670685,0.515236675739288,0.323129326105118,0.0335038900375366,1.11533737182617,"TKM","Turkmenistan",4365.1152919542,69.405,1007.80714290941,3.12054991722107,47.0494562466485,58.4577357627054,39.0606911800143,8.38139988074372,6.91553210384731,FALSE,FALSE,0.132999999999996
2020,97,"Turkmenistan","Asia",5.066,4.996,5.136,1.046,1.172,0.439,0.602,0.366,0.033,1.409,"TKM","Turkmenistan",3935.37749365223,68.846,961.431753932872,3.76267004013061,47.0546961907259,58.4577357627054,39.0606911800143,8.27776208856344,6.86842358376076,FALSE,FALSE,-0.558999999999997
2021,78,"Turkmenistan","Asia",5.474,5.371,5.578,1.484,1.319,0.516,0.649,0.314,0.032,1.16,"TKM","Turkmenistan",3713.20113171765,69.353,1099.54815760149,3.8489100933075,47.0581410301711,58.4577357627054,39.0606911800143,8.21964962230803,7.00265460858225,FALSE,FALSE,0.506999999999991
2016,38,"Trinidad and Tobago","North America",6.168,NA,NA,NA,NA,NA,NA,NA,NA,NA,"TTO","Trinidad and Tobago",17449.1538801956,72.935,1722.16377993058,4.21428227509361,53.9277523084951,-61.3723657997625,10.4155156382981,9.76704643821404,7.45133679076148,FALSE,FALSE,NA
2017,38,"Trinidad and Tobago","North America",6.192,NA,NA,NA,NA,NA,NA,NA,NA,NA,"TTO","Trinidad and Tobago",17566.0999700656,72.984,1756.74513417454,3.3293687903123,53.9293186833833,-61.3723657997625,10.4155156382981,9.77372618557242,7.47121802028025,FALSE,FALSE,0.0489999999999924
2018,39,"Trinidad and Tobago","North America",6.192,NA,NA,NA,NA,NA,NA,NA,NA,NA,"TTO","Trinidad and Tobago",17571.498737278,72.658,1763.08906550386,3.47141762674052,53.9314518934907,-61.3723657997625,10.4155156382981,9.77403347846969,7.47482270040931,FALSE,FALSE,-0.325999999999993
2019,42,"Trinidad and Tobago","North America",6.19189977645874,5.96758079528809,6.41621875762939,1.16764152050018,1.40732622146606,0.658828556537628,0.552931129932404,0.199358254671097,0.0150783956050873,2.19069576263428,"TTO","Trinidad and Tobago",17212.6128892163,72.836,1868.7148208513,3.55386116245268,53.9342394732739,-61.3723657997625,10.4155156382981,9.75339770157554,7.53300621199929,FALSE,FALSE,0.177999999999997
2016,102,"Tunisia","Africa",4.805,NA,NA,NA,NA,NA,NA,NA,NA,NA,"TUN","Tunisia",3847.80354448809,75.007,686.860868225976,NA,68.0623356528248,9.65587551697984,34.0863617956572,8.25525775655509,6.53213175093492,TRUE,TRUE,NA
2017,111,"Tunisia","Africa",4.592,NA,NA,NA,NA,NA,NA,NA,NA,NA,"TUN","Tunisia",3619.03247319953,75.177,698.279298384224,NA,68.2877807617188,9.65587551697984,34.0863617956572,8.19396199649932,6.54861916367894,TRUE,TRUE,0.170000000000002
2018,124,"Tunisia","Africa",4.461,NA,NA,NA,NA,NA,NA,NA,NA,NA,"TUN","Tunisia",3628.10366464236,75.37,703.082554065748,NA,68.5485240272509,9.65587551697984,34.0863617956572,8.1964653843225,6.55547431601966,TRUE,TRUE,0.192999999999998
2019,128,"Tunisia","Africa",4.39219999313354,4.29484558105469,4.4895544052124,0.874742686748505,0.872167706489563,0.781156718730927,0.235860556364059,0.055881142616272,0.0438995733857155,1.52849674224854,"TUN","Tunisia",3528.87213306798,75.599,752.760828733922,6.17373240410185,68.8206382576031,9.65587551697984,34.0863617956572,8.16873358982755,6.6237475528232,TRUE,TRUE,0.228999999999999
2020,122,"Tunisia","Africa",4.596,4.484,4.709,0.919,0.515,0.59,0.334,0.057,0.044,2.138,"TUN","Tunisia",3548.65363663803,75.004,840.967205945423,7.26507545467782,69.1043166438476,9.65587551697984,34.0863617956572,8.17432355324817,6.73455266509307,TRUE,TRUE,-0.594999999999999
2021,120,"Tunisia","Africa",4.516,4.403,4.629,1.35,0.596,0.656,0.316,0.029,0.029,1.54,"TUN","Tunisia",3906.93926319391,72.893,908.581945455177,6.67984656240779,69.3997523770568,9.65587551697984,34.0863617956572,8.27050954929664,6.81188508239838,TRUE,TRUE,-2.111
2022,110,"Tunisia","Africa",4.497,4.393,4.601,1.333,0.981,0.422,0.259,0.022,0.016,1.463,"TUN","Tunisia",3707.29283414381,76.05,1016.66974438632,6.8049896073928,69.707138648303,9.65587551697984,34.0863617956572,8.21805719494415,6.924287608194,TRUE,TRUE,3.157
2023,115,"Tunisia","Africa",4.422,4.338,4.505,1.306,0.955,0.579,0.254,0.024,0.018,1.285,"TUN","Tunisia",3951.11683376921,76.508,1112.51466317739,6.73398856321206,70.0266686486584,9.65587551697984,34.0863617956572,8.28175356065736,7.01437819433771,TRUE,TRUE,0.457999999999998
2016,69,"Türkiye","Asia",5.5,NA,NA,NA,NA,NA,NA,NA,NA,NA,"TUR","Turkiye",10984.3643169061,76.595,1110.57942653774,4.62773990631104,88.1020958581776,35.5688676407669,38.932073631234,9.30422811486081,7.01263716399856,TRUE,TRUE,NA
2017,74,"Türkiye","Asia",5.483,NA,NA,NA,NA,NA,NA,NA,NA,NA,"TUR","Turkiye",10756.3877677883,77.037,1139.10260447613,4.32369995117188,88.0320472717286,35.5688676407669,38.932073631234,9.28325506803943,7.03799604233652,TRUE,TRUE,0.442000000000007
2018,79,"Türkiye","Asia",5.373,NA,NA,NA,NA,NA,NA,NA,NA,NA,"TUR","Turkiye",9684.11819884721,77.454,1124.65599319441,4.29729986190796,88.1655749576173,35.5688676407669,38.932073631234,9.17824252356455,7.02523248404992,TRUE,TRUE,0.416999999999987
2019,93,"Türkiye","Asia",5.13180017471313,5.0537166595459,5.20988368988037,1.12716925144196,1.19715917110443,0.781335294246674,0.254400759935379,0.0858855694532394,0.120983242988586,1.56481671333313,"TUR","Turkiye",9395.23378001368,77.737,1200.39248868231,4.44776010513306,88.6618152857124,35.5688676407669,38.932073631234,9.14795779498808,7.09040385620101,TRUE,TRUE,0.283000000000001
2020,104,"Türkiye","Asia",4.948,4.857,5.038,1.26,0.809,0.59,0.236,0.097,0.104,1.852,"TUR","Turkiye",8798.11791709313,76.525,1282.36257299233,4.03382015228271,88.9303114965222,35.5688676407669,38.932073631234,9.08229310453459,7.15645941574182,TRUE,TRUE,-1.21199999999999
2021,112,"Türkiye","Asia",4.744,4.644,4.845,1.707,0.865,0.702,0.209,0.087,0.115,1.059,"TUR","Turkiye",9981.76398411336,75.722,1387.36998882255,3.53787994384766,89.1762048153239,35.5688676407669,38.932073631234,9.2085151056019,7.23516513948079,TRUE,TRUE,-0.803000000000011
2022,106,"Türkiye","Asia",4.614,4.45,4.777,1.714,1.148,0.467,0.125,0.095,0.096,0.969,"TUR","Turkiye",10897.8397861365,77.591,1413.49171545905,3.09571003913879,89.0381164550781,35.5688676407669,38.932073631234,9.29631986381792,7.25381831610412,TRUE,TRUE,1.869
2023,98,"Türkiye","Asia",4.975,4.866,5.085,1.702,1.175,0.631,0.202,0.068,0.115,1.083,"TUR","Turkiye",13375.0947282864,77.156,1769.22721909599,NA,89.0218446796121,35.5688676407669,38.932073631234,9.50114965422783,7.47829813084982,TRUE,TRUE,-0.434999999999988
2016,153,"Tanzania","Africa",3.349,NA,NA,NA,NA,NA,NA,NA,NA,NA,"TZA","Tanzania",953.0107421875,64.404,93.639033509879,4.10196721791864,31.7577303242916,34.8183220606038,-6.35579444004115,6.85962617556077,4.53944732123112,TRUE,TRUE,NA
2017,153,"Tanzania","Africa",3.303,NA,NA,NA,NA,NA,NA,NA,NA,NA,"TZA","Tanzania",986.674011230469,64.963,97.8238508702979,4.43052005767822,32.2987013317296,34.8183220606038,-6.35579444004115,6.89433970243696,4.58316842123778,TRUE,TRUE,0.558999999999997
2018,153,"Tanzania","Africa",3.231,NA,NA,NA,NA,NA,NA,NA,NA,NA,"TZA","Tanzania",1023.10626220703,65.488,110.040920459283,3.69962000846863,32.8287423010834,34.8183220606038,-6.35579444004115,6.93059863368234,4.70085230079132,TRUE,TRUE,0.525000000000006
2019,148,"Tanzania","Africa",3.47620010375977,3.35230898857117,3.60009121894836,0.457163125276566,0.872674643993378,0.442677855491638,0.509343087673187,0.271540910005569,0.203880861401558,0.718963384628296,"TZA","Tanzania",1063.32250976563,66.007,112.110169779351,3.59683638888648,33.3475258518752,34.8183220606038,-6.35579444004115,6.96915372815518,4.71948204656406,TRUE,TRUE,0.519000000000005
2020,142,"Tanzania","Africa",3.623,3.485,3.762,0.433,0.54,0.3,0.549,0.307,0.231,1.263,"TZA","Tanzania",1117.41528320313,66.771,93.3604415379861,3.23097255920833,33.8547246036273,34.8183220606038,-6.35579444004115,7.01877351439986,4.53646771737999,TRUE,TRUE,0.763999999999996
2021,139,"Tanzania","Africa",3.702,3.558,3.847,0.848,0.597,0.425,0.578,0.248,0.27,0.735,"TZA","Tanzania",1159.85656738281,66.131,113.032276650233,3.11515335288784,34.3500111758619,34.8183220606038,-6.35579444004115,7.05605162764734,4.72767341199955,TRUE,TRUE,-0.640000000000001
2022,129,"Tanzania","Africa",3.694,3.547,3.84,0.836,0.787,0.214,0.607,0.234,0.269,0.747,"TZA","Tanzania",1207.52062988281,66.879,113.073877664293,3.2382450375764,34.8234736377147,34.8183220606038,-6.35579444004115,7.09632447016986,4.72804138972803,TRUE,TRUE,0.748000000000005
2023,131,"Tanzania","Africa",3.781,3.644,3.917,0.82,0.706,0.38,0.709,0.191,0.257,0.717,"TZA","Tanzania",1224.00219726563,66.995,119.031837292019,3.25853222146531,35.4748019434954,34.8183220606038,-6.35579444004115,7.10988125822232,4.77939099759808,TRUE,TRUE,0.116
2016,133,"Uganda","Africa",4.081,NA,NA,NA,NA,NA,NA,NA,NA,NA,"UGA","Uganda",752.696571725656,64.494,111.678899331241,2.13789010047913,25.6953567134098,32.3437176846312,1.28217292184162,6.62366218739434,4.71562778340712,TRUE,TRUE,NA
2017,135,"Uganda","Africa",4.161,NA,NA,NA,NA,NA,NA,NA,NA,NA,"UGA","Uganda",765.218332297361,65.174,90.7056887613826,2.25362992286682,26.4139260579546,32.3437176846312,1.28217292184162,6.64016119480312,4.5076200757869,TRUE,TRUE,0.680000000000007
2018,136,"Uganda","Africa",4.189,NA,NA,NA,NA,NA,NA,NA,NA,NA,"UGA","Uganda",792.16570022814,65.775,97.9594687665194,2.13052010536194,27.1280475018884,32.3437176846312,1.28217292184162,6.67477058739128,4.58455380910601,TRUE,TRUE,0.600999999999999
2019,126,"Uganda","Africa",4.43200016021729,4.29774904251099,4.56625127792358,0.312337428331375,1.05232739448547,0.378311663866043,0.401682555675507,0.264807373285294,0.0638188421726227,1.95867109298706,"UGA","Uganda",822.171150036357,66.354,98.2212867499935,2.30828081242322,27.8369781799403,32.3437176846312,1.28217292184162,6.71194858510619,4.58722296121754,TRUE,TRUE,0.578999999999994
2020,119,"Uganda","Africa",4.636,4.493,4.78,0.364,0.718,0.24,0.398,0.267,0.054,2.596,"UGA","Uganda",845.766463890124,66.41,134.046371383354,2.57222181308255,28.5399752271502,32.3437176846312,1.28217292184162,6.74024327408692,4.89818579518731,TRUE,TRUE,0.0559999999999974
2021,117,"Uganda","Africa",4.603,4.459,4.747,0.777,0.875,0.418,0.402,0.222,0.066,1.842,"UGA","Uganda",882.791717542504,66.45,152.153101945059,2.63593612308533,29.2362957789022,32.3437176846312,1.28217292184162,6.78308929230697,5.02488726354928,TRUE,TRUE,0.0400000000000063
2022,113,"Uganda","Africa",4.432,4.258,4.607,0.785,1.144,0.201,0.425,0.197,0.051,1.628,"UGA","Uganda",963.067314117178,67.675,139.257207719609,2.56105027176925,29.9251969709665,32.3437176846312,1.28217292184162,6.87012330978841,4.93632263847042,TRUE,TRUE,1.22499999999999
2023,117,"Uganda","Africa",4.372,4.243,4.501,0.772,1.151,0.373,0.587,0.178,0.054,1.256,"UGA","Uganda",1002.30913917142,68.252,138.750719234788,NA,30.6059359395495,32.3437176846312,1.28217292184162,6.91006175618881,4.93267893628726,TRUE,TRUE,0.576999999999998
2016,132,"Ukraine","Europe",4.096,NA,NA,NA,NA,NA,NA,NA,NA,NA,"UKR","Ukraine",2158.46118164063,73.389,777.953065501439,5.00976991653442,69.2102241609089,31.2737720844264,48.6575325155638,7.67715083088229,6.65666619523966,TRUE,TRUE,NA
2017,138,"Ukraine","Europe",4.103,NA,NA,NA,NA,NA,NA,NA,NA,NA,"UKR","Ukraine",2604.28759765625,73.993,813.704638495788,5.41706991195679,69.2633108489282,31.2737720844264,48.6575325155638,7.86491444179836,6.70159744818506,TRUE,TRUE,0.603999999999999
2018,133,"Ukraine","Europe",4.332,NA,NA,NA,NA,NA,NA,NA,NA,NA,"UKR","Ukraine",3059.0517578125,73.569,893.6309938762,5.3199200630188,69.3157992777909,31.2737720844264,48.6575325155638,8.02586026385494,6.79529293143753,TRUE,TRUE,-0.423999999999992
2019,123,"Ukraine","Europe",4.56069993972778,4.46331930160522,4.65808057785034,0.780434608459473,1.3213164806366,0.698674380779266,0.319423705339432,0.178551316261292,0.00965115986764431,1.25266933441162,"UKR","Ukraine",3619.86157226563,73.92,953.68413708251,5.44129991531372,69.3527648708735,31.2737720844264,48.6575325155638,8.19419106438303,6.86033252341991,TRUE,TRUE,0.350999999999999
2020,110,"Ukraine","Europe",4.875,4.773,4.977,0.979,0.958,0.517,0.417,0.181,0.01,1.813,"UKR","Ukraine",3709.76928710938,73.283,1110.47020367632,5.38230991363525,69.3839100516745,31.2737720844264,48.6575325155638,8.21872496690483,7.0125388115259,TRUE,TRUE,-0.637
2021,98,"Ukraine","Europe",5.084,4.978,5.19,1.411,1.081,0.583,0.473,0.188,0.017,1.331,"UKR","Ukraine",4775.94580078125,71.631,1382.23434989345,5.14010000228882,69.4027032653896,31.2737720844264,48.6575325155638,8.47134730676291,7.23145656295713,TRUE,TRUE,-1.652
2022,92,"Ukraine","Europe",5.071,4.956,5.187,1.358,1.354,0.355,0.551,0.265,0.016,1.172,"UKR","Ukraine",4199.6708984375,72.658,NA,NA,69.42345912103,31.2737720844264,48.6575325155638,8.34276144368647,NA,TRUE,TRUE,1.027
2023,105,"Ukraine","Europe",4.873,4.758,4.988,1.35,1.315,0.513,0.631,0.285,0.025,0.753,"UKR","Ukraine",5139.59814453125,73.422,NA,NA,69.4754455027606,31.2737720844264,48.6575325155638,8.54473017339503,NA,TRUE,TRUE,0.763999999999996
2016,28,"Uruguay","South America",6.454,NA,NA,NA,NA,NA,NA,NA,NA,NA,"URY","Uruguay",17009.7584207276,77.351,1973.08320128514,4.36420011520386,95.1585424955685,-56.0191952345808,-32.7819504383109,9.74154248309785,7.5873526750702,TRUE,TRUE,NA
2017,31,"Uruguay","South America",6.379,NA,NA,NA,NA,NA,NA,NA,NA,NA,"URY","Uruguay",19184.6626114272,77.618,2057.79634057803,4.41787004470825,95.2288235732042,-56.0191952345808,-32.7819504383109,9.86186641646581,7.62939095162252,TRUE,TRUE,0.266999999999996
2018,33,"Uruguay","South America",6.293,NA,NA,NA,NA,NA,NA,NA,NA,NA,"URY","Uruguay",19249.9404677501,77.527,2170.42529748692,4.60361003875732,95.2942581176758,-56.0191952345808,-32.7819504383109,9.86526324712674,7.68267841695636,TRUE,TRUE,-0.090999999999994
2019,26,"Uruguay","South America",6.44010019302368,6.35107898712158,6.52912139892578,1.07100045681,1.42508113384247,0.856928884983063,0.594267070293427,0.132143691182137,0.193425074219704,2.16727638244629,"URY","Uruguay",18315.7350377437,77.503,2382.5011862554,4.62834978103638,95.3479309082031,-56.0191952345808,-32.7819504383109,9.81551580750854,7.77590613343186,TRUE,TRUE,-0.0240000000000009
2020,31,"Uruguay","South America",6.431,6.341,6.521,1.164,1.042,0.649,0.625,0.128,0.223,2.6,"URY","Uruguay",15757.5341990356,78.381,2337.84584774908,4.55217981338501,95.3997650146484,-56.0191952345808,-32.7819504383109,9.66507389171876,7.75698520647469,TRUE,TRUE,0.878
2021,30,"Uruguay","South America",6.474,6.386,6.562,1.615,1.18,0.672,0.665,0.103,0.265,1.974,"URY","Uruguay",17881.8119616753,75.434,2625.19631052576,4.46211004257202,95.4497146606445,-56.0191952345808,-32.7819504383109,9.79153938373138,7.87291095719166,TRUE,TRUE,-2.947
2022,28,"Uruguay","South America",6.494,6.404,6.583,1.617,1.445,0.435,0.683,0.102,0.254,1.958,"URY","Uruguay",21009.2883798725,76.468,2959.24779793402,4.4795298576355,95.4977416992188,-56.0191952345808,-32.7819504383109,9.95271992272152,7.99269039270397,TRUE,TRUE,1.03400000000001
2023,26,"Uruguay","South America",6.611,6.527,6.696,1.596,1.431,0.592,0.775,0.106,0.22,1.891,"URY","Uruguay",23378.6399733516,78.138,3135.28225718818,4.76461982727051,95.5439605712891,-56.0191952345808,-32.7819504383109,10.0595780628188,8.05047448320499,TRUE,TRUE,1.67
2016,14,"United States","North America",6.993,NA,NA,NA,NA,NA,NA,NA,NA,NA,"USA","United States",57976.628204291,78.5390243902439,9535.60048808215,4.78327989578247,80.4976645324131,-96.3316166082964,38.8208089190304,10.9677952463226,9.16278749330189,TRUE,TRUE,NA
2017,18,"United States","North America",6.886,NA,NA,NA,NA,NA,NA,NA,NA,NA,"USA","United States",60047.7190728307,78.5390243902439,9822.60605528924,5.09296989440918,80.4018678392891,-96.3316166082964,38.8208089190304,11.0028948429871,9.19244174855317,TRUE,TRUE,0
2018,19,"United States","North America",6.892,NA,NA,NA,NA,NA,NA,NA,NA,NA,"USA","United States",62875.6661382728,78.6390243902439,10180.4823229849,4.89502000808716,80.2804567987377,-96.3316166082964,38.8208089190304,11.0489145019904,9.22822766845021,TRUE,TRUE,0.100000000000009
2019,18,"United States","North America",6.93959999084473,6.84686040878296,7.03233957290649,1.37398684024811,1.40478670597076,0.831618010997772,0.534608244895935,0.298143059015274,0.152284741401672,2.34412479400635,"USA","United States",65227.9565911038,78.7878048780488,10550.2206945449,4.95746994018555,80.1304793353594,-96.3316166082964,38.8208089190304,11.0856434380861,9.26390205759962,TRUE,TRUE,0.148780487804899
2020,19,"United States","North America",6.951,6.856,7.047,1.533,1.03,0.621,0.554,0.252,0.154,2.807,"USA","United States",64465.2971415748,76.9804878048781,11648.4953090229,5.39530992507935,79.997451762548,-96.3316166082964,38.8208089190304,11.0738823291816,9.36293229262844,TRUE,TRUE,-1.80731707317071
2021,16,"United States","North America",6.977,6.888,7.065,1.982,1.182,0.628,0.574,0.22,0.177,2.214,"USA","United States",71441.2319805947,76.3292682926829,12080.0736201021,5.42038011550903,80.0074765140272,-96.3316166082964,38.8208089190304,11.1766304603708,9.39931256584955,TRUE,TRUE,-0.651219512195198
2022,15,"United States","North America",6.894,6.802,6.986,1.98,1.46,0.39,0.557,0.21,0.172,2.124,"USA","United States",78008.6895811877,77.4341463414634,12586.1961834783,NA,80.0324978239707,-96.3316166082964,38.8208089190304,11.2645755043537,9.4403559514021,TRUE,TRUE,1.10487804878051
2023,23,"United States","North America",6.725,6.631,6.818,1.939,1.392,0.542,0.586,0.223,0.169,1.873,"USA","United States",82586.7847707894,78.3853658536585,13473.1932166645,NA,80.071561119178,-96.3316166082964,38.8208089190304,11.3216049560408,9.50845730268059,TRUE,TRUE,0.951219512195095
2016,47,"Uzbekistan","Asia",5.971,NA,NA,NA,NA,NA,NA,NA,NA,NA,"UZB","Uzbekistan",3128.42307170099,71.58,326.247841833681,5.38089990615845,50.6572189331055,63.8548297593985,41.4879065244633,8.04828434562067,5.78765734354585,TRUE,TRUE,NA
2017,44,"Uzbekistan","Asia",6.096,NA,NA,NA,NA,NA,NA,NA,NA,NA,"UZB","Uzbekistan",2271.4730109511,71.737,336.869156219709,4.48249006271362,50.6787376403809,63.8548297593985,41.4879065244633,7.72818380353129,5.81969459448411,TRUE,TRUE,0.156999999999996
2018,41,"Uzbekistan","Asia",6.174,NA,NA,NA,NA,NA,NA,NA,NA,NA,"UZB","Uzbekistan",1894.09088741408,71.999,370.070955230189,4.83589298172277,50.5814971923828,63.8548297593985,41.4879065244633,7.54649425961373,5.91369475814499,TRUE,TRUE,0.262
2019,38,"Uzbekistan","Asia",6.25759983062744,6.15131378173828,6.3638858795166,0.696652948856354,1.43402004241943,0.716703712940216,0.693270325660706,0.363311022520065,0.280260264873505,2.07334661483765,"UZB","Uzbekistan",2128.66067138334,72.093,413.124220570838,6.29534678547216,50.5920104980469,63.8548297593985,41.4879065244633,7.66324826815261,6.02374832393752,TRUE,TRUE,0.0940000000000083
2020,42,"Uzbekistan","Asia",6.179,6.045,6.312,0.769,1.027,0.528,0.716,0.391,0.271,2.477,"UZB","Uzbekistan",2087.96374711792,71.461,514.370090079118,4.44021987915039,50.7670402526855,63.8548297593985,41.4879065244633,7.64394458636038,6.24294302597458,TRUE,TRUE,-0.632000000000005
2021,53,"Uzbekistan","Asia",6.063,5.948,6.178,1.219,1.092,0.6,0.716,0.283,0.24,1.913,"UZB","Uzbekistan",2370.36480555669,71.681,640.623662452861,4.13580989837646,50.9269905090332,63.8548297593985,41.4879065244633,7.77079914867895,6.46244217444613,TRUE,TRUE,0.219999999999999
2022,54,"Uzbekistan","Asia",6.014,5.899,6.13,1.227,1.347,0.375,0.74,0.26,0.208,1.856,"UZB","Uzbekistan",2698.60262953369,72.147,681.060697507243,5.23477171022152,50.9847412109375,63.8548297593985,41.4879065244633,7.90048937340283,6.52365143214426,TRUE,TRUE,0.466000000000008
2023,47,"Uzbekistan","Asia",6.195,6.087,6.303,1.212,1.394,0.539,0.835,0.251,0.215,1.749,"UZB","Uzbekistan",3015.97705069457,72.388,748.957358440758,5.47287597270024,50.9964841114568,63.8548297593985,41.4879065244633,8.01167911991275,6.61868205057582,TRUE,TRUE,0.241
2016,82,"Venezuela","South America",5.25,NA,NA,NA,NA,NA,NA,NA,NA,NA,"VEN","Venezuela, RB",3671.23004093383,72.002,NA,NA,88.9914428378712,-66.3649213598513,7.14832476050711,8.2082820459121,NA,TRUE,TRUE,NA
2017,102,"Venezuela","South America",4.806,NA,NA,NA,NA,NA,NA,NA,NA,NA,"VEN","Venezuela, RB",3791.63262049576,71.903,NA,NA,89.0287726100378,-66.3649213598513,7.14832476050711,8.24055197590082,NA,TRUE,TRUE,-0.0989999999999895
2018,108,"Venezuela","South America",4.707,NA,NA,NA,NA,NA,NA,NA,NA,NA,"VEN","Venezuela, RB",3421.51341607593,72.641,NA,NA,89.0659636921159,-66.3649213598513,7.14832476050711,8.1378382514943,NA,TRUE,TRUE,0.738
2019,99,"Venezuela","South America",5.05319976806641,4.92720985412598,5.17918968200684,0.770238637924194,1.34854686260223,0.767025530338287,0.271717220544815,0.0871791541576385,0.0636247768998146,1.74484086036682,"VEN","Venezuela, RB",2523.11527549578,72.766,79.0201669439367,NA,89.1030100517924,-66.3649213598513,7.14832476050711,7.83324963744898,4.36970309766055,TRUE,TRUE,0.125
2020,107,"Venezuela","South America",4.892,4.767,5.017,0.852,0.897,0.574,0.284,0.078,0.072,2.135,"VEN","Venezuela, RB",1506.04169391285,72.369,98.0259274935657,NA,89.1399056567545,-66.3649213598513,7.14832476050711,7.31724009317771,4.58523200993996,TRUE,TRUE,-0.397000000000006
2021,108,"Venezuela","South America",4.925,4.8,5.051,0,0.968,0.578,0.283,0.225,0.082,2.79,"VEN","Venezuela, RB",2004.93572921136,71.536,104.107674918292,NA,89.1766444746891,-66.3649213598513,7.14832476050711,7.60336728397071,4.64542569930377,TRUE,TRUE,-0.832999999999998
2022,88,"Venezuela","South America",5.211,5.085,5.336,0,1.257,0.341,0.369,0.205,0.084,2.955,"VEN","Venezuela, RB",3155.04190923584,72.566,135.854152476188,NA,89.2132204732836,-66.3649213598513,7.14832476050711,8.05675705832159,4.91158190203154,TRUE,TRUE,1.03
2023,79,"Venezuela","South America",5.607,5.489,5.725,0,1.321,0.491,0.518,0.192,0.086,2.998,"VEN","Venezuela, RB",3617.47038396528,72.514,112.410193359547,NA,89.249627620225,-66.3649213598513,7.14832476050711,8.19353027159314,4.72215462159986,TRUE,TRUE,-0.0520000000000067
2016,94,"Viet Nam","Asia",5.074,NA,NA,NA,NA,NA,NA,NA,NA,NA,"VNM","Viet Nam",2735.0604380416,73.984,407.834094831029,3.46906995773315,32.8476189285136,105.913388327587,16.5173471708394,7.91390881261617,6.01086046139153,TRUE,TRUE,NA
2017,95,"Viet Nam","Asia",5.103,NA,NA,NA,NA,NA,NA,NA,NA,NA,"VNM","Viet Nam",2956.10992127753,74.026,457.583170691958,3.41865686539527,33.3625963003742,105.913388327587,16.5173471708394,7.99162946719456,6.12595866205528,TRUE,TRUE,0.0420000000000016
2018,94,"Viet Nam","Asia",5.175,NA,NA,NA,NA,NA,NA,NA,NA,NA,"VNM","Viet Nam",3222.31003125366,74.1,503.180098442379,3.29537010192871,33.9410227821412,105.913388327587,16.5173471708394,8.07785378233981,6.22094815460884,TRUE,TRUE,0.0739999999999981
2019,83,"Viet Nam","Asia",5.35349988937378,5.28725051879883,5.41974925994873,0.718092381954193,1.25307476520538,0.819133996963501,0.650835573673248,0.136488720774651,0.0898484587669373,1.68597793579102,"VNM","Viet Nam",3440.90025375434,74.211,548.604320121117,3.08499832693462,34.6239134999511,105.913388327587,16.5173471708394,8.14348841780231,6.30737745328314,TRUE,TRUE,0.111000000000004
2020,79,"Viet Nam","Asia",5.411,5.334,5.488,0.817,0.873,0.616,0.679,0.124,0.091,2.211,"VNM","Viet Nam",3534.03953482647,75.383,502.938679900366,3.21652900152514,35.5706676299742,105.913388327587,16.5173471708394,8.17019683980815,6.22046825392148,TRUE,TRUE,1.172
2021,77,"Viet Nam","Asia",5.485,5.4,5.57,1.252,0.932,0.611,0.707,0.143,0.105,1.735,"VNM","Viet Nam",3704.1935590038,74.145,546.770068972963,2.94517488804327,36.6540656426603,105.913388327587,16.5173471708394,8.21722085115122,6.30402836482372,TRUE,TRUE,-1.238
2022,65,"Viet Nam","Asia",5.763,5.662,5.865,1.349,1.212,0.381,0.741,0.134,0.122,1.824,"VNM","Viet Nam",4147.69777213621,74.502,633.404038976392,2.88738689372749,37.5478515625,105.913388327587,16.5173471708394,8.33030870558986,6.45110851074413,TRUE,TRUE,0.356999999999999
2023,54,"Viet Nam","Asia",6.043,5.948,6.138,1.331,1.267,0.539,0.843,0.094,0.16,1.81,"VNM","Viet Nam",4322.82572261566,74.588,689.554100300865,NA,38.1298904418945,105.913388327587,16.5173471708394,8.37166456986371,6.53604515724574,TRUE,TRUE,0.0859999999999985
2016,146,"Yemen","Asia",3.593,NA,NA,NA,NA,NA,NA,NA,NA,NA,"YEM","Yemen, Rep.",975.359417003225,67.105,150.424616804221,NA,32.9512008005236,47.4681579320639,16.0013926163074,6.88280603589328,5.01346207368234,FALSE,TRUE,NA
2017,152,"Yemen","Asia",3.355,NA,NA,NA,NA,NA,NA,NA,NA,NA,"YEM","Yemen, Rep.",811.165970405745,67.12,148.990257092829,NA,33.5586912522175,47.4681579320639,16.0013926163074,6.69847268225995,5.0038809151688,FALSE,TRUE,0.0150000000000006
2018,151,"Yemen","Asia",3.38,NA,NA,NA,NA,NA,NA,NA,NA,NA,"YEM","Yemen, Rep.",633.887202451545,65.915,166.310950767992,NA,34.2106045810864,47.4681579320639,16.0013926163074,6.45187102449435,5.1138592335077,FALSE,TRUE,-1.205
2019,146,"Yemen","Asia",3.52740001678467,3.42125010490417,3.63354992866516,0.392701774835587,1.17747712135315,0.415000170469284,0.243721485137939,0.0946890115737915,0.0873521268367767,1.11647272109985,"YEM","Yemen, Rep.",NA,66.567,202.296642359338,NA,34.9067561732024,47.4681579320639,16.0013926163074,NA,5.30973514670199,FALSE,TRUE,0.651999999999987
2020,141,"Yemen","Asia",3.658,3.521,3.794,0.329,0.831,0.272,0.268,0.092,0.089,1.776,"YEM","Yemen, Rep.",NA,66.435,193.443889624838,NA,35.7025604580302,47.4681579320639,16.0013926163074,NA,5.26498749431961,FALSE,TRUE,-0.131999999999991
2021,132,"Yemen","Asia",4.197,4.01,4.384,0.691,1.043,0.384,0.33,0.09,0.098,1.561,"YEM","Yemen, Rep.",NA,66.019,157.92393262954,NA,36.0704951256305,47.4681579320639,16.0013926163074,NA,5.06211347804443,FALSE,TRUE,-0.415999999999997
2023,133,"Yemen","Asia",3.561,3.408,3.714,0.671,1.281,0.293,0.362,0.08,0.113,0.76,"YEM","Yemen, Rep.",NA,69.295,168.809597480794,NA,36.5707979836506,47.4681579320639,16.0013926163074,NA,5.12877143765926,FALSE,TRUE,NA
2016,101,"South Africa","Africa",4.829,NA,NA,NA,NA,NA,NA,NA,NA,NA,"ZAF","South Africa",5651.20585165749,64.749,1092.30655173817,5.4442400932312,63.2750973439347,24.7525274648908,-28.5536193067973,8.63962422644072,6.9960468419439,TRUE,TRUE,NA
2017,105,"South Africa","Africa",4.724,NA,NA,NA,NA,NA,NA,NA,NA,NA,"ZAF","South Africa",6618.33508255701,65.422,1095.93107908959,5.59868001937866,63.3311078299936,24.7525274648908,-28.5536193067973,8.79759911919693,6.99935958148833,TRUE,TRUE,0.673000000000002
2018,106,"South Africa","Africa",4.722,NA,NA,NA,NA,NA,NA,NA,NA,NA,"ZAF","South Africa",6914.1780318076,65.726,1078.72936758807,5.64401006698608,63.3771545246841,24.7525274648908,-28.5536193067973,8.84132936961601,6.98353911599278,TRUE,TRUE,0.304000000000002
2019,109,"South Africa","Africa",4.81409978866577,4.69645357131958,4.93174600601196,0.902140438556671,1.25908625125885,0.407034069299698,0.434781819581985,0.126406848430634,0.0595021396875381,1.62511730194092,"ZAF","South Africa",6533.71121032856,66.071,1101.85879152286,5.91159009933472,63.4127255007908,24.7525274648908,-28.5536193067973,8.78473039319352,7.00475384313843,TRUE,TRUE,0.344999999999999
2020,103,"South Africa","Africa",4.956,4.839,5.074,0.967,0.895,0.265,0.447,0.144,0.051,2.187,"ZAF","South Africa",5580.60383075189,65.15,1143.15247013181,6.17067003250122,63.4373088310982,24.7525274648908,-28.5536193067973,8.62705226291711,7.04154504958953,TRUE,TRUE,-0.920999999999992
2021,91,"South Africa","Africa",5.194,5.073,5.315,1.425,1.088,0.361,0.442,0.089,0.046,1.742,"ZAF","South Africa",6828.75624590017,62.01,1188.0153595737,6.5551700592041,63.4503925883909,24.7525274648908,-28.5536193067973,8.82889783435716,7.0800394287731,TRUE,TRUE,-3.14000000000001
2022,85,"South Africa","Africa",5.275,5.132,5.417,1.417,1.428,0.149,0.464,0.09,0.019,1.708,"ZAF","South Africa",6534.24867783397,65.454,1290.73063381361,6.15599012374878,63.4766699210327,24.7525274648908,-28.5536193067973,8.78481265048698,7.16296371982276,TRUE,TRUE,3.444
2023,83,"South Africa","Africa",5.422,5.295,5.549,1.389,1.369,0.322,0.537,0.078,0.034,1.693,"ZAF","South Africa",6034.27208964673,66.139,1353.75252511898,6.12347984313965,63.5823705163545,24.7525274648908,-28.5536193067973,8.70521051145124,7.21063566359064,TRUE,TRUE,0.685000000000002
2016,116,"Zambia","Africa",4.514,NA,NA,NA,NA,NA,NA,NA,NA,NA,"ZMB","Zambia",1239.08527877713,61.129,148.081336743733,3.74792003631592,42.3442476889162,27.755213634309,-13.1628329531862,7.12212870797495,4.99776169539719,TRUE,TRUE,NA
2017,125,"Zambia","Africa",4.377,NA,NA,NA,NA,NA,NA,NA,NA,NA,"ZMB","Zambia",1483.46577328065,61.564,162.172789641641,3.72964000701904,42.7295979877011,27.755213634309,-13.1628329531862,7.30213636786422,5.08866236954202,TRUE,TRUE,0.435000000000002
2018,138,"Zambia","Africa",4.107,NA,NA,NA,NA,NA,NA,NA,NA,NA,"ZMB","Zambia",1463.89997855593,62.138,164.195587044866,4.73973989486694,43.1114735233156,27.755213634309,-13.1628329531862,7.28885937152878,5.10105832116915,TRUE,TRUE,0.573999999999998
2019,141,"Zambia","Africa",3.75939989089966,3.64047360420227,3.87832617759705,0.536833763122559,0.89603728055954,0.363593339920044,0.491317540407181,0.250620901584625,0.0867052376270294,1.13433933258057,"ZMB","Zambia",1258.98619844462,62.914,227.006291136825,4.4182401844799,43.4897864547552,27.755213634309,-13.1628329531862,7.13806207166863,5.42497773135651,TRUE,TRUE,0.776000000000003
2020,137,"Zambia","Africa",4.073,3.938,4.209,0.528,0.552,0.231,0.487,0.227,0.074,1.975,"ZMB","Zambia",951.644316655957,63.361,199.122922384094,3.94374100561712,43.8644489410157,27.755213634309,-13.1628329531862,6.85819134802113,5.29392233444869,TRUE,TRUE,0.446999999999996
2021,137,"Zambia","Africa",3.76,3.618,3.902,0.93,0.577,0.306,0.525,0.203,0.083,1.135,"ZMB","Zambia",1127.16077872857,62.363,232.58457673966,3.11363465307753,44.2353731410926,27.755213634309,-13.1628329531862,7.02745716467088,5.44925392980208,TRUE,TRUE,-0.997999999999998
2022,128,"Zambia","Africa",3.982,3.797,4.167,0.914,0.89,0.095,0.545,0.189,0.08,1.27,"ZMB","Zambia",1447.12310138035,65.279,200.118124632668,3.65884092023983,44.5988511178469,27.755213634309,-13.1628329531862,7.2773327965308,5.29890781536216,TRUE,TRUE,2.916
2023,134,"Zambia","Africa",3.502,3.368,3.636,0.899,0.809,0.264,0.727,0.168,0.109,0.526,"ZMB","Zambia",1330.72780576709,66.349,243.739440602984,4.07374933049157,45.0285853521585,27.755213634309,-13.1628329531862,7.1934812939255,5.49609978833645,TRUE,TRUE,1.07000000000001
2016,138,"Zimbabwe","Africa",3.875,NA,NA,NA,NA,NA,NA,NA,NA,NA,"ZWE","Zimbabwe",1408.13945253431,59.76,203.009155175829,NA,34.0799460726314,29.7178296407208,-18.9270012198147,7.25002457480667,5.31325107741316,TRUE,TRUE,NA
2017,144,"Zimbabwe","Africa",3.692,NA,NA,NA,NA,NA,NA,NA,NA,NA,"ZWE","Zimbabwe",3445.44941020134,60.263,149.767935707889,NA,34.7014953017273,29.7178296407208,-18.9270012198147,8.14480962782815,5.00908700082785,TRUE,TRUE,0.503
2018,146,"Zimbabwe","Africa",3.663,NA,NA,NA,NA,NA,NA,NA,NA,NA,"ZWE","Zimbabwe",2270.89531874302,60.906,114.424872322475,NA,35.4085538807905,29.7178296407208,-18.9270012198147,7.72792944625805,4.73991847072064,TRUE,TRUE,0.643000000000001
2019,151,"Zimbabwe","Africa",3.2992000579834,3.18419814109802,3.41420197486877,0.425564020872116,1.04783523082733,0.375037610530853,0.377404719591141,0.151349186897278,0.0809285789728165,0.841031074523926,"ZWE","Zimbabwe",2184.52155388801,61.06,89.9650704925146,NA,36.1837638266364,29.7178296407208,-18.9270012198147,7.68915211508029,4.49942148935905,TRUE,TRUE,0.154000000000003
2020,148,"Zimbabwe","Africa",3.145,3.03,3.259,0.457,0.649,0.243,0.359,0.157,0.075,1.205,"ZWE","Zimbabwe",2059.63704025274,61.53,103.779159493916,NA,37.0097671560802,29.7178296407208,-18.9270012198147,7.63028505220756,4.64226517498519,TRUE,TRUE,0.469999999999999
2021,144,"Zimbabwe","Africa",2.995,2.88,3.11,0.947,0.69,0.27,0.329,0.106,0.105,0.548,"ZWE","Zimbabwe",2613.6167414057,60.135,85.0525465421407,NA,37.8692058859373,29.7178296407208,-18.9270012198147,7.86849026576286,4.44326926010016,TRUE,TRUE,-1.395
2022,134,"Zimbabwe","Africa",3.204,3.084,3.323,0.758,0.881,0.069,0.363,0.112,0.117,0.905,"ZWE","Zimbabwe",2536.40197087505,62.36,118.954283983356,NA,38.7055207169041,29.7178296407208,-18.9270012198147,7.83850180886195,4.77873925109293,TRUE,TRUE,2.225
2023,138,"Zimbabwe","Africa",3.341,3.226,3.457,0.748,0.85,0.232,0.487,0.096,0.131,0.797,"ZWE","Zimbabwe",2195.22502010174,62.775,103.108567490014,0.384771297211919,39.2919370795795,29.7178296407208,-18.9270012198147,7.69403983510771,4.63578248640661,TRUE,TRUE,0.414999999999999
